"acceptance_id","priority","layer","module","title","requirement_ids","suggested_automation","story_ids","operation_ids","test_files","evidence_refs","execution_class","candidate_status","external_candidate_ref","external_executed_at","external_evidence_refs"
"AT-ACC-001","P0_BLOCKER","E2E","ACCOUNT","Discord 身份识别已开通内部账户","SPEC-6.1; SPEC-10.2; SPEC-17.1; M9-SPEC-§3","E2E_DISCORD","M1-US-02;M23-US-02","getCurrentBalance;getCurrentUser","tests/m1-us-02-account.spec.ts","evidence/P0/M1-US-02/summary.md;evidence/P0/M23-US-02/summary.md","EXTERNAL_E2E","PENDING_EXTERNAL","","",""
"AT-ACC-002","P0_HIGH","API","ACCOUNT","未开通 Discord 身份被拒绝","SPEC-6.1; SPEC-12; SPEC-17.1","API_AUTO","M1-US-02;M23-US-02","getCurrentBalance;getCurrentUser","tests/m1-us-02-account.spec.ts","evidence/P0/M1-US-02/summary.md;evidence/P0/M23-US-02/summary.md","AUTOMATED","COVERED_BY_REGRESSION","","",""
"AT-ACC-003","P0_BLOCKER","API","ACCOUNT","Discord 身份在 Guild 内唯一","SPEC-9; SPEC-10.2","API_DB_INTEGRATION","M1-US-02;M23-US-02","getCurrentBalance;getCurrentUser","tests/m1-us-02-account.spec.ts","evidence/P0/M1-US-02/summary.md;evidence/P0/M23-US-02/summary.md","AUTOMATED","COVERED_BY_REGRESSION","","",""
"AT-ACC-004","P0_HIGH","E2E","ACCOUNT","M3 前个人服务中心保持私密稳定空状态","SPEC-3.1; SPEC-6.1; SPEC-10.2; SPEC-17.1","E2E_DISCORD_API","M1-US-06;M23-US-02","getCurrentBalance;getCurrentUser;listCurrentUserCommissions;listCurrentUserConsumptions","tests/m1-us-06-api.spec.ts;tests/m1-us-06-bot.spec.ts","evidence/P0/M1-US-06/summary.md;evidence/P0/M23-US-02/summary.md","EXTERNAL_E2E","PENDING_EXTERNAL","","",""
"AT-CAT-001","P0_BLOCKER","API","CATALOG","仅上架且双价格完整的服务可下单","SPEC-6.2; SPEC-9; SPEC-10.2; SPEC-17.2","API_AUTO","M1-US-01;M23-US-03;M9-US-01","createServiceCatalogVersion;estimateService;listServices;updateServiceCatalogVersion","tests/m1-us-01-api.spec.ts;tests/m1-us-01-db.spec.ts;tests/m1-us-01.spec.ts;tests/m9-us-01-contract.spec.ts","evidence/P0/M1-US-01/summary.md;evidence/P0/M23-US-03/summary.md;evidence/P0/M9-US-01/summary.md","AUTOMATED","COVERED_BY_REGRESSION","","",""
"AT-CAT-002","P0_BLOCKER","API","CATALOG","订单保存服务版本和双价格快照","SPEC-3.10; SPEC-6.2; SPEC-9; SPEC-17.2","API_DB_INTEGRATION","M1-US-01;M23-US-03;M23-US-04","createServiceCatalogVersion;estimateService;listServices;updateServiceCatalogVersion","tests/m1-us-01-api.spec.ts;tests/m1-us-01-db.spec.ts;tests/m1-us-01.spec.ts","evidence/P0/M1-US-01/summary.md;evidence/P0/M23-US-03/summary.md;evidence/P0/M23-US-04/summary.md","AUTOMATED","COVERED_BY_REGRESSION","","",""
"AT-CAT-003","P0_HIGH","API","ORDER","拒绝预约字段","SPEC-2.3; SPEC-6.2; SPEC-17.2","API_AUTO","M23-US-04;M4-US-03","createGiftCatalogItem;createServiceCatalogVersion;createUserRiskFlag;getAdminGiftCatalogItem;getAdminGiftRequest;getAdminOrder;getAdminPlayer;getAdminServiceCatalogVersion;getAdminServicePackageVersion;getAdminUser;listAdminGiftCatalogItems;listAdminGiftRequests;listAdminOrders;listAdminPlayers;listAdminUserConsumptions;listAdminUsers;listCommissions;listPlayerEarnings;listServiceCatalogVersions;setUserOperationalStatus;updateGiftCatalogItem;updatePlayerEarning;updateServiceCatalogVersion","tests/m4-us-03-admin-detail-contract.spec.ts;tests/m4-us-03-api.spec.ts;tests/m4-us-03-dashboard.spec.ts;tests/m4-us-03-db.spec.ts;tests/m4-us-03-list-pagination.spec.ts;tests/m4-us-03-player-earnings-actions.spec.ts","evidence/P0/M23-US-04/summary.md;evidence/P0/M4-US-03/summary.md","AUTOMATED","COVERED_BY_REGRESSION","","",""
"AT-CHN-001","P0_BLOCKER","E2E","DISCORD_CHANNEL","创建私密订单频道并应用最小权限","SPEC-5.5; SPEC-6.2; SPEC-7; SPEC-17.1","E2E_DISCORD","M0-US-01;M1-US-04;M17-US-02;M23-US-04","createOrder;getHealth;getOrder;getReadiness;updateOrder","tests/m0-us-01.spec.ts;tests/m1-us-04-bot.spec.ts;tests/m17-us-02-private-channel-adapter.spec.ts","evidence/P0/M0-US-01/summary.md;evidence/P0/M1-US-04/summary.md;evidence/P0/M23-US-04/summary.md","EXTERNAL_E2E","PENDING_EXTERNAL","","",""
"AT-CHN-002","P0_HIGH","E2E","DISCORD_CHANNEL","客户终选后只授权正式陪玩","SPEC-6.3; SPEC-11.1; SPEC-17.2","E2E_DISCORD","M0-US-01","getHealth;getReadiness","tests/m0-us-01.spec.ts","evidence/P0/M0-US-01/summary.md","EXTERNAL_E2E","PENDING_EXTERNAL","","",""
"AT-CHN-003","P0_HIGH","E2E","RECOVERY","创建频道失败不会产生可提交订单","SPEC-12; SPEC-17.1","E2E_DISCORD_FAULT","M0-US-05;M20-US-09;M23-US-04;M4-US-06","getPolicySettings;listAuditLogs;listFailedJobs;retryJob;updatePolicySetting","tests/m0-us-05.spec.ts;tests/m20-us-09-discord-side-effects.spec.ts;tests/m4-us-06-api.spec.ts;tests/m4-us-06-dashboard.spec.ts;tests/m4-us-06-db.spec.ts","evidence/P0/M0-US-05/summary.md;evidence/P0/M20-US-09/summary.md;evidence/P0/M23-US-04/summary.md;evidence/P0/M4-US-06/summary.md","EXTERNAL_E2E","PENDING_EXTERNAL","","",""
"AT-ORD-001","P0_BLOCKER","E2E","ORDER","即时订单四阶段内提交成功","PL-01; PL-02; SPEC-3.2; SPEC-6.2; SPEC-17.2","E2E_DISCORD","M1-US-03;M23-US-04","createOrder;estimateOrder;getOrder;updateOrder","tests/m1-us-03-api.spec.ts;tests/m1-us-03-db.spec.ts","evidence/P0/M1-US-03/summary.md;evidence/P0/M23-US-04/summary.md","EXTERNAL_E2E","PENDING_EXTERNAL","","",""
"AT-ORD-002","P0_BLOCKER","API","ORDER","余额不足保持草稿且不派单","PL-02; SPEC-6.2; SPEC-12; SPEC-17.2","API_AUTO","M1-US-03;M1-US-07;M23-US-04","createOrder;estimateOrder;getCurrentBalance;getOrder;updateOrder","tests/m1-us-03-api.spec.ts;tests/m1-us-03-db.spec.ts;tests/m1-us-07-bot.spec.ts","evidence/P0/M1-US-03/summary.md;evidence/P0/M1-US-07/summary.md;evidence/P0/M23-US-04/summary.md","AUTOMATED","COVERED_BY_REGRESSION","","",""
"AT-ORD-003","P0_BLOCKER","API","ORDER","重复提交只创建一次资金预留","PL-02; SPEC-10; SPEC-11.3; SPEC-17.2","API_CONCURRENCY","M1-US-04;M23-US-04","createOrder;getOrder;updateOrder","tests/m1-us-04-bot.spec.ts","evidence/P0/M1-US-04/summary.md;evidence/P0/M23-US-04/summary.md","AUTOMATED","COVERED_BY_REGRESSION","","",""
"AT-ORD-004","P0_HIGH","E2E","ORDER","已有活跃订单时进入现有频道","SPEC-6.2; SPEC-9; SPEC-18","E2E_DISCORD","M1-US-05;M23-US-04","submitOrder","tests/m1-us-05-api.spec.ts;tests/m1-us-05-db.spec.ts","evidence/P0/M1-US-05/summary.md;evidence/P0/M23-US-04/summary.md","EXTERNAL_E2E","PENDING_EXTERNAL","","",""
"AT-DSP-001","P0_BLOCKER","Unit","SELECTION","报名资格只依赖有效审批、Guild 与需求标签","SPEC-M11; SPEC-17.2; SPEC-18","UNIT_AUTO","M2-US-01;M23-US-04","approvePlayer;setPlayerOperationalStatus;syncDiscordPresence;updatePlayerOperationalTags","tests/m2-us-01-api.spec.ts;tests/m2-us-01-bot.spec.ts;tests/m2-us-01-db.spec.ts","evidence/P0/M2-US-01/summary.md;evidence/P0/M23-US-04/summary.md","AUTOMATED","COVERED_BY_REGRESSION","","",""
"AT-DSP-002","P0_HIGH","E2E","SELECTION","客户手动终止后保留原预留且不自动续轮","SPEC-M11; SPEC-6.5; SPEC-18","E2E_MANUAL_CONTROLLED","M2-US-02;M23-US-04","applyToOrderSelectionPool;createOrderSelectionPool;getOrder;withdrawOrderSelectionApplication","tests/m2-us-02-api.spec.ts;tests/m2-us-02-bot.spec.ts;tests/m2-us-02-db.spec.ts","evidence/P0/M2-US-02/summary.md;evidence/P0/M23-US-04/summary.md","EXTERNAL_E2E","PENDING_EXTERNAL","","",""
"AT-DSP-003","P0_BLOCKER","API","SELECTION","并发报名可同时进入候选池","SPEC-M11; SPEC-11.3; SPEC-17.2","API_DB_CONCURRENCY","M2-US-02;M23-US-04","applyToOrderSelectionPool;createOrderSelectionPool;getOrder;withdrawOrderSelectionApplication","tests/m2-us-02-api.spec.ts;tests/m2-us-02-bot.spec.ts;tests/m2-us-02-db.spec.ts","evidence/P0/M2-US-02/summary.md;evidence/P0/M23-US-04/summary.md","AUTOMATED","COVERED_BY_REGRESSION","","",""
"AT-DSP-004","P0_HIGH","API","SELECTION","有活跃订单陪玩可报名但终选时原子校验","SPEC-M11; SPEC-9; SPEC-18","API_AUTO","M2-US-01;M23-US-04","approvePlayer;setPlayerOperationalStatus;syncDiscordPresence;updatePlayerOperationalTags","tests/m2-us-01-api.spec.ts;tests/m2-us-01-bot.spec.ts;tests/m2-us-01-db.spec.ts","evidence/P0/M2-US-01/summary.md;evidence/P0/M23-US-04/summary.md","AUTOMATED","COVERED_BY_REGRESSION","","",""
"AT-SVC-001","P0_BLOCKER","API","SERVICE","只有当前订单有效陪玩可提交本人就绪","M10-US-04;M19-US-03;READY-02","API_AUTO","M2-US-04;M23-US-04","confirmOrder;requestOrderCompletion;setOrderReadiness","tests/m2-us-04-api.spec.ts;tests/m2-us-04-bot.spec.ts","evidence/P0/M2-US-04/summary.md;evidence/P0/M23-US-04/summary.md","AUTOMATED","COVERED_BY_REGRESSION","","",""
"AT-SVC-002","P0_BLOCKER","E2E","SERVICE","完成确认原子生成消费收益和返佣","SPEC-6.4; SPEC-6.7; SPEC-17.3","E2E_DISCORD_DB","M2-US-04;M23-US-04","confirmOrder;requestOrderCompletion;setOrderReadiness","tests/m2-us-04-api.spec.ts;tests/m2-us-04-bot.spec.ts","evidence/P0/M2-US-04/summary.md;evidence/P0/M23-US-04/summary.md","EXTERNAL_E2E","PENDING_EXTERNAL","","",""
"AT-SVC-003","P0_HIGH","API","SERVICE","完成确认重复事件不重复结算","SPEC-11.3; SPEC-17.3","API_DB_INTEGRATION","M2-US-04;M23-US-04","confirmOrder;requestOrderCompletion;setOrderReadiness","tests/m2-us-04-api.spec.ts;tests/m2-us-04-bot.spec.ts","evidence/P0/M2-US-04/summary.md;evidence/P0/M23-US-04/summary.md","AUTOMATED","COVERED_BY_REGRESSION","","",""
"AT-SVC-004","P0_HIGH","E2E","SERVICE","三十分钟未确认只创建客服任务","SPEC-6.4; SPEC-12; SPEC-17.2","E2E_TIME_CONTROLLED","M2-US-04;M23-US-04","confirmOrder;requestOrderCompletion;setOrderReadiness","tests/m2-us-04-api.spec.ts;tests/m2-us-04-bot.spec.ts","evidence/P0/M2-US-04/summary.md;evidence/P0/M23-US-04/summary.md","EXTERNAL_E2E","PENDING_EXTERNAL","","",""
"AT-CAN-001","P0_HIGH","API","CANCELLATION","草稿取消无资金动作","SPEC-6.5; SPEC-8.1","API_AUTO","M2-US-05;M23-US-05","cancelOrder;createOrderStaffTask","tests/m2-us-05-api.spec.ts;tests/m2-us-05-bot.spec.ts;tests/m2-us-05-db.spec.ts","evidence/P0/M2-US-05/summary.md;evidence/P0/M23-US-05/summary.md","AUTOMATED","COVERED_BY_REGRESSION","","",""
"AT-CAN-002","P0_BLOCKER","API","CANCELLATION","待派单取消释放预留后结束","PL-02; PL-06; SPEC-6.5; SPEC-17.2","API_DB_TRANSACTION","M2-US-10;M23-US-05","cancelOrder;previewOrderCancellation","tests/m2-us-10-api.spec.ts;tests/m2-us-10-bot.spec.ts;tests/m2-us-10-db.spec.ts","evidence/P0/M2-US-10/summary.md;evidence/P0/M23-US-05/summary.md","AUTOMATED","COVERED_BY_REGRESSION","","",""
"AT-CAN-003","P0_BLOCKER","API","CANCELLATION","内部预留释放事务失败时不得提前取消","SPEC-6.5; SPEC-12; SPEC-17.2; M7-SPEC-§8","API_DB_FAULT_INJECTION","M2-US-10;M23-US-05","cancelOrder;previewOrderCancellation","tests/m2-us-10-api.spec.ts;tests/m2-us-10-bot.spec.ts;tests/m2-us-10-db.spec.ts","evidence/P0/M2-US-10/summary.md;evidence/P0/M23-US-05/summary.md","AUTOMATED","COVERED_BY_REGRESSION","","",""
"AT-CAN-004","P0_BLOCKER","E2E","CANCELLATION","已接单取消默认转客服","SPEC-3.4; SPEC-6.5; SPEC-6.8","E2E_DISCORD","M2-US-05;M23-US-05","cancelOrder;createOrderStaffTask","tests/m2-us-05-api.spec.ts;tests/m2-us-05-bot.spec.ts;tests/m2-us-05-db.spec.ts","evidence/P0/M2-US-05/summary.md;evidence/P0/M23-US-05/summary.md","EXTERNAL_E2E","PENDING_EXTERNAL","","",""
"AT-CAN-005","P0_HIGH","API","NO_SHOW","有效陪玩十分钟未就绪只创建爽约核对","M10-US-04;M19-US-03;READY-02","API_TIME_CONTROLLED","M2-US-09","createOrderStaffTask;listCurrentUserStaffTasks;setOrderReadiness","tests/m2-us-09-api.spec.ts","evidence/P0/M2-US-09/summary.md","AUTOMATED","COVERED_BY_REGRESSION","","",""
"AT-CAN-006","P0_HIGH","API","NO_SHOW","用户十五分钟未出现只创建核对任务","SPEC-6.5; SPEC-12; SPEC-18","API_AUTO","M2-US-06","reassignOrder;refundOrder;resolveOrder","tests/m2-us-06-api.spec.ts;tests/m2-us-06-db.spec.ts","evidence/P0/M2-US-06/summary.md","AUTOMATED","COVERED_BY_REGRESSION","","",""
"AT-CAN-007","P0_BLOCKER","API","INTERRUPTION","服务中断结案保持原子一致","SPEC-6.5; SPEC-10.4; SPEC-17.2","API_DB_TRANSACTION","M2-US-06;M23-US-05","reassignOrder;refundOrder;resolveOrder","tests/m2-us-06-api.spec.ts;tests/m2-us-06-db.spec.ts","evidence/P0/M2-US-06/summary.md;evidence/P0/M23-US-05/summary.md","AUTOMATED","COVERED_BY_REGRESSION","","",""
"AT-CAN-008","P0_BLOCKER","API","CANCELLATION","待确认阶段取消或争议不得自动结案","SPEC-6.4; SPEC-6.5; SPEC-8.1","API_AUTO","M2-US-10;M23-US-05","cancelOrder;previewOrderCancellation","tests/m2-us-10-api.spec.ts;tests/m2-us-10-bot.spec.ts;tests/m2-us-10-db.spec.ts","evidence/P0/M2-US-10/summary.md;evidence/P0/M23-US-05/summary.md","AUTOMATED","COVERED_BY_REGRESSION","","",""
"AT-CAN-009","P0_BLOCKER","API","CANCELLATION","已完成订单不能倒退为取消","SPEC-6.5; SPEC-8.1; SPEC-17.3","API_AUTO","M2-US-06;M23-US-05","reassignOrder;refundOrder;resolveOrder","tests/m2-us-06-api.spec.ts;tests/m2-us-06-db.spec.ts","evidence/P0/M2-US-06/summary.md;evidence/P0/M23-US-05/summary.md","AUTOMATED","COVERED_BY_REGRESSION","","",""
"AT-SUP-001","P0_HIGH","API","SUPPORT_TASK","客服任务并发认领只有一人成功","SPEC-6.8; SPEC-11.3; SPEC-12","API_DB_CONCURRENCY","M2-US-05;M23-US-05;M4-US-02","approveApprovalRequest;cancelOrder;claimStaffTask;createOrderStaffTask;getAdminOrder;getApprovalRequest;getDashboardSummary;listApprovalRequests;listStaffTasks;rejectApprovalRequest;verifyStaffTask","tests/m2-us-05-api.spec.ts;tests/m2-us-05-bot.spec.ts;tests/m2-us-05-db.spec.ts;tests/m4-us-02-api.spec.ts;tests/m4-us-02-dashboard.spec.ts","evidence/P0/M2-US-05/summary.md;evidence/P0/M23-US-05/summary.md;evidence/P0/M4-US-02/summary.md","AUTOMATED","COVERED_BY_REGRESSION","","",""
"AT-SUP-002","P0_HIGH","UAT","SUPPORT_TASK","客服可以接管自动流程但受权限限制","SPEC-3.7; SPEC-5.6; SPEC-6.8","UAT_MANUAL","M2-US-11;M23-US-05","createOrderStaffTask;getStaffTask;pauseOrderAutomation;reassignOrder;resolveStaffTask;resumeOrderAutomation","tests/m2-us-11-api.spec.ts;tests/m2-us-11-bot.spec.ts;tests/m2-us-11-dashboard.spec.ts;tests/m2-us-11-db.spec.ts;tests/m2-us-11-worker.spec.ts","evidence/P0/M2-US-11/summary.md;evidence/P0/M23-US-05/summary.md","EXTERNAL_E2E","PENDING_EXTERNAL","","",""
"AT-SUP-003","P0_BLOCKER","API","SUPPORT_TASK","非法结案金额不产生部分写入","SPEC-12; SPEC-17.2","API_DB_TRANSACTION","M2-US-06;M23-US-05","reassignOrder;refundOrder;resolveOrder","tests/m2-us-06-api.spec.ts;tests/m2-us-06-db.spec.ts","evidence/P0/M2-US-06/summary.md;evidence/P0/M23-US-05/summary.md","AUTOMATED","COVERED_BY_REGRESSION","","",""
"AT-SUP-004","P0_HIGH","UAT","SUPPORT_TASK","草稿下单默认自动但可主动请求客服","SPEC-3.7; SPEC-6.2; SPEC-6.8","UAT_MANUAL","M2-US-05","cancelOrder;createOrderStaffTask","tests/m2-us-05-api.spec.ts;tests/m2-us-05-bot.spec.ts;tests/m2-us-05-db.spec.ts","evidence/P0/M2-US-05/summary.md","EXTERNAL_E2E","PENDING_EXTERNAL","","",""
"AT-GFT-001","P0_BLOCKER","E2E","GIFT","所有礼物先预留再人工核对且接收人受订单约束","BASELINE-FUNDS; BASELINE-GIFT; SPEC-6.6; SPEC-17.3; M10-US-05","E2E_DISCORD_API","M22-US-06;M3-US-01","createOrderGiftRequest;getCurrentBalance;listGifts","tests/m22-us-06-gift-assist-boundaries.spec.ts;tests/m22-us-06-gift-automation-gate.spec.ts;tests/m22-us-06-gift-bot-adapter.spec.ts;tests/m22-us-06-gift-entry-postgres.spec.ts;tests/m22-us-06-gift-fixture-contract.spec.ts;tests/m22-us-06-gift-lifecycle-postgres.spec.ts;tests/m22-us-06-gift-privacy-worker.spec.ts;tests/m3-us-01-api.spec.ts;tests/m3-us-01-bot.spec.ts;tests/m3-us-01-db.spec.ts","evidence/P0/M22-US-06/summary.md;evidence/P0/M3-US-01/summary.md","EXTERNAL_E2E","PENDING_EXTERNAL","","",""
"AT-GFT-002","P0_BLOCKER","API","GIFT_RBAC","L1 核对后仍不能批准或拒绝","SPEC-5.2; SPEC-5.3; SPEC-6.6","API_RBAC","M22-US-06;M3-US-02","approveGiftRequest;claimStaffTask;rejectGiftRequest;verifyStaffTask","tests/m22-us-06-gift-assist-boundaries.spec.ts;tests/m22-us-06-gift-automation-gate.spec.ts;tests/m22-us-06-gift-bot-adapter.spec.ts;tests/m22-us-06-gift-entry-postgres.spec.ts;tests/m22-us-06-gift-fixture-contract.spec.ts;tests/m22-us-06-gift-lifecycle-postgres.spec.ts;tests/m22-us-06-gift-privacy-worker.spec.ts;tests/m3-us-02-api.spec.ts;tests/m3-us-02-dashboard.spec.ts;tests/m3-us-02-db.spec.ts","evidence/P0/M22-US-06/summary.md;evidence/P0/M3-US-02/summary.md","AUTOMATED","COVERED_BY_REGRESSION","","",""
"AT-GFT-003","P0_BLOCKER","API","GIFT_RBAC","L2 可批准 199900 CAT subunits 礼物","BASELINE-FUNDS; SPEC-5.3; SPEC-6.6; SPEC-14.2","API_BOUNDARY","M22-US-06;M3-US-01","createOrderGiftRequest;getCurrentBalance;listGifts","tests/m22-us-06-gift-assist-boundaries.spec.ts;tests/m22-us-06-gift-automation-gate.spec.ts;tests/m22-us-06-gift-bot-adapter.spec.ts;tests/m22-us-06-gift-entry-postgres.spec.ts;tests/m22-us-06-gift-fixture-contract.spec.ts;tests/m22-us-06-gift-lifecycle-postgres.spec.ts;tests/m22-us-06-gift-privacy-worker.spec.ts;tests/m3-us-01-api.spec.ts;tests/m3-us-01-bot.spec.ts;tests/m3-us-01-db.spec.ts","evidence/P0/M22-US-06/summary.md;evidence/P0/M3-US-01/summary.md","AUTOMATED","COVERED_BY_REGRESSION","","",""
"AT-GFT-004","P0_BLOCKER","API","GIFT_RBAC","L2 可批准 200000 CAT subunits 礼物","BASELINE-FUNDS; SPEC-5.3; SPEC-5.4; SPEC-18","API_BOUNDARY","M22-US-06;M3-US-02","approveGiftRequest;claimStaffTask;rejectGiftRequest;verifyStaffTask","tests/m22-us-06-gift-assist-boundaries.spec.ts;tests/m22-us-06-gift-automation-gate.spec.ts;tests/m22-us-06-gift-bot-adapter.spec.ts;tests/m22-us-06-gift-entry-postgres.spec.ts;tests/m22-us-06-gift-fixture-contract.spec.ts;tests/m22-us-06-gift-lifecycle-postgres.spec.ts;tests/m22-us-06-gift-privacy-worker.spec.ts;tests/m3-us-02-api.spec.ts;tests/m3-us-02-dashboard.spec.ts;tests/m3-us-02-db.spec.ts","evidence/P0/M22-US-06/summary.md;evidence/P0/M3-US-02/summary.md","AUTOMATED","COVERED_BY_REGRESSION","","",""
"AT-GFT-005","P0_BLOCKER","API","GIFT_RBAC","200100 CAT subunits 礼物升级 L3","SPEC-5.3; SPEC-5.4; SPEC-10.6","API_BOUNDARY","M22-US-06;M3-US-02;M4-US-04","approveGiftRequest;beginStepUp;claimStaffTask;completeStepUp;enrollMfa;getCurrentStaffCapabilities;rejectGiftRequest;verifyMfaEnrollment;verifyStaffTask","tests/m22-us-06-gift-assist-boundaries.spec.ts;tests/m22-us-06-gift-automation-gate.spec.ts;tests/m22-us-06-gift-bot-adapter.spec.ts;tests/m22-us-06-gift-entry-postgres.spec.ts;tests/m22-us-06-gift-fixture-contract.spec.ts;tests/m22-us-06-gift-lifecycle-postgres.spec.ts;tests/m22-us-06-gift-privacy-worker.spec.ts;tests/m3-us-02-api.spec.ts;tests/m3-us-02-dashboard.spec.ts;tests/m3-us-02-db.spec.ts;tests/m4-us-04-api.spec.ts;tests/m4-us-04-db.spec.ts","evidence/P0/M22-US-06/summary.md;evidence/P0/M3-US-02/summary.md;evidence/P0/M4-US-04/summary.md","AUTOMATED","COVERED_BY_REGRESSION","","",""
"AT-GFT-006","P0_BLOCKER","API","GIFT_RBAC","500000 CAT subunits 礼物仅 L4 可直接执行","SPEC-5.4; SPEC-10.5; SPEC-17.4","API_APPROVAL_FLOW","M22-US-06;M3-US-03","approveGiftRequest;retryJob","tests/m22-us-06-gift-assist-boundaries.spec.ts;tests/m22-us-06-gift-automation-gate.spec.ts;tests/m22-us-06-gift-bot-adapter.spec.ts;tests/m22-us-06-gift-entry-postgres.spec.ts;tests/m22-us-06-gift-fixture-contract.spec.ts;tests/m22-us-06-gift-lifecycle-postgres.spec.ts;tests/m22-us-06-gift-privacy-worker.spec.ts;tests/m3-us-03-api.spec.ts;tests/m3-us-03-worker.spec.ts","evidence/P0/M22-US-06/summary.md;evidence/P0/M3-US-03/summary.md","AUTOMATED","COVERED_BY_REGRESSION","","",""
"AT-GFT-007","P0_BLOCKER","API","APPROVAL","同一 L4 可发起并执行高额礼物","SPEC-5.4; SPEC-9; SPEC-17.4","API_RBAC","M22-US-06;M3-US-03","approveGiftRequest;retryJob","tests/m22-us-06-gift-assist-boundaries.spec.ts;tests/m22-us-06-gift-automation-gate.spec.ts;tests/m22-us-06-gift-bot-adapter.spec.ts;tests/m22-us-06-gift-entry-postgres.spec.ts;tests/m22-us-06-gift-fixture-contract.spec.ts;tests/m22-us-06-gift-lifecycle-postgres.spec.ts;tests/m22-us-06-gift-privacy-worker.spec.ts;tests/m3-us-03-api.spec.ts;tests/m3-us-03-worker.spec.ts","evidence/P0/M22-US-06/summary.md;evidence/P0/M3-US-03/summary.md","AUTOMATED","COVERED_BY_REGRESSION","","",""
"AT-GFT-008","P0_HIGH","API","GIFT","审批期间余额下降会阻止扣款","SPEC-6.6; SPEC-12; SPEC-17.3; M7-SPEC-§8","API_WALLET_INTEGRATION","M22-US-06;M3-US-03","approveGiftRequest;retryJob","tests/m22-us-06-gift-assist-boundaries.spec.ts;tests/m22-us-06-gift-automation-gate.spec.ts;tests/m22-us-06-gift-bot-adapter.spec.ts;tests/m22-us-06-gift-entry-postgres.spec.ts;tests/m22-us-06-gift-fixture-contract.spec.ts;tests/m22-us-06-gift-lifecycle-postgres.spec.ts;tests/m22-us-06-gift-privacy-worker.spec.ts;tests/m3-us-03-api.spec.ts;tests/m3-us-03-worker.spec.ts","evidence/P0/M22-US-06/summary.md;evidence/P0/M3-US-03/summary.md","AUTOMATED","COVERED_BY_REGRESSION","","",""
"AT-GFT-009","P0_BLOCKER","API","IDEMPOTENCY","礼物重复批准最多扣款一次","SPEC-11.3; SPEC-17.3","API_DB_CONCURRENCY","M22-US-06;M3-US-03","approveGiftRequest;retryJob","tests/m22-us-06-gift-assist-boundaries.spec.ts;tests/m22-us-06-gift-automation-gate.spec.ts;tests/m22-us-06-gift-bot-adapter.spec.ts;tests/m22-us-06-gift-entry-postgres.spec.ts;tests/m22-us-06-gift-fixture-contract.spec.ts;tests/m22-us-06-gift-lifecycle-postgres.spec.ts;tests/m22-us-06-gift-privacy-worker.spec.ts;tests/m3-us-03-api.spec.ts;tests/m3-us-03-worker.spec.ts","evidence/P0/M22-US-06/summary.md;evidence/P0/M3-US-03/summary.md","AUTOMATED","COVERED_BY_REGRESSION","","",""
"AT-GFT-010","P0_BLOCKER","E2E","GIFT","播报失败只重试播报不重复扣款","SPEC-6.6; SPEC-11.3; SPEC-12; SPEC-17.3","E2E_DISCORD_FAULT","M22-US-06;M3-US-03","approveGiftRequest;retryJob","tests/m22-us-06-gift-assist-boundaries.spec.ts;tests/m22-us-06-gift-automation-gate.spec.ts;tests/m22-us-06-gift-bot-adapter.spec.ts;tests/m22-us-06-gift-entry-postgres.spec.ts;tests/m22-us-06-gift-fixture-contract.spec.ts;tests/m22-us-06-gift-lifecycle-postgres.spec.ts;tests/m22-us-06-gift-privacy-worker.spec.ts;tests/m3-us-03-api.spec.ts;tests/m3-us-03-worker.spec.ts","evidence/P0/M22-US-06/summary.md;evidence/P0/M3-US-03/summary.md","EXTERNAL_E2E","PENDING_EXTERNAL","","",""
"AT-HIS-001","P0_HIGH","API","CONSUMPTION","消费历史合并订单和礼物并分页","SPEC-10.2; SPEC-17.3","API_AUTO","M23-US-06;M3-US-05","listCurrentUserCommissions;listCurrentUserConsumptions;updateCommission","tests/m3-us-05-api.spec.ts;tests/m3-us-05-commissions-api.spec.ts;tests/m3-us-05-db.spec.ts","evidence/P0/M23-US-06/summary.md;evidence/P0/M3-US-05/summary.md","AUTOMATED","COVERED_BY_REGRESSION","","",""
"AT-HIS-002","P0_BLOCKER","E2E","CONSUMPTION","余额消费返佣仅私密展示且不可跨用户查询","SPEC-5; SPEC-10.1; SPEC-17.1","E2E_SECURITY","M23-US-06;M4-US-08","getAdminOrder","tests/m4-us-08-api.spec.ts;tests/m4-us-08-dashboard.spec.ts;tests/m4-us-08-db.spec.ts","evidence/P0/M23-US-06/summary.md;evidence/P0/M4-US-08/summary.md","EXTERNAL_E2E","PENDING_EXTERNAL","","",""
"AT-REF-001","P0_BLOCKER","API","REFERRAL","有效一级返佣按 2% 生成并保存比例快照","SPEC-6.7; SPEC-9; SPEC-17.3","API_DB_INTEGRATION","M23-US-06;M3-US-07","correctReferralAttribution;createReferralAttribution;getCommissionConfidential;getReferralAttributionConfidential;listCommissions;listCurrentUserCommissions;listReferralAttributions;updateCommission","tests/m3-us-07-api.spec.ts;tests/m3-us-07-db.spec.ts","evidence/P0/M23-US-06/summary.md;evidence/P0/M3-US-07/summary.md","AUTOMATED","COVERED_BY_REGRESSION","","",""
"AT-REF-002","P0_HIGH","Unit","REFERRAL","5% 返佣金额使用整数计算","SPEC-6.7; SPEC-9; SPEC-18","UNIT_AUTO","M23-US-06;M3-US-07","correctReferralAttribution;createReferralAttribution;getCommissionConfidential;getReferralAttributionConfidential;listCommissions;listCurrentUserCommissions;listReferralAttributions;updateCommission","tests/m3-us-07-api.spec.ts;tests/m3-us-07-db.spec.ts","evidence/P0/M23-US-06/summary.md;evidence/P0/M3-US-07/summary.md","AUTOMATED","COVERED_BY_REGRESSION","","",""
"AT-REF-003","P0_BLOCKER","API","REFERRAL","重复消费事件不重复返佣","SPEC-9; SPEC-11.3; SPEC-17.3","API_DB_INTEGRATION","M23-US-06;M3-US-07","correctReferralAttribution;createReferralAttribution;getCommissionConfidential;getReferralAttributionConfidential;listCommissions;listCurrentUserCommissions;listReferralAttributions;updateCommission","tests/m3-us-07-api.spec.ts;tests/m3-us-07-db.spec.ts","evidence/P0/M23-US-06/summary.md;evidence/P0/M3-US-07/summary.md","AUTOMATED","COVERED_BY_REGRESSION","","",""
"AT-REF-004","P0_HIGH","API","REFERRAL","无资格推荐关系被拒绝","SPEC-6.7; SPEC-10.4; SPEC-17.3","API_DATA_DRIVEN","M23-US-06;M3-US-07","correctReferralAttribution;createReferralAttribution;getCommissionConfidential;getReferralAttributionConfidential;listCommissions;listCurrentUserCommissions;listReferralAttributions;updateCommission","tests/m3-us-07-api.spec.ts;tests/m3-us-07-db.spec.ts","evidence/P0/M23-US-06/summary.md;evidence/P0/M3-US-07/summary.md","AUTOMATED","COVERED_BY_REGRESSION","","",""
"AT-REF-005","P0_BLOCKER","API","REFERRAL","退款通过 Adjustment 冲正返佣且不覆盖主记录","SPEC-6.7; SPEC-9; SPEC-17.3","API_DB_INTEGRATION","M23-US-06;M3-US-07","correctReferralAttribution;createReferralAttribution;getCommissionConfidential;getReferralAttributionConfidential;listCommissions;listCurrentUserCommissions;listReferralAttributions;updateCommission","tests/m3-us-07-api.spec.ts;tests/m3-us-07-db.spec.ts","evidence/P0/M23-US-06/summary.md;evidence/P0/M3-US-07/summary.md","AUTOMATED","COVERED_BY_REGRESSION","","",""
"AT-EAR-001","P0_BLOCKER","API","EARNINGS","完成订单按结算快照生成待确认收益","SPEC-3.10; SPEC-6.4; SPEC-9; SPEC-17.3","API_DB_INTEGRATION","M23-US-06;M3-US-04","listCurrentPlayerEarnings;listPlayerEarnings;updatePlayerEarning","tests/m3-us-04-api.spec.ts;tests/m3-us-04-db.spec.ts","evidence/P0/M23-US-06/summary.md;evidence/P0/M3-US-04/summary.md","AUTOMATED","COVERED_BY_REGRESSION","","",""
"AT-EAR-002","P0_HIGH","API","EARNINGS_RBAC","只有 L3+ 可确认和标记收益已支付","SPEC-5.3; SPEC-10.4; SPEC-17.4","API_RBAC","M23-US-06;M3-US-04;M4-US-03","createGiftCatalogItem;createServiceCatalogVersion;createUserRiskFlag;getAdminGiftCatalogItem;getAdminGiftRequest;getAdminOrder;getAdminPlayer;getAdminServiceCatalogVersion;getAdminServicePackageVersion;getAdminUser;listAdminGiftCatalogItems;listAdminGiftRequests;listAdminOrders;listAdminPlayers;listAdminUserConsumptions;listAdminUsers;listCommissions;listCurrentPlayerEarnings;listPlayerEarnings;listServiceCatalogVersions;setUserOperationalStatus;updateGiftCatalogItem;updatePlayerEarning;updateServiceCatalogVersion","tests/m3-us-04-api.spec.ts;tests/m3-us-04-db.spec.ts;tests/m4-us-03-admin-detail-contract.spec.ts;tests/m4-us-03-api.spec.ts;tests/m4-us-03-dashboard.spec.ts;tests/m4-us-03-db.spec.ts;tests/m4-us-03-list-pagination.spec.ts;tests/m4-us-03-player-earnings-actions.spec.ts","evidence/P0/M23-US-06/summary.md;evidence/P0/M3-US-04/summary.md;evidence/P0/M4-US-03/summary.md","AUTOMATED","COVERED_BY_REGRESSION","","",""
"AT-EAR-003","P0_BLOCKER","API","EARNINGS","退款创建收益 Adjustment 且原收益不可变","SPEC-3.10; SPEC-6.5; SPEC-9; SPEC-17.3","API_DB_INTEGRATION","M23-US-06;M3-US-04","listCurrentPlayerEarnings;listPlayerEarnings;updatePlayerEarning","tests/m3-us-04-api.spec.ts;tests/m3-us-04-db.spec.ts","evidence/P0/M23-US-06/summary.md;evidence/P0/M3-US-04/summary.md","AUTOMATED","COVERED_BY_REGRESSION","","",""
"AT-RBAC-001","P0_HIGH","UAT","RBAC","L1 仅执行基础客服动作","SPEC-5.2; SPEC-13.3; SPEC-17.4","UAT_MANUAL","M0-US-03;M23-US-05;M23-US-08;M4-US-01;M4-US-07;M5-US-01","getCurrentStaffCapabilities;getDashboardSummary;syncDiscordRoles","tests/m0-us-03.spec.ts;tests/m4-us-01-api.spec.ts;tests/m4-us-01-dashboard-ui.spec.ts;tests/m4-us-01-dashboard.spec.ts;tests/m4-us-07-policy.spec.ts;tests/m5-us-01-cross-client.spec.ts;tests/m5-us-01-traceability.spec.ts","evidence/P0/M0-US-03/summary.md;evidence/P0/M23-US-05/summary.md;evidence/P0/M23-US-08/summary.md;evidence/P0/M4-US-01/summary.md;evidence/P0/M4-US-07/summary.md;evidence/P0/M5-US-01/summary.md","EXTERNAL_E2E","PENDING_EXTERNAL","","",""
"AT-RBAC-002","P0_BLOCKER","API","RBAC","L1 无法执行资金或破坏性操作","SPEC-5.2; SPEC-5.3; SPEC-17.4","API_DATA_DRIVEN_RBAC","M23-US-05;M23-US-08;M4-US-02","approveApprovalRequest;claimStaffTask;getAdminOrder;getApprovalRequest;getDashboardSummary;listApprovalRequests;listStaffTasks;rejectApprovalRequest;verifyStaffTask","tests/m4-us-02-api.spec.ts;tests/m4-us-02-dashboard.spec.ts","evidence/P0/M23-US-05/summary.md;evidence/P0/M23-US-08/summary.md;evidence/P0/M4-US-02/summary.md","AUTOMATED","COVERED_BY_REGRESSION","","",""
"AT-RBAC-003","P0_BLOCKER","API","REFUND_RBAC","L2 可执行 49900 CAT subunits 退款","SPEC-5.3; SPEC-14.2","API_BOUNDARY","M23-US-05;M3-US-02;M4-US-03","approveGiftRequest;claimStaffTask;createGiftCatalogItem;createServiceCatalogVersion;createUserRiskFlag;getAdminGiftCatalogItem;getAdminGiftRequest;getAdminOrder;getAdminPlayer;getAdminServiceCatalogVersion;getAdminServicePackageVersion;getAdminUser;listAdminGiftCatalogItems;listAdminGiftRequests;listAdminOrders;listAdminPlayers;listAdminUserConsumptions;listAdminUsers;listCommissions;listPlayerEarnings;listServiceCatalogVersions;rejectGiftRequest;setUserOperationalStatus;updateGiftCatalogItem;updatePlayerEarning;updateServiceCatalogVersion;verifyStaffTask","tests/m3-us-02-api.spec.ts;tests/m3-us-02-dashboard.spec.ts;tests/m3-us-02-db.spec.ts;tests/m4-us-03-admin-detail-contract.spec.ts;tests/m4-us-03-api.spec.ts;tests/m4-us-03-dashboard.spec.ts;tests/m4-us-03-db.spec.ts;tests/m4-us-03-list-pagination.spec.ts;tests/m4-us-03-player-earnings-actions.spec.ts","evidence/P0/M23-US-05/summary.md;evidence/P0/M3-US-02/summary.md;evidence/P0/M4-US-03/summary.md","AUTOMATED","COVERED_BY_REGRESSION","","",""
"AT-RBAC-004","P0_BLOCKER","API","REFUND_RBAC","L2 可执行 50000 CAT subunits 退款","SPEC-5.3; SPEC-5.4; SPEC-18","API_BOUNDARY","M2-US-06;M23-US-05;M4-US-04","beginStepUp;completeStepUp;enrollMfa;getCurrentStaffCapabilities;reassignOrder;refundOrder;resolveOrder;verifyMfaEnrollment","tests/m2-us-06-api.spec.ts;tests/m2-us-06-db.spec.ts;tests/m4-us-04-api.spec.ts;tests/m4-us-04-db.spec.ts","evidence/P0/M2-US-06/summary.md;evidence/P0/M23-US-05/summary.md;evidence/P0/M4-US-04/summary.md","AUTOMATED","COVERED_BY_REGRESSION","","",""
"AT-RBAC-005","P0_BLOCKER","API","REFUND_RBAC","50100 CAT subunits 退款升级 L3","SPEC-5.3; SPEC-5.4; SPEC-10.6","API_BOUNDARY","M23-US-05;M4-US-04","beginStepUp;completeStepUp;enrollMfa;getCurrentStaffCapabilities;verifyMfaEnrollment","tests/m4-us-04-api.spec.ts;tests/m4-us-04-db.spec.ts","evidence/P0/M23-US-05/summary.md;evidence/P0/M4-US-04/summary.md","AUTOMATED","COVERED_BY_REGRESSION","","",""
"AT-RBAC-006","P0_BLOCKER","API","REFUND_RBAC","500000 CAT subunits 退款仅 L4 可直接执行","SPEC-5.4; SPEC-10.5; SPEC-17.4","API_APPROVAL_FLOW","M23-US-05;M4-US-05","approveStaffRoleElevation;listDiscordRoleMappings;queueDiscordRoleSync;reconcileStaffDiscordRole;revokeStaffSessions;syncDiscordRoles;updateDiscordRoleMapping;updateStaffRole","tests/m4-us-05-api.spec.ts;tests/m4-us-05-bootstrap-empty-db.spec.ts;tests/m4-us-05-bot.spec.ts;tests/m4-us-05-db.spec.ts;tests/m4-us-05-role-sync-reliability.spec.ts","evidence/P0/M23-US-05/summary.md;evidence/P0/M4-US-05/summary.md","AUTOMATED","COVERED_BY_REGRESSION","","",""
"AT-RBAC-007","P0_HIGH","API","RBAC","L2 无权修改目录返佣配置或人员权限","SPEC-5.2; SPEC-5.3; SPEC-13.2","API_DATA_DRIVEN_RBAC","M23-US-08;M4-US-07","getCurrentStaffCapabilities;syncDiscordRoles","tests/m4-us-07-policy.spec.ts","evidence/P0/M23-US-08/summary.md;evidence/P0/M4-US-07/summary.md","AUTOMATED","COVERED_BY_REGRESSION","","",""
"AT-RBAC-008","P0_HIGH","API","RBAC","L3 可维护业务目录但不能管理 L4 或集成密钥","SPEC-5.2; SPEC-5.3; SPEC-5.4","API_DATA_DRIVEN_RBAC","M23-US-08;M4-US-07","getCurrentStaffCapabilities;syncDiscordRoles","tests/m4-us-07-policy.spec.ts","evidence/P0/M23-US-08/summary.md;evidence/P0/M4-US-07/summary.md","AUTOMATED","COVERED_BY_REGRESSION","","",""
"AT-RBAC-009","P0_BLOCKER","API","RBAC","L4 也不能硬删除财务和审计记录","SPEC-5.2; SPEC-13.6; SPEC-17.4","API_SCHEMA_SECURITY","M23-US-08;M4-US-07;M5-US-03","getCurrentStaffCapabilities;syncDiscordRoles","tests/m4-us-07-policy.spec.ts;tests/m5-us-03-release-gate.spec.ts","evidence/P0/M23-US-08/summary.md;evidence/P0/M4-US-07/summary.md;evidence/P0/M5-US-03/summary.md","AUTOMATED","COVERED_BY_REGRESSION","","",""
"AT-RBAC-010","P0_BLOCKER","API","RBAC","L1-L4 权限按等级累积继承","BASELINE-RBAC; SPEC-5.2; SPEC-17.4","API_DATA_DRIVEN_RBAC","M23-US-08;M4-US-07","getCurrentStaffCapabilities;syncDiscordRoles","tests/m4-us-07-policy.spec.ts","evidence/P0/M23-US-08/summary.md;evidence/P0/M4-US-07/summary.md","AUTOMATED","COVERED_BY_REGRESSION","","",""
"AT-RBAC-011","P0_BLOCKER","API","RBAC","高额操作不要求发起与执行人员分离","BASELINE-RBAC; SPEC-5.4; SPEC-10.5; SPEC-17.4","API_RBAC","M23-US-05;M23-US-08;M4-US-07","getCurrentStaffCapabilities;syncDiscordRoles","tests/m4-us-07-policy.spec.ts","evidence/P0/M23-US-05/summary.md;evidence/P0/M23-US-08/summary.md;evidence/P0/M4-US-07/summary.md","AUTOMATED","COVERED_BY_REGRESSION","","",""
"AT-ROL-001","P0_BLOCKER","API_DB_WORKER","ROLE_SYNC","L1 和 L2 Discord Role 可靠自动生效","SPEC-5.7; SPEC-10.5; SPEC-17.4","API_DB_WORKER_ROLE_SYNC","M2-US-01;M23-US-08;M4-US-05","approvePlayer;approveStaffRoleElevation;listDiscordRoleMappings;queueDiscordRoleSync;reconcileStaffDiscordRole;revokeStaffSessions;setPlayerOperationalStatus;syncDiscordPresence;syncDiscordRoles;updateDiscordRoleMapping;updatePlayerOperationalTags;updateStaffRole","tests/m2-us-01-api.spec.ts;tests/m2-us-01-bot.spec.ts;tests/m2-us-01-db.spec.ts;tests/m4-us-05-api.spec.ts;tests/m4-us-05-bootstrap-empty-db.spec.ts;tests/m4-us-05-bot.spec.ts;tests/m4-us-05-db.spec.ts;tests/m4-us-05-role-sync-reliability.spec.ts","evidence/P0/M2-US-01/summary.md;evidence/P0/M23-US-08/summary.md;evidence/P0/M4-US-05/summary.md","AUTOMATED","COVERED_BY_REGRESSION","","",""
"AT-ROL-002","P0_BLOCKER","API","ROLE_SYNC","首次 L3 Role 仅产生待确认升级","SPEC-5.7; SPEC-10.6; SPEC-17.4","API_ROLE_SYNC","M23-US-08;M4-US-05","approveStaffRoleElevation;listDiscordRoleMappings;queueDiscordRoleSync;reconcileStaffDiscordRole;revokeStaffSessions;syncDiscordRoles;updateDiscordRoleMapping;updateStaffRole","tests/m4-us-05-api.spec.ts;tests/m4-us-05-bootstrap-empty-db.spec.ts;tests/m4-us-05-bot.spec.ts;tests/m4-us-05-db.spec.ts;tests/m4-us-05-role-sync-reliability.spec.ts","evidence/P0/M23-US-08/summary.md;evidence/P0/M4-US-05/summary.md","AUTOMATED","COVERED_BY_REGRESSION","","",""
"AT-ROL-003","P0_BLOCKER","API","ROLE_SYNC","首次 L4 Role 由另一现有 L4 确认","SPEC-5.7; SPEC-10.5; SPEC-17.4","API_ROLE_SYNC","M23-US-08;M4-US-05","approveStaffRoleElevation;listDiscordRoleMappings;queueDiscordRoleSync;reconcileStaffDiscordRole;revokeStaffSessions;syncDiscordRoles;updateDiscordRoleMapping;updateStaffRole","tests/m4-us-05-api.spec.ts;tests/m4-us-05-bootstrap-empty-db.spec.ts;tests/m4-us-05-bot.spec.ts;tests/m4-us-05-db.spec.ts;tests/m4-us-05-role-sync-reliability.spec.ts","evidence/P0/M23-US-08/summary.md;evidence/P0/M4-US-05/summary.md","AUTOMATED","COVERED_BY_REGRESSION","","",""
"AT-ROL-004","P0_BLOCKER","E2E","ROLE_SYNC","Role 降级或移除立即撤权","SPEC-5.7; SPEC-12; SPEC-17.4","E2E_ROLE_SYNC","M23-US-08;M4-US-05","approveStaffRoleElevation;listDiscordRoleMappings;queueDiscordRoleSync;reconcileStaffDiscordRole;revokeStaffSessions;syncDiscordRoles;updateDiscordRoleMapping;updateStaffRole","tests/m4-us-05-api.spec.ts;tests/m4-us-05-bootstrap-empty-db.spec.ts;tests/m4-us-05-bot.spec.ts;tests/m4-us-05-db.spec.ts;tests/m4-us-05-role-sync-reliability.spec.ts","evidence/P0/M23-US-08/summary.md;evidence/P0/M4-US-05/summary.md","EXTERNAL_E2E","PENDING_EXTERNAL","","",""
"AT-ROL-005","P0_HIGH","API","ROLE_SYNC","最高 Discord Role 不直接构成业务授权","SPEC-5.7; SPEC-10.1; SPEC-17.4","API_SECURITY","M23-US-08;M4-US-05","approveStaffRoleElevation;listDiscordRoleMappings;queueDiscordRoleSync;reconcileStaffDiscordRole;revokeStaffSessions;syncDiscordRoles;updateDiscordRoleMapping;updateStaffRole","tests/m4-us-05-api.spec.ts;tests/m4-us-05-bootstrap-empty-db.spec.ts;tests/m4-us-05-bot.spec.ts;tests/m4-us-05-db.spec.ts;tests/m4-us-05-role-sync-reliability.spec.ts","evidence/P0/M23-US-08/summary.md;evidence/P0/M4-US-05/summary.md","AUTOMATED","COVERED_BY_REGRESSION","","",""
"AT-AUTH-001","P0_BLOCKER","API","AUTHORIZATION","伪造 Bot Actor Header 无法越权","SPEC-10.1; SPEC-11.2; SPEC-17.4","API_SECURITY","M0-US-03;M23-US-08","none","tests/m0-us-03.spec.ts","evidence/P0/M0-US-03/summary.md;evidence/P0/M23-US-08/summary.md","AUTOMATED","COVERED_BY_REGRESSION","","",""
"AT-AUTH-002","P0_BLOCKER","API","AUTHORIZATION","Dashboard 忽略浏览器自报角色","SPEC-10.1; SPEC-17.4","API_SECURITY","M23-US-08;M4-US-01","getCurrentStaffCapabilities;getDashboardSummary","tests/m4-us-01-api.spec.ts;tests/m4-us-01-dashboard-ui.spec.ts;tests/m4-us-01-dashboard.spec.ts","evidence/P0/M23-US-08/summary.md;evidence/P0/M4-US-01/summary.md","AUTOMATED","COVERED_BY_REGRESSION","","",""
"AT-AUTH-003","P0_BLOCKER","API","AUTHORIZATION","对象归属阻止跨用户访问和操作","SPEC-10.1; SPEC-17.4","API_SECURITY","M23-US-08;M4-US-07","getCurrentStaffCapabilities;syncDiscordRoles","tests/m4-us-07-policy.spec.ts","evidence/P0/M23-US-08/summary.md;evidence/P0/M4-US-07/summary.md","AUTOMATED","COVERED_BY_REGRESSION","","",""
"AT-WHK-001","P0_BLOCKER","CONTRACT","RETIREMENT","支付 Webhook 入口已退役","M7-SPEC-§1;§11","STATIC_CONTRACT_GATE","M0-US-04;M23-US-02","none","tests/m0-us-04-retired.spec.ts","evidence/P0/M0-US-04/summary.md;evidence/P0/M23-US-02/summary.md","AUTOMATED","COVERED_BY_REGRESSION","","",""
"AT-WHK-002","P0_BLOCKER","API","RETIREMENT","旧支付回调不能写入资金事实","M7-SPEC-§1;§9;§11","API_RETIREMENT","M23-US-02;M3-US-03","approveGiftRequest;retryJob","tests/m3-us-03-api.spec.ts;tests/m3-us-03-worker.spec.ts","evidence/P0/M23-US-02/summary.md;evidence/P0/M3-US-03/summary.md","AUTOMATED","COVERED_BY_REGRESSION","","",""
"AT-WHK-003","P0_BLOCKER","CONTRACT","RETIREMENT","支付 Webhook 配置与密钥已移除","M7-SPEC-§9;§11","STATIC_SECURITY_GATE","M0-US-04;M23-US-02;M5-US-02","getHealth;getReadiness;queueOrderPanelRepair","tests/m0-us-04-retired.spec.ts;tests/m5-us-02-dashboard.spec.ts;tests/m5-us-02-recovery.spec.ts;tests/m5-us-02-release-scope.spec.ts;tests/m5-us-02-worker-adapters.spec.ts;tests/m5-us-02-worker-db.spec.ts;tests/m5-us-02-worker-delivery.spec.ts;tests/m5-us-02-worker-runtime.spec.ts","evidence/P0/M0-US-04/summary.md;evidence/P0/M23-US-02/summary.md;evidence/P0/M5-US-02/summary.md","AUTOMATED","COVERED_BY_REGRESSION","","",""
"AT-REC-001","P0_HIGH","API","WALLET_RECOVERY","内部余额查询失败可安全重试","SPEC-12; SPEC-17.5; M7-SPEC-§8","API_FAULT_INJECTION","M0-US-02;M0-US-04","none","tests/m0-us-02.spec.ts;tests/m0-us-04-retired.spec.ts","evidence/P0/M0-US-02/summary.md;evidence/P0/M0-US-04/summary.md","AUTOMATED","COVERED_BY_REGRESSION","","",""
"AT-REC-002","P0_BLOCKER","API","WALLET_RECOVERY","提交响应丢失后按原幂等键恢复捕获","BASELINE-FUNDS; SPEC-11.3; SPEC-12; SPEC-17.5; M7-SPEC-§8","API_DB_FAULT_INJECTION","M1-US-05","submitOrder","tests/m1-us-05-api.spec.ts;tests/m1-us-05-db.spec.ts","evidence/P0/M1-US-05/summary.md","AUTOMATED","COVERED_BY_REGRESSION","","",""
"AT-REC-003","P0_HIGH","E2E","RECOVERY","删除的订单面板可从数据库重建","SPEC-1; SPEC-12; SPEC-17.5","E2E_DISCORD_RECOVERY","M0-US-04;M23-US-08;M5-US-02","getHealth;getReadiness;queueOrderPanelRepair","tests/m0-us-04-retired.spec.ts;tests/m5-us-02-dashboard.spec.ts;tests/m5-us-02-recovery.spec.ts;tests/m5-us-02-release-scope.spec.ts;tests/m5-us-02-worker-adapters.spec.ts;tests/m5-us-02-worker-db.spec.ts;tests/m5-us-02-worker-delivery.spec.ts;tests/m5-us-02-worker-runtime.spec.ts","evidence/P0/M0-US-04/summary.md;evidence/P0/M23-US-08/summary.md;evidence/P0/M5-US-02/summary.md","EXTERNAL_E2E","PENDING_EXTERNAL","","",""
"AT-REC-004","P0_BLOCKER","E2E","RECOVERY","Bot 重启后恢复未完成 Outbox 与交互状态","SPEC-4; SPEC-11.3; SPEC-17.5","E2E_RESTART_RECOVERY","M0-US-05;M17-US-03;M23-US-08","retryJob","tests/m0-us-05.spec.ts;tests/m17-us-03-bot-readiness.spec.ts","evidence/P0/M0-US-05/summary.md;evidence/P0/M23-US-08/summary.md","EXTERNAL_E2E","PENDING_EXTERNAL","","",""
"AT-REC-005","P0_BLOCKER","UAT","BACKUP_RECOVERY","测试环境完成数据库备份恢复演练","SPEC-14; SPEC-17.5","UAT_RUNBOOK","M5-US-02","getHealth;getReadiness;queueOrderPanelRepair","tests/m5-us-02-dashboard.spec.ts;tests/m5-us-02-recovery.spec.ts;tests/m5-us-02-release-scope.spec.ts;tests/m5-us-02-worker-adapters.spec.ts;tests/m5-us-02-worker-db.spec.ts;tests/m5-us-02-worker-delivery.spec.ts;tests/m5-us-02-worker-runtime.spec.ts","evidence/P0/M5-US-02/summary.md","EXTERNAL_E2E","PENDING_EXTERNAL","","",""
"AT-AUD-001","P0_BLOCKER","API","AUDIT","所有后台写操作和高风险拒绝尝试可追溯","SPEC-9; SPEC-12.1; SPEC-17.5","API_AUDIT_ASSERTION","M0-US-02;M0-US-03;M23-US-05;M23-US-08;M4-US-06","getPolicySettings;listAuditLogs;listFailedJobs;retryJob;updatePolicySetting","tests/m0-us-02.spec.ts;tests/m0-us-03.spec.ts;tests/m4-us-06-api.spec.ts;tests/m4-us-06-dashboard.spec.ts;tests/m4-us-06-db.spec.ts","evidence/P0/M0-US-02/summary.md;evidence/P0/M0-US-03/summary.md;evidence/P0/M23-US-05/summary.md;evidence/P0/M23-US-08/summary.md;evidence/P0/M4-US-06/summary.md","AUTOMATED","COVERED_BY_REGRESSION","","",""
"AT-AUD-002","P0_BLOCKER","Unit","AUDIT","日志和 fixtures 不含密钥及敏感值","SPEC-12.1; SPEC-14.3; M7-SPEC-§9","LOG_SCAN_AUTO","M0-US-03;M23-US-08","none","tests/m0-us-03.spec.ts","evidence/P0/M0-US-03/summary.md;evidence/P0/M23-US-08/summary.md","AUTOMATED","COVERED_BY_REGRESSION","","",""
"AT-AUD-003","P0_BLOCKER","API","AUDIT","财务和审计记录只追加不可硬删除","SPEC-5.4; SPEC-9; SPEC-13.6; SPEC-17.4","DB_INTEGRATION_SECURITY","M0-US-02;M0-US-05;M23-US-08","retryJob","tests/m0-us-02.spec.ts;tests/m0-us-05.spec.ts","evidence/P0/M0-US-02/summary.md;evidence/P0/M0-US-05/summary.md;evidence/P0/M23-US-08/summary.md","AUTOMATED","COVERED_BY_REGRESSION","","",""
"AT-AUD-004","P0_HIGH","API","AUDIT","Bot 与 Dashboard 同一用例产生一致业务与审计结果","SPEC-1; SPEC-10.1; SPEC-17.4","CONTRACT_PARITY_AUTO","M23-US-08;M4-US-06;M5-US-01;M5-US-03","getPolicySettings;listAuditLogs;listFailedJobs;retryJob;updatePolicySetting","tests/m4-us-06-api.spec.ts;tests/m4-us-06-dashboard.spec.ts;tests/m4-us-06-db.spec.ts;tests/m5-us-01-cross-client.spec.ts;tests/m5-us-01-traceability.spec.ts;tests/m5-us-03-release-gate.spec.ts","evidence/P0/M23-US-08/summary.md;evidence/P0/M4-US-06/summary.md;evidence/P0/M5-US-01/summary.md;evidence/P0/M5-US-03/summary.md","AUTOMATED","COVERED_BY_REGRESSION","","",""
"AT-PL-001","P0_BLOCKER","E2E","ORDER_CONFIRMATION","提交前完整展示结构化需求","PL-01","E2E_DISCORD","M1-US-07;M23-US-04","estimateOrder;getCurrentBalance","tests/m1-us-07-bot.spec.ts","evidence/P0/M1-US-07/summary.md;evidence/P0/M23-US-04/summary.md","EXTERNAL_E2E","PENDING_EXTERNAL","","",""
"AT-PL-002","P0_BLOCKER","API","BALANCE_RESERVATION","余额摘要与有效预留一致","PL-02","API_DB_INTEGRATION","M1-US-08;M23-US-02","cancelOrder;getCurrentBalance;submitOrder","tests/m1-us-08-api.spec.ts;tests/m1-us-08-bot.spec.ts;tests/m1-us-08-funding-service.spec.ts","evidence/P0/M1-US-08/summary.md;evidence/P0/M23-US-02/summary.md","AUTOMATED","COVERED_BY_REGRESSION","","",""
"AT-PL-003","P0_BLOCKER","E2E","MATCHING","用户可见候选池阶段、报名名单与下一步","PL-03;M11-US-05","E2E_DISCORD","M2-US-07","getOrder;listOrderSelectionApplications","tests/m2-us-07-api.spec.ts;tests/m2-us-07-bot.spec.ts;tests/m2-us-07-db.spec.ts","evidence/P0/M2-US-07/summary.md","EXTERNAL_E2E","PENDING_EXTERNAL","","",""
"AT-PL-004","P0_BLOCKER","E2E","PLAYER_WORKBENCH","陪玩工作台形成最小报名闭环","PL-04; SPEC-M11","E2E_DASHBOARD","M2-US-08","applyToOrderSelectionPool;getPlayerWorkbench;withdrawOrderSelectionApplication","tests/m2-us-08-api.spec.ts;tests/m2-us-08-bot.spec.ts;tests/m2-us-08-db.spec.ts","evidence/P0/M2-US-08/summary.md","EXTERNAL_E2E","PENDING_EXTERNAL","","",""
"AT-PL-005","P0_BLOCKER","E2E","READINESS","全体有效陪玩就绪后才进入服务中","M10-US-04;M19-US-03;READY-02","E2E_DISCORD_API","M2-US-09","createOrderStaffTask;listCurrentUserStaffTasks;setOrderReadiness","tests/m2-us-09-api.spec.ts","evidence/P0/M2-US-09/summary.md","EXTERNAL_E2E","PENDING_EXTERNAL","","",""
"AT-PL-006","P0_BLOCKER","E2E","CANCELLATION_PREVIEW","取消前展示可执行影响预览","PL-06","E2E_DISCORD_API","M2-US-10","cancelOrder;previewOrderCancellation","tests/m2-us-10-api.spec.ts;tests/m2-us-10-bot.spec.ts;tests/m2-us-10-db.spec.ts","evidence/P0/M2-US-10/summary.md","EXTERNAL_E2E","PENDING_EXTERNAL","","",""
"AT-RES-001","P0_BLOCKER","API","FUND_RESERVATION","提交订单原子创建预留","PL-02; BASELINE-FUNDS","API_DB_TRANSACTION","M1-US-05;M1-US-08;M23-US-04","cancelOrder;getCurrentBalance;submitOrder","tests/m1-us-05-api.spec.ts;tests/m1-us-05-db.spec.ts;tests/m1-us-08-api.spec.ts;tests/m1-us-08-bot.spec.ts;tests/m1-us-08-funding-service.spec.ts","evidence/P0/M1-US-05/summary.md;evidence/P0/M1-US-08/summary.md;evidence/P0/M23-US-04/summary.md","AUTOMATED","COVERED_BY_REGRESSION","","",""
"AT-RES-002","P0_BLOCKER","Unit","BALANCE_RESERVATION","可用余额由内部账本余额减有效预留派生","PL-02; BASELINE-FUNDS","UNIT_TABLE_DRIVEN","M1-US-02;M1-US-08","cancelOrder;getCurrentBalance;getCurrentUser;submitOrder","tests/m1-us-02-account.spec.ts;tests/m1-us-08-api.spec.ts;tests/m1-us-08-bot.spec.ts;tests/m1-us-08-funding-service.spec.ts","evidence/P0/M1-US-02/summary.md;evidence/P0/M1-US-08/summary.md","AUTOMATED","COVERED_BY_REGRESSION","","",""
"AT-RES-003","P0_BLOCKER","API","FUND_RESERVATION","并发订单与礼物不能超支","PL-02; BASELINE-FUNDS","API_DB_CONCURRENCY","M1-US-08;M22-US-06;M23-US-04","cancelOrder;getCurrentBalance;submitOrder","tests/m1-us-08-api.spec.ts;tests/m1-us-08-bot.spec.ts;tests/m1-us-08-funding-service.spec.ts;tests/m22-us-06-gift-assist-boundaries.spec.ts;tests/m22-us-06-gift-automation-gate.spec.ts;tests/m22-us-06-gift-bot-adapter.spec.ts;tests/m22-us-06-gift-entry-postgres.spec.ts;tests/m22-us-06-gift-fixture-contract.spec.ts;tests/m22-us-06-gift-lifecycle-postgres.spec.ts;tests/m22-us-06-gift-privacy-worker.spec.ts","evidence/P0/M1-US-08/summary.md;evidence/P0/M22-US-06/summary.md;evidence/P0/M23-US-04/summary.md","AUTOMATED","COVERED_BY_REGRESSION","","",""
"AT-RES-004","P0_BLOCKER","API","FUND_RESERVATION","客户取消或明确失败只释放订单预留一次","BASELINE-FUNDS; BASELINE-CANCELLATION;M11-US-05","API_IDEMPOTENCY","M2-US-10","cancelOrder;previewOrderCancellation","tests/m2-us-10-api.spec.ts;tests/m2-us-10-bot.spec.ts;tests/m2-us-10-db.spec.ts","evidence/P0/M2-US-10/summary.md","AUTOMATED","COVERED_BY_REGRESSION","","",""
"AT-RES-005","P0_BLOCKER","API","FUND_RESERVATION","服务完成捕获订单预留","BASELINE-FUNDS; BASELINE-SERVICE","API_DB_TRANSACTION","M2-US-04","confirmOrder;requestOrderCompletion;setOrderReadiness","tests/m2-us-04-api.spec.ts;tests/m2-us-04-bot.spec.ts","evidence/P0/M2-US-04/summary.md","AUTOMATED","COVERED_BY_REGRESSION","","",""
"AT-RES-006","P0_BLOCKER","API","FUND_RESERVATION","争议期间保持预留","BASELINE-FUNDS; BASELINE-SUPPORT","API_RBAC_STATE","M2-US-06","reassignOrder;refundOrder;resolveOrder","tests/m2-us-06-api.spec.ts;tests/m2-us-06-db.spec.ts","evidence/P0/M2-US-06/summary.md","AUTOMATED","COVERED_BY_REGRESSION","","",""
"AT-RES-007","P0_BLOCKER","API","FUND_RESERVATION","部分结案分别捕获与释放剩余金额","BASELINE-FUNDS; BASELINE-SUPPORT","API_DB_TRANSACTION","M2-US-06","reassignOrder;refundOrder;resolveOrder","tests/m2-us-06-api.spec.ts;tests/m2-us-06-db.spec.ts","evidence/P0/M2-US-06/summary.md","AUTOMATED","COVERED_BY_REGRESSION","","",""
"AT-RES-008","P0_BLOCKER","API","GIFT_RESERVATION","创建礼物请求立即预留","BASELINE-FUNDS; BASELINE-GIFT","API_DB_TRANSACTION","M22-US-06;M3-US-01;M3-US-06","approveGiftRequest;cancelGiftRequest;createOrderGiftRequest;getCurrentBalance;listGifts;rejectGiftRequest","tests/m22-us-06-gift-assist-boundaries.spec.ts;tests/m22-us-06-gift-automation-gate.spec.ts;tests/m22-us-06-gift-bot-adapter.spec.ts;tests/m22-us-06-gift-entry-postgres.spec.ts;tests/m22-us-06-gift-fixture-contract.spec.ts;tests/m22-us-06-gift-lifecycle-postgres.spec.ts;tests/m22-us-06-gift-privacy-worker.spec.ts;tests/m3-us-01-api.spec.ts;tests/m3-us-01-bot.spec.ts;tests/m3-us-01-db.spec.ts;tests/m3-us-06-api.spec.ts","evidence/P0/M22-US-06/summary.md;evidence/P0/M3-US-01/summary.md;evidence/P0/M3-US-06/summary.md","AUTOMATED","COVERED_BY_REGRESSION","","",""
"AT-RES-009","P0_BLOCKER","API","GIFT_RESERVATION","礼物批准捕获既有预留","BASELINE-FUNDS; BASELINE-GIFT","API_DB_TRANSACTION","M22-US-06;M3-US-06","approveGiftRequest;cancelGiftRequest;createOrderGiftRequest;rejectGiftRequest","tests/m22-us-06-gift-assist-boundaries.spec.ts;tests/m22-us-06-gift-automation-gate.spec.ts;tests/m22-us-06-gift-bot-adapter.spec.ts;tests/m22-us-06-gift-entry-postgres.spec.ts;tests/m22-us-06-gift-fixture-contract.spec.ts;tests/m22-us-06-gift-lifecycle-postgres.spec.ts;tests/m22-us-06-gift-privacy-worker.spec.ts;tests/m3-us-06-api.spec.ts","evidence/P0/M22-US-06/summary.md;evidence/P0/M3-US-06/summary.md","AUTOMATED","COVERED_BY_REGRESSION","","",""
"AT-RES-010","P0_BLOCKER","API","GIFT_RESERVATION","礼物拒绝过期或撤回释放预留","BASELINE-FUNDS; BASELINE-GIFT","API_IDEMPOTENCY","M22-US-06;M3-US-06","approveGiftRequest;cancelGiftRequest;createOrderGiftRequest;rejectGiftRequest","tests/m22-us-06-gift-assist-boundaries.spec.ts;tests/m22-us-06-gift-automation-gate.spec.ts;tests/m22-us-06-gift-bot-adapter.spec.ts;tests/m22-us-06-gift-entry-postgres.spec.ts;tests/m22-us-06-gift-fixture-contract.spec.ts;tests/m22-us-06-gift-lifecycle-postgres.spec.ts;tests/m22-us-06-gift-privacy-worker.spec.ts;tests/m3-us-06-api.spec.ts","evidence/P0/M22-US-06/summary.md;evidence/P0/M3-US-06/summary.md","AUTOMATED","COVERED_BY_REGRESSION","","",""
"AT-RES-011","P0_BLOCKER","API","GIFT_RESERVATION","礼物金额超过可用余额禁止确认","BASELINE-FUNDS; BASELINE-GIFT","API_BOUNDARY","M22-US-06;M3-US-06","approveGiftRequest;cancelGiftRequest;createOrderGiftRequest;rejectGiftRequest","tests/m22-us-06-gift-assist-boundaries.spec.ts;tests/m22-us-06-gift-automation-gate.spec.ts;tests/m22-us-06-gift-bot-adapter.spec.ts;tests/m22-us-06-gift-entry-postgres.spec.ts;tests/m22-us-06-gift-fixture-contract.spec.ts;tests/m22-us-06-gift-lifecycle-postgres.spec.ts;tests/m22-us-06-gift-privacy-worker.spec.ts;tests/m3-us-06-api.spec.ts","evidence/P0/M22-US-06/summary.md;evidence/P0/M3-US-06/summary.md","AUTOMATED","COVERED_BY_REGRESSION","","",""
"AT-WRK-001","P0_HIGH","E2E","PLAYER_WORKBENCH","工作台字段完整且不泄露客户敏感信息","PL-04; SPEC-M11","E2E_DASHBOARD","M2-US-08","applyToOrderSelectionPool;getPlayerWorkbench;withdrawOrderSelectionApplication","tests/m2-us-08-api.spec.ts;tests/m2-us-08-bot.spec.ts;tests/m2-us-08-db.spec.ts","evidence/P0/M2-US-08/summary.md","EXTERNAL_E2E","PENDING_EXTERNAL","","",""
"AT-WRK-002","P0_BLOCKER","API","PLAYER_WORKBENCH","在线与可接单状态不再决定报名资格","PL-04; SPEC-M11","API_AUTO","M2-US-01","approvePlayer;setPlayerOperationalStatus;syncDiscordPresence;updatePlayerOperationalTags","tests/m2-us-01-api.spec.ts;tests/m2-us-01-bot.spec.ts;tests/m2-us-01-db.spec.ts","evidence/P0/M2-US-01/summary.md","AUTOMATED","COVERED_BY_REGRESSION","","",""
"AT-WRK-003","P0_BLOCKER","E2E","PLAYER_WORKBENCH","无基础资格者不可报名且忙碌者仍可报名","PL-04; SPEC-M11","E2E_DASHBOARD_API","M2-US-01","approvePlayer;setPlayerOperationalStatus;syncDiscordPresence;updatePlayerOperationalTags","tests/m2-us-01-api.spec.ts;tests/m2-us-01-bot.spec.ts;tests/m2-us-01-db.spec.ts","evidence/P0/M2-US-01/summary.md","EXTERNAL_E2E","PENDING_EXTERNAL","","",""
"AT-MAT-001","P0_HIGH","E2E","SELECTION","候选池过程展示实时报名名单与客户终止动作","PL-03; SPEC-M11","E2E_DISCORD","M2-US-07","getOrder;listOrderSelectionApplications","tests/m2-us-07-api.spec.ts;tests/m2-us-07-bot.spec.ts;tests/m2-us-07-db.spec.ts","evidence/P0/M2-US-07/summary.md","EXTERNAL_E2E","PENDING_EXTERNAL","","",""
"AT-MAT-002","P0_BLOCKER","E2E","SELECTION","客户试音匹配后展示正式陪玩与下一步","M11-US-01;M18-US-05;M19-US-02","E2E_DISCORD","M2-US-07","getOrder;listOrderSelectionApplications","tests/m2-us-07-api.spec.ts;tests/m2-us-07-bot.spec.ts;tests/m2-us-07-db.spec.ts","evidence/P0/M2-US-07/summary.md","EXTERNAL_E2E","PENDING_EXTERNAL","","",""
"AT-RDY-001","P0_BLOCKER","API","READINESS","客户不能提交 readiness","M10-US-04;M19-US-03;READY-02","API_STATE_MACHINE","M2-US-04;M2-US-09;M23-US-04","confirmOrder;createOrderStaffTask;listCurrentUserStaffTasks;requestOrderCompletion;setOrderReadiness","tests/m2-us-04-api.spec.ts;tests/m2-us-04-bot.spec.ts;tests/m2-us-09-api.spec.ts","evidence/P0/M2-US-04/summary.md;evidence/P0/M2-US-09/summary.md;evidence/P0/M23-US-04/summary.md","AUTOMATED","COVERED_BY_REGRESSION","","",""
"AT-RDY-002","P0_BLOCKER","API","READINESS","部分有效陪玩就绪不开始服务","M10-US-04;M19-US-03;READY-02","API_STATE_MACHINE","M2-US-09;M23-US-04","createOrderStaffTask;listCurrentUserStaffTasks;setOrderReadiness","tests/m2-us-09-api.spec.ts","evidence/P0/M2-US-09/summary.md;evidence/P0/M23-US-04/summary.md","AUTOMATED","COVERED_BY_REGRESSION","","",""
"AT-RDY-003","P0_BLOCKER","E2E","READINESS","最后一名有效陪玩就绪原子开始服务","M10-US-04;M19-US-03;READY-02;BASELINE-SERVICE","E2E_DISCORD_API","M2-US-04;M2-US-09;M23-US-04","confirmOrder;createOrderStaffTask;listCurrentUserStaffTasks;requestOrderCompletion;setOrderReadiness","tests/m2-us-04-api.spec.ts;tests/m2-us-04-bot.spec.ts;tests/m2-us-09-api.spec.ts","evidence/P0/M2-US-04/summary.md;evidence/P0/M2-US-09/summary.md;evidence/P0/M23-US-04/summary.md","EXTERNAL_E2E","PENDING_EXTERNAL","","",""
"AT-RDY-004","P0_BLOCKER","E2E","READINESS","陪玩就绪超时转客服且不计费","M10-US-04;M19-US-03;STATE-04","E2E_JOB_FAULT","M2-US-09;M23-US-04","createOrderStaffTask;listCurrentUserStaffTasks;setOrderReadiness","tests/m2-us-09-api.spec.ts","evidence/P0/M2-US-09/summary.md;evidence/P0/M23-US-04/summary.md","EXTERNAL_E2E","PENDING_EXTERNAL","","",""
"AT-RDY-005","P0_BLOCKER","API","READINESS","兼容开始接口不能绕过其他有效陪玩","M10-US-04;M19-US-03;READY-02","API_SECURITY","M2-US-09;M23-US-04","createOrderStaffTask;listCurrentUserStaffTasks;setOrderReadiness","tests/m2-us-09-api.spec.ts","evidence/P0/M2-US-09/summary.md;evidence/P0/M23-US-04/summary.md","AUTOMATED","COVERED_BY_REGRESSION","","",""
"AT-CXL-001","P0_BLOCKER","API","CANCELLATION_PREVIEW","可自动取消预览返回释放金额","PL-06; BASELINE-CANCELLATION","API_CONTRACT","M2-US-10;M23-US-05","cancelOrder;previewOrderCancellation","tests/m2-us-10-api.spec.ts;tests/m2-us-10-bot.spec.ts;tests/m2-us-10-db.spec.ts","evidence/P0/M2-US-10/summary.md;evidence/P0/M23-US-05/summary.md","AUTOMATED","COVERED_BY_REGRESSION","","",""
"AT-CXL-002","P0_BLOCKER","API","CANCELLATION_PREVIEW","已接单取消预览指向客服处理","PL-06; BASELINE-CANCELLATION","API_CONTRACT","M2-US-10;M23-US-05","cancelOrder;previewOrderCancellation","tests/m2-us-10-api.spec.ts;tests/m2-us-10-bot.spec.ts;tests/m2-us-10-db.spec.ts","evidence/P0/M2-US-10/summary.md;evidence/P0/M23-US-05/summary.md","AUTOMATED","COVERED_BY_REGRESSION","","",""
"AT-CXL-003","P0_BLOCKER","API","CANCELLATION_PREVIEW","过期业务版本拒绝执行旧预览","PL-06; BASELINE-CANCELLATION","API_CONCURRENCY","M2-US-10;M23-US-05","cancelOrder;previewOrderCancellation","tests/m2-us-10-api.spec.ts;tests/m2-us-10-bot.spec.ts;tests/m2-us-10-db.spec.ts","evidence/P0/M2-US-10/summary.md;evidence/P0/M23-US-05/summary.md","AUTOMATED","COVERED_BY_REGRESSION","","",""
"AT-CXL-004","P0_BLOCKER","API","CANCELLATION_PREVIEW","过期或跨订单预览不可复用","PL-06; BASELINE-CANCELLATION","API_SECURITY","M2-US-10;M23-US-05","cancelOrder;previewOrderCancellation","tests/m2-us-10-api.spec.ts;tests/m2-us-10-bot.spec.ts;tests/m2-us-10-db.spec.ts","evidence/P0/M2-US-10/summary.md;evidence/P0/M23-US-05/summary.md","AUTOMATED","COVERED_BY_REGRESSION","","",""
"AT-SUP-005","P0_BLOCKER","E2E","SUPPORT_TAKEOVER","客服接管暂停默认自动化并保持预留","BASELINE-P0; BASELINE-SUPPORT","E2E_DASHBOARD_API","M2-US-11;M23-US-05","createOrderStaffTask;getStaffTask;pauseOrderAutomation;reassignOrder;resolveStaffTask;resumeOrderAutomation","tests/m2-us-11-api.spec.ts;tests/m2-us-11-bot.spec.ts;tests/m2-us-11-dashboard.spec.ts;tests/m2-us-11-db.spec.ts;tests/m2-us-11-worker.spec.ts","evidence/P0/M2-US-11/summary.md;evidence/P0/M23-US-05/summary.md","EXTERNAL_E2E","PENDING_EXTERNAL","","",""
"AT-SUP-006","P0_BLOCKER","E2E","SUPPORT_TAKEOVER","恢复自动化前重新校验业务事实","BASELINE-P0; BASELINE-SUPPORT","E2E_DASHBOARD_API","M2-US-11;M23-US-05","createOrderStaffTask;getStaffTask;pauseOrderAutomation;reassignOrder;resolveStaffTask;resumeOrderAutomation","tests/m2-us-11-api.spec.ts;tests/m2-us-11-bot.spec.ts;tests/m2-us-11-dashboard.spec.ts;tests/m2-us-11-db.spec.ts;tests/m2-us-11-worker.spec.ts","evidence/P0/M2-US-11/summary.md;evidence/P0/M23-US-05/summary.md","EXTERNAL_E2E","PENDING_EXTERNAL","","",""
"AT-RFP-001","P0_BLOCKER","API","REFERRAL_PROGRAM","推广者固定额首购返佣只结算一次","BASELINE-REFERRAL","API_IDEMPOTENCY","M23-US-06;M3-US-07","correctReferralAttribution;createReferralAttribution;getCommissionConfidential;getReferralAttributionConfidential;listCommissions;listCurrentUserCommissions;listReferralAttributions;updateCommission","tests/m3-us-07-api.spec.ts;tests/m3-us-07-db.spec.ts","evidence/P0/M23-US-06/summary.md;evidence/P0/M3-US-07/summary.md","AUTOMATED","COVERED_BY_REGRESSION","","",""
"AT-RFP-002","P0_BLOCKER","API","REFERRAL_PROGRAM","推广者首笔净消费百分比返佣","BASELINE-REFERRAL","API_MONEY_CALC","M23-US-06;M3-US-07","correctReferralAttribution;createReferralAttribution;getCommissionConfidential;getReferralAttributionConfidential;listCommissions;listCurrentUserCommissions;listReferralAttributions;updateCommission","tests/m3-us-07-api.spec.ts;tests/m3-us-07-db.spec.ts","evidence/P0/M23-US-06/summary.md;evidence/P0/M3-US-07/summary.md","AUTOMATED","COVERED_BY_REGRESSION","","",""
"AT-RFP-003","P0_BLOCKER","API","REFERRAL_PROGRAM","陪玩长期计划覆盖符合条件订单与礼物","BASELINE-REFERRAL","API_DB_INTEGRATION","M23-US-06;M3-US-07","correctReferralAttribution;createReferralAttribution;getCommissionConfidential;getReferralAttributionConfidential;listCommissions;listCurrentUserCommissions;listReferralAttributions;updateCommission","tests/m3-us-07-api.spec.ts;tests/m3-us-07-db.spec.ts","evidence/P0/M23-US-06/summary.md;evidence/P0/M3-US-07/summary.md","AUTOMATED","COVERED_BY_REGRESSION","","",""
"AT-RFP-004","P0_BLOCKER","API","REFERRAL_PROGRAM","两个返佣来源互斥","BASELINE-REFERRAL","API_DB_CONCURRENCY","M23-US-06;M3-US-07","correctReferralAttribution;createReferralAttribution;getCommissionConfidential;getReferralAttributionConfidential;listCommissions;listCurrentUserCommissions;listReferralAttributions;updateCommission","tests/m3-us-07-api.spec.ts;tests/m3-us-07-db.spec.ts","evidence/P0/M23-US-06/summary.md;evidence/P0/M3-US-07/summary.md","AUTOMATED","COVERED_BY_REGRESSION","","",""
"AT-RFP-005","P0_BLOCKER","E2E","REFERRAL_PRIVACY","被推荐用户端全链路不泄露返佣关系","BASELINE-REFERRAL","E2E_PRIVACY_SCAN","M23-US-06;M3-US-05;M3-US-07;M4-US-02;M4-US-08;M5-US-03","approveApprovalRequest;claimStaffTask;correctReferralAttribution;createReferralAttribution;getAdminOrder;getApprovalRequest;getCommissionConfidential;getDashboardSummary;getReferralAttributionConfidential;listApprovalRequests;listCommissions;listCurrentUserCommissions;listCurrentUserConsumptions;listReferralAttributions;listStaffTasks;rejectApprovalRequest;updateCommission;verifyStaffTask","tests/m3-us-05-api.spec.ts;tests/m3-us-05-commissions-api.spec.ts;tests/m3-us-05-db.spec.ts;tests/m3-us-07-api.spec.ts;tests/m3-us-07-db.spec.ts;tests/m4-us-02-api.spec.ts;tests/m4-us-02-dashboard.spec.ts;tests/m4-us-08-api.spec.ts;tests/m4-us-08-dashboard.spec.ts;tests/m4-us-08-db.spec.ts;tests/m5-us-03-release-gate.spec.ts","evidence/P0/M23-US-06/summary.md;evidence/P0/M3-US-05/summary.md;evidence/P0/M3-US-07/summary.md;evidence/P0/M4-US-02/summary.md;evidence/P0/M4-US-08/summary.md;evidence/P0/M5-US-03/summary.md","EXTERNAL_E2E","PENDING_EXTERNAL","","",""
"AT-RFP-006","P0_HIGH","API","REFERRAL_PRIVACY","受益人只看自己的脱敏收益","BASELINE-REFERRAL","API_DATA_SCOPE","M23-US-06;M3-US-05;M3-US-07","correctReferralAttribution;createReferralAttribution;getCommissionConfidential;getReferralAttributionConfidential;listCommissions;listCurrentUserCommissions;listCurrentUserConsumptions;listReferralAttributions;updateCommission","tests/m3-us-05-api.spec.ts;tests/m3-us-05-commissions-api.spec.ts;tests/m3-us-05-db.spec.ts;tests/m3-us-07-api.spec.ts;tests/m3-us-07-db.spec.ts","evidence/P0/M23-US-06/summary.md;evidence/P0/M3-US-05/summary.md;evidence/P0/M3-US-07/summary.md","AUTOMATED","COVERED_BY_REGRESSION","","",""
"AT-RFP-007","P0_HIGH","API","REFERRAL_RBAC","L1-L4 按级别访问返佣资料","BASELINE-REFERRAL; BASELINE-RBAC","API_DATA_DRIVEN_RBAC","M23-US-06;M3-US-07","correctReferralAttribution;createReferralAttribution;getCommissionConfidential;getReferralAttributionConfidential;listCommissions;listCurrentUserCommissions;listReferralAttributions;updateCommission","tests/m3-us-07-api.spec.ts;tests/m3-us-07-db.spec.ts","evidence/P0/M23-US-06/summary.md;evidence/P0/M3-US-07/summary.md","AUTOMATED","COVERED_BY_REGRESSION","","",""
"AT-RFP-008","P0_BLOCKER","API","REFERRAL_ADJUSTMENT","退款通过非负 Adjustment 冲正返佣","BASELINE-REFERRAL; BASELINE-ADJUSTMENT","API_DB_INTEGRATION","M23-US-06;M3-US-05;M3-US-07","correctReferralAttribution;createReferralAttribution;getCommissionConfidential;getReferralAttributionConfidential;listCommissions;listCurrentUserCommissions;listCurrentUserConsumptions;listReferralAttributions;updateCommission","tests/m3-us-05-api.spec.ts;tests/m3-us-05-commissions-api.spec.ts;tests/m3-us-05-db.spec.ts;tests/m3-us-07-api.spec.ts;tests/m3-us-07-db.spec.ts","evidence/P0/M23-US-06/summary.md;evidence/P0/M3-US-05/summary.md;evidence/P0/M3-US-07/summary.md","AUTOMATED","COVERED_BY_REGRESSION","","",""
"AT-TML-001","P0_BLOCKER","API","TRANSACTION_TIMELINE","订单业务事实形成统一时间线","BASELINE-P0; BASELINE-TIMELINE","API_CONTRACT","M23-US-06;M4-US-08","getAdminOrder","tests/m4-us-08-api.spec.ts;tests/m4-us-08-dashboard.spec.ts;tests/m4-us-08-db.spec.ts","evidence/P0/M23-US-06/summary.md;evidence/P0/M4-US-08/summary.md","AUTOMATED","COVERED_BY_REGRESSION","","",""
"AT-TML-002","P0_HIGH","API","TRANSACTION_TIMELINE","时间线按角色脱敏","BASELINE-TIMELINE; BASELINE-RBAC","API_DATA_SCOPE","M23-US-06;M4-US-08","getAdminOrder","tests/m4-us-08-api.spec.ts;tests/m4-us-08-dashboard.spec.ts;tests/m4-us-08-db.spec.ts","evidence/P0/M23-US-06/summary.md;evidence/P0/M4-US-08/summary.md","AUTOMATED","COVERED_BY_REGRESSION","","",""
"AT-MET-001","P0_HIGH","API","METRICS","今日订单数口径可复算","BASELINE-METRICS","API_METRIC_RECONCILIATION","M23-US-08;M4-US-09;M5-US-01","getDashboardSummary","tests/m4-us-09-api.spec.ts;tests/m4-us-09-dashboard.spec.ts;tests/m4-us-09-db.spec.ts;tests/m5-us-01-cross-client.spec.ts;tests/m5-us-01-traceability.spec.ts","evidence/P0/M23-US-08/summary.md;evidence/P0/M4-US-09/summary.md;evidence/P0/M5-US-01/summary.md","AUTOMATED","COVERED_BY_REGRESSION","","",""
"AT-MET-002","P0_HIGH","API","METRICS","进行中订单数口径可复算","BASELINE-METRICS","API_METRIC_RECONCILIATION","M23-US-08;M4-US-09","getDashboardSummary","tests/m4-us-09-api.spec.ts;tests/m4-us-09-dashboard.spec.ts;tests/m4-us-09-db.spec.ts","evidence/P0/M23-US-08/summary.md;evidence/P0/M4-US-09/summary.md","AUTOMATED","COVERED_BY_REGRESSION","","",""
"AT-MET-003","P0_HIGH","API","METRICS","待处理任务数口径可复算","BASELINE-METRICS","API_METRIC_RECONCILIATION","M23-US-08;M4-US-09","getDashboardSummary","tests/m4-us-09-api.spec.ts;tests/m4-us-09-dashboard.spec.ts;tests/m4-us-09-db.spec.ts","evidence/P0/M23-US-08/summary.md;evidence/P0/M4-US-09/summary.md","AUTOMATED","COVERED_BY_REGRESSION","","",""
"AT-MET-004","P0_HIGH","API","METRICS","已完成净消费扣除退款与冲正","BASELINE-METRICS","API_METRIC_RECONCILIATION","M23-US-08;M4-US-09","getDashboardSummary","tests/m4-us-09-api.spec.ts;tests/m4-us-09-dashboard.spec.ts;tests/m4-us-09-db.spec.ts","evidence/P0/M23-US-08/summary.md;evidence/P0/M4-US-09/summary.md","AUTOMATED","COVERED_BY_REGRESSION","","",""
"AT-MET-005","P0_HIGH","API","METRICS","礼物净消费独立统计","BASELINE-METRICS","API_METRIC_RECONCILIATION","M23-US-08;M4-US-09","getDashboardSummary","tests/m4-us-09-api.spec.ts;tests/m4-us-09-dashboard.spec.ts;tests/m4-us-09-db.spec.ts","evidence/P0/M23-US-08/summary.md;evidence/P0/M4-US-09/summary.md","AUTOMATED","COVERED_BY_REGRESSION","","",""
"AT-MET-006","P0_HIGH","API","METRICS","预留总额只含有效预留","BASELINE-METRICS; PL-02","API_METRIC_RECONCILIATION","M23-US-08;M4-US-09","getDashboardSummary","tests/m4-us-09-api.spec.ts;tests/m4-us-09-dashboard.spec.ts;tests/m4-us-09-db.spec.ts","evidence/P0/M23-US-08/summary.md;evidence/P0/M4-US-09/summary.md","AUTOMATED","COVERED_BY_REGRESSION","","",""
"AT-MET-007","P0_HIGH","API","METRICS","派单成功率使用已接受尝试除以总尝试","BASELINE-METRICS","API_METRIC_RECONCILIATION","M23-US-08;M4-US-09","getDashboardSummary","tests/m4-us-09-api.spec.ts;tests/m4-us-09-dashboard.spec.ts;tests/m4-us-09-db.spec.ts","evidence/P0/M23-US-08/summary.md;evidence/P0/M4-US-09/summary.md","AUTOMATED","COVERED_BY_REGRESSION","","",""
"AT-MET-008","P0_HIGH","API","METRICS","异常数按唯一事件计数","BASELINE-METRICS","API_METRIC_RECONCILIATION","M23-US-08;M4-US-09","getDashboardSummary","tests/m4-us-09-api.spec.ts;tests/m4-us-09-dashboard.spec.ts;tests/m4-us-09-db.spec.ts","evidence/P0/M23-US-08/summary.md;evidence/P0/M4-US-09/summary.md","AUTOMATED","COVERED_BY_REGRESSION","","",""
"AT-UI-001","P0_BLOCKER","E2E","DISCORD_UI","个人服务中心使用合规原生组件","SPEC-7.5; M7-SPEC-§7","E2E_DISCORD_COMPONENTS","M1-US-04","createOrder;getOrder;updateOrder","tests/m1-us-04-bot.spec.ts","evidence/P0/M1-US-04/summary.md","EXTERNAL_E2E","PENDING_EXTERNAL","","",""
"AT-UI-002","P0_BLOCKER","E2E","DISCORD_UI","订单结构化选择在消息面板逐步完成","SPEC-6.2; SPEC-7.5","E2E_DISCORD_COMPONENTS","M1-US-04","createOrder;getOrder;updateOrder","tests/m1-us-04-bot.spec.ts","evidence/P0/M1-US-04/summary.md","EXTERNAL_E2E","PENDING_EXTERNAL","","",""
"AT-UI-003","P0_BLOCKER","E2E","DISCORD_UI","补充备注 Modal 保持单字段纵向布局","SPEC-6.2; SPEC-7.5","E2E_DISCORD_COMPONENTS","M1-US-04","createOrder;getOrder;updateOrder","tests/m1-us-04-bot.spec.ts","evidence/P0/M1-US-04/summary.md","EXTERNAL_E2E","PENDING_EXTERNAL","","",""
"AT-UI-004","P0_HIGH","E2E","DISCORD_UI","超过 25 个选项时使用消息分页或提交后搜索","SPEC-7.5","E2E_DISCORD_COMPONENTS","M1-US-04","createOrder;getOrder;updateOrder","tests/m1-us-04-bot.spec.ts","evidence/P0/M1-US-04/summary.md","EXTERNAL_E2E","PENDING_EXTERNAL","","",""
"AT-UI-005","P0_HIGH","E2E","DISCORD_UI","送礼与取消确认使用私密消息而非复杂 Modal","SPEC-7.5; SPEC-17.3","E2E_DISCORD_COMPONENTS","M2-US-10;M3-US-01","cancelOrder;createOrderGiftRequest;getCurrentBalance;listGifts;previewOrderCancellation","tests/m2-us-10-api.spec.ts;tests/m2-us-10-bot.spec.ts;tests/m2-us-10-db.spec.ts;tests/m3-us-01-api.spec.ts;tests/m3-us-01-bot.spec.ts;tests/m3-us-01-db.spec.ts","evidence/P0/M2-US-10/summary.md;evidence/P0/M3-US-01/summary.md","EXTERNAL_E2E","PENDING_EXTERNAL","","",""
"AT-CFG-001","P0_BLOCKER","E2E","BOT_CONFIG","L3 运营修改日常频道配置","BOT-CONFIG-DESIGN-§2-5; ACCESS-01; ACCESS-02","E2E_DISCORD_API","M23-US-08;M4-US-10","getBotConfig;testBotConfigDelivery;updateBotConfig;validateBotConfigChange","tests/m4-us-10-api.spec.ts;tests/m4-us-10-bot.spec.ts;tests/m4-us-10-db.spec.ts","evidence/P0/M23-US-08/summary.md;evidence/P0/M4-US-10/summary.md","EXTERNAL_E2E","PENDING_EXTERNAL","","",""
"AT-CFG-002","P0_BLOCKER","API","BOT_CONFIG","L4 累积继承 L3 配置权限","BOT-CONFIG-DESIGN-§2; BASELINE-RBAC; ACCESS-01","API_RBAC","M23-US-08;M4-US-10","getBotConfig;testBotConfigDelivery;updateBotConfig;validateBotConfigChange","tests/m4-us-10-api.spec.ts;tests/m4-us-10-bot.spec.ts;tests/m4-us-10-db.spec.ts","evidence/P0/M23-US-08/summary.md;evidence/P0/M4-US-10/summary.md","AUTOMATED","COVERED_BY_REGRESSION","","",""
"AT-CFG-003","P0_BLOCKER","API","BOT_CONFIG","L3 修改 Role 映射被 API 拒绝","BOT-CONFIG-DESIGN-§2-3; ACCESS-01; ACCESS-02","API_RBAC","M23-US-08;M4-US-10","getBotConfig;testBotConfigDelivery;updateBotConfig;validateBotConfigChange","tests/m4-us-10-api.spec.ts;tests/m4-us-10-bot.spec.ts;tests/m4-us-10-db.spec.ts","evidence/P0/M23-US-08/summary.md;evidence/P0/M4-US-10/summary.md","AUTOMATED","COVERED_BY_REGRESSION","","",""
"AT-CFG-004","P0_BLOCKER","E2E","BOT_CONFIG","频道配置使用 Discord Channel Select","BOT-CONFIG-DESIGN-§3.1; BOT-CONFIG-DESIGN-§4","E2E_DISCORD_COMPONENTS","M23-US-08;M4-US-10","getBotConfig;testBotConfigDelivery;updateBotConfig;validateBotConfigChange","tests/m4-us-10-api.spec.ts;tests/m4-us-10-bot.spec.ts;tests/m4-us-10-db.spec.ts","evidence/P0/M23-US-08/summary.md;evidence/P0/M4-US-10/summary.md","EXTERNAL_E2E","PENDING_EXTERNAL","","",""
"AT-CFG-005","P0_BLOCKER","API","BOT_CONFIG","无效频道或 Bot 权限不足不保存","BOT-CONFIG-DESIGN-§3.1; BOT-CONFIG-DESIGN-§5; BOT-CONFIG-DESIGN-§8","API_CONTRACT","M23-US-08;M4-US-10","getBotConfig;testBotConfigDelivery;updateBotConfig;validateBotConfigChange","tests/m4-us-10-api.spec.ts;tests/m4-us-10-bot.spec.ts;tests/m4-us-10-db.spec.ts","evidence/P0/M23-US-08/summary.md;evidence/P0/M4-US-10/summary.md","AUTOMATED","COVERED_BY_REGRESSION","","",""
"AT-CFG-006","P0_BLOCKER","E2E","BOT_CONFIG","修改必须先预览再确认应用","BOT-CONFIG-DESIGN-§4; BOT-CONFIG-DESIGN-§9","E2E_DISCORD_API","M23-US-08;M4-US-10","getBotConfig;testBotConfigDelivery;updateBotConfig;validateBotConfigChange","tests/m4-us-10-api.spec.ts;tests/m4-us-10-bot.spec.ts;tests/m4-us-10-db.spec.ts","evidence/P0/M23-US-08/summary.md;evidence/P0/M4-US-10/summary.md","EXTERNAL_E2E","PENDING_EXTERNAL","","",""
"AT-CFG-007","P0_BLOCKER","API","BOT_CONFIG","配置版本冲突不覆盖新值","BOT-CONFIG-DESIGN-§5-6; ACCESS-02","API_CONCURRENCY","M23-US-08;M4-US-10","getBotConfig;testBotConfigDelivery;updateBotConfig;validateBotConfigChange","tests/m4-us-10-api.spec.ts;tests/m4-us-10-bot.spec.ts;tests/m4-us-10-db.spec.ts","evidence/P0/M23-US-08/summary.md;evidence/P0/M4-US-10/summary.md","AUTOMATED","COVERED_BY_REGRESSION","","",""
"AT-CFG-008","P0_BLOCKER","API","BOT_CONFIG","配置变更追加完整审计事件","BOT-CONFIG-DESIGN-§2; BOT-CONFIG-DESIGN-§5-6; SPEC-12.1","API_AUDIT_ASSERTION","M23-US-08;M4-US-10","getBotConfig;testBotConfigDelivery;updateBotConfig;validateBotConfigChange","tests/m4-us-10-api.spec.ts;tests/m4-us-10-bot.spec.ts;tests/m4-us-10-db.spec.ts","evidence/P0/M23-US-08/summary.md;evidence/P0/M4-US-10/summary.md","AUTOMATED","COVERED_BY_REGRESSION","","",""
"AT-CFG-009","P0_HIGH","E2E","BOT_CONFIG","Bot 重启后从 API 重载当前配置","BOT-CONFIG-DESIGN-§4; BOT-CONFIG-DESIGN-§8-9","E2E_RESTART_RECOVERY","M23-US-08;M4-US-10","getBotConfig;testBotConfigDelivery;updateBotConfig;validateBotConfigChange","tests/m4-us-10-api.spec.ts;tests/m4-us-10-bot.spec.ts;tests/m4-us-10-db.spec.ts","evidence/P0/M23-US-08/summary.md;evidence/P0/M4-US-10/summary.md","EXTERNAL_E2E","PENDING_EXTERNAL","","",""
"AT-CFG-010","P0_BLOCKER","E2E","BOT_CONFIG","配置交互保持 ephemeral 隐私","BOT-CONFIG-DESIGN-§4; BOT-CONFIG-DESIGN-§7; BOT-CONFIG-DESIGN-§9","E2E_PRIVACY_SCAN","M4-US-10","getBotConfig;testBotConfigDelivery;updateBotConfig;validateBotConfigChange","tests/m4-us-10-api.spec.ts;tests/m4-us-10-bot.spec.ts;tests/m4-us-10-db.spec.ts","evidence/P0/M4-US-10/summary.md","EXTERNAL_E2E","PENDING_EXTERNAL","","",""
"AT-SET-001","P0_BLOCKER","DB","SETTLEMENT","同一收益不能进入两个有效批次","M6-SPEC-§4.3","API_DB_CONCURRENCY","M23-US-07;M6-US-01","createSettlementBatch;getSettlementBatch;listSettlementBatches;previewSettlementBatch","tests/m6-us-01-db.spec.ts;tests/m6-us-01.spec.ts","evidence/P0/M23-US-07/summary.md;evidence/P0/M6-US-01/summary.md","AUTOMATED","COVERED_BY_REGRESSION","","",""
"AT-SET-002","P0_BLOCKER","API","SETTLEMENT","自动结算重放返回同一批次","M6-SPEC-§4.3","API_IDEMPOTENCY","M23-US-07;M6-US-01","createSettlementBatch;getSettlementBatch;listSettlementBatches;previewSettlementBatch","tests/m6-us-01-db.spec.ts;tests/m6-us-01.spec.ts","evidence/P0/M23-US-07/summary.md;evidence/P0/M6-US-01/summary.md","AUTOMATED","COVERED_BY_REGRESSION","","",""
"AT-SET-003","P0_HIGH","DB","SETTLEMENT","批次快照与后续调整分期","M6-SPEC-§4.3","API_DB_INTEGRATION","M23-US-07;M6-US-01","createSettlementBatch;getSettlementBatch;listSettlementBatches;previewSettlementBatch","tests/m6-us-01-db.spec.ts;tests/m6-us-01.spec.ts","evidence/P0/M23-US-07/summary.md;evidence/P0/M6-US-01/summary.md","AUTOMATED","COVERED_BY_REGRESSION","","",""
"AT-SET-004","P0_BLOCKER","API","SETTLEMENT","高额手动批次禁止创建者自批","M6-SPEC-§4.4; ACCESS-02","API_RBAC","M23-US-07;M6-US-02","approveSettlementBatch;exportSettlementBatch;recordSettlementPaymentResults;submitSettlementBatch;voidSettlementBatch","tests/m6-us-02-api.spec.ts;tests/m6-us-02-db.spec.ts;tests/m6-us-02-migration.spec.ts","evidence/P0/M23-US-07/summary.md;evidence/P0/M6-US-02/summary.md","AUTOMATED","COVERED_BY_REGRESSION","","",""
"AT-SET-005","P0_BLOCKER","API","SETTLEMENT","部分支付只完成成功项目","M6-SPEC-§4.5","API_TRANSACTION","M23-US-07;M6-US-02","approveSettlementBatch;exportSettlementBatch;recordSettlementPaymentResults;submitSettlementBatch;voidSettlementBatch","tests/m6-us-02-api.spec.ts;tests/m6-us-02-db.spec.ts;tests/m6-us-02-migration.spec.ts","evidence/P0/M23-US-07/summary.md;evidence/P0/M6-US-02/summary.md","AUTOMATED","COVERED_BY_REGRESSION","","",""
"AT-SET-006","P0_HIGH","API","SETTLEMENT","导出不包含银行敏感数据","M6-SPEC-§4.5","API_CONTRACT","M23-US-07;M6-US-02","approveSettlementBatch;exportSettlementBatch;recordSettlementPaymentResults;submitSettlementBatch;voidSettlementBatch","tests/m6-us-02-api.spec.ts;tests/m6-us-02-db.spec.ts;tests/m6-us-02-migration.spec.ts","evidence/P0/M23-US-07/summary.md;evidence/P0/M6-US-02/summary.md","AUTOMATED","COVERED_BY_REGRESSION","","",""
"AT-SET-010","P0_BLOCKER","API","SETTLEMENT","支付登记必须可对账","M6-SPEC-§4.5","API_AUDIT_ASSERTION","M23-US-07;M6-US-02","approveSettlementBatch;exportSettlementBatch;recordSettlementPaymentResults;submitSettlementBatch;voidSettlementBatch","tests/m6-us-02-api.spec.ts;tests/m6-us-02-db.spec.ts;tests/m6-us-02-migration.spec.ts","evidence/P0/M23-US-07/summary.md;evidence/P0/M6-US-02/summary.md","AUTOMATED","COVERED_BY_REGRESSION","","",""
"AT-RPT-001","P0_BLOCKER","WORKER","WEEKLY_REPORT","周期报告生成可重放","M6-SPEC-§5","WORKER_DB_INTEGRATION","M23-US-07;M6-US-03","createWeeklyReportRevision;exportWeeklyReport;getAdminWeeklyReport;getCurrentPlayerWeeklyReport;listAdminWeeklyReports;listCurrentPlayerWeeklyReports","tests/m6-us-03-api.spec.ts;tests/m6-us-03-db.spec.ts;tests/m6-us-03-worker.spec.ts;tests/m6-us-03.spec.ts","evidence/P0/M23-US-07/summary.md;evidence/P0/M6-US-03/summary.md","AUTOMATED","COVERED_BY_REGRESSION","","",""
"AT-RPT-002","P0_HIGH","API","WEEKLY_REPORT","陪玩只能查看本人周报","M6-SPEC-§5","API_PRIVACY","M23-US-07;M6-US-03","createWeeklyReportRevision;exportWeeklyReport;getAdminWeeklyReport;getCurrentPlayerWeeklyReport;listAdminWeeklyReports;listCurrentPlayerWeeklyReports","tests/m6-us-03-api.spec.ts;tests/m6-us-03-db.spec.ts;tests/m6-us-03-worker.spec.ts;tests/m6-us-03.spec.ts","evidence/P0/M23-US-07/summary.md;evidence/P0/M6-US-03/summary.md","AUTOMATED","COVERED_BY_REGRESSION","","",""
"AT-RPT-006","P0_HIGH","WORKER","WEEKLY_REPORT","通知失败不阻断报告结算","M6-SPEC-§5;§8","WORKER_RECOVERY","M23-US-07;M6-US-03","createWeeklyReportRevision;exportWeeklyReport;getAdminWeeklyReport;getCurrentPlayerWeeklyReport;listAdminWeeklyReports;listCurrentPlayerWeeklyReports","tests/m6-us-03-api.spec.ts;tests/m6-us-03-db.spec.ts;tests/m6-us-03-worker.spec.ts;tests/m6-us-03.spec.ts","evidence/P0/M23-US-07/summary.md;evidence/P0/M6-US-03/summary.md","AUTOMATED","COVERED_BY_REGRESSION","","",""
"AT-PRF-001","P0_HIGH","API","CUSTOMER_PROFILE","客户 Profile 统计口径与分页","M6-SPEC-§6.1","API_DB_INTEGRATION","M6-US-04","appendAdminCustomerProfileNote;getAdminCustomerProfileSummary;listAdminCustomerOrders;listAdminUserConsumptions","tests/m6-us-04-api.spec.ts;tests/m6-us-04-dashboard.spec.ts;tests/m6-us-04-db.spec.ts","evidence/P0/M6-US-04/summary.md","AUTOMATED","COVERED_BY_REGRESSION","","",""
"AT-PRF-002","P0_BLOCKER","API","USER_PROFILE","用户只能读取自己的 Profile","M6-SPEC-§6.2","API_PRIVACY","M23-US-02;M6-US-05","getCurrentPlayerWeeklyReport;getCurrentUserProfileSummary;listCurrentPlayerWeeklyReports;listCurrentUserOrders","tests/m6-us-05-api.spec.ts;tests/m6-us-05-bot.spec.ts","evidence/P0/M23-US-02/summary.md;evidence/P0/M6-US-05/summary.md","AUTOMATED","COVERED_BY_REGRESSION","","",""
"AT-PRF-004","P0_HIGH","API","CUSTOMER_PROFILE","后台 Profile 不泄露返佣受益人给低权限或用户","M6-SPEC-§6; REF-06","API_PRIVACY_SCAN","M23-US-02;M6-US-04","appendAdminCustomerProfileNote;getAdminCustomerProfileSummary;listAdminCustomerOrders;listAdminUserConsumptions","tests/m6-us-04-api.spec.ts;tests/m6-us-04-dashboard.spec.ts;tests/m6-us-04-db.spec.ts","evidence/P0/M23-US-02/summary.md;evidence/P0/M6-US-04/summary.md","AUTOMATED","COVERED_BY_REGRESSION","","",""
"AT-PRF-005","P0_HIGH","E2E","USER_PROFILE","Discord Profile 保持私密且可导航","M6-SPEC-§6.2","E2E_DISCORD_API","M6-US-05","getCurrentPlayerWeeklyReport;getCurrentUserProfileSummary;listCurrentPlayerWeeklyReports;listCurrentUserOrders","tests/m6-us-05-api.spec.ts;tests/m6-us-05-bot.spec.ts","evidence/P0/M6-US-05/summary.md","EXTERNAL_E2E","PENDING_EXTERNAL","","",""
"AT-PRF-006","P0_BLOCKER","API","USER_PROFILE","余额与预留使用同一内部账本快照","M6-SPEC-§6.2; M7-SPEC-§2","API_WALLET_INTEGRATION","M23-US-02;M6-US-05","getCurrentPlayerWeeklyReport;getCurrentUserProfileSummary;listCurrentPlayerWeeklyReports;listCurrentUserOrders","tests/m6-us-05-api.spec.ts;tests/m6-us-05-bot.spec.ts","evidence/P0/M23-US-02/summary.md;evidence/P0/M6-US-05/summary.md","AUTOMATED","COVERED_BY_REGRESSION","","",""
"AT-PRF-008","P0_HIGH","DASHBOARD","CUSTOMER_PROFILE","Profile 模块失败彼此隔离","M6-SPEC-§6.1;§8; M7-SPEC-§7","DASHBOARD_COMPONENT","M6-US-04","appendAdminCustomerProfileNote;getAdminCustomerProfileSummary;listAdminCustomerOrders;listAdminUserConsumptions","tests/m6-us-04-api.spec.ts;tests/m6-us-04-dashboard.spec.ts;tests/m6-us-04-db.spec.ts","evidence/P0/M6-US-04/summary.md","AUTOMATED","COVERED_BY_REGRESSION","","",""
"AT-GFT-012","P0_BLOCKER","API","GIFT","余额不足礼物可选但零业务写入","M6-SPEC-§7","API_DB_ASSERTION","M22-US-06;M6-US-06","checkGiftAffordability;createOrderGiftRequest","tests/m22-us-06-gift-assist-boundaries.spec.ts;tests/m22-us-06-gift-automation-gate.spec.ts;tests/m22-us-06-gift-bot-adapter.spec.ts;tests/m22-us-06-gift-entry-postgres.spec.ts;tests/m22-us-06-gift-fixture-contract.spec.ts;tests/m22-us-06-gift-lifecycle-postgres.spec.ts;tests/m22-us-06-gift-privacy-worker.spec.ts;tests/m6-us-06-api.spec.ts;tests/m6-us-06-bot.spec.ts","evidence/P0/M22-US-06/summary.md;evidence/P0/M6-US-06/summary.md","AUTOMATED","COVERED_BY_REGRESSION","","",""
"AT-GFT-013","P0_HIGH","E2E","GIFT","客服充值后刷新并继续原礼物","M6-SPEC-§7; M7-SPEC-§7","E2E_DISCORD_API","M22-US-06;M6-US-06","checkGiftAffordability;createOrderGiftRequest","tests/m22-us-06-gift-assist-boundaries.spec.ts;tests/m22-us-06-gift-automation-gate.spec.ts;tests/m22-us-06-gift-bot-adapter.spec.ts;tests/m22-us-06-gift-entry-postgres.spec.ts;tests/m22-us-06-gift-fixture-contract.spec.ts;tests/m22-us-06-gift-lifecycle-postgres.spec.ts;tests/m22-us-06-gift-privacy-worker.spec.ts;tests/m6-us-06-api.spec.ts;tests/m6-us-06-bot.spec.ts","evidence/P0/M22-US-06/summary.md;evidence/P0/M6-US-06/summary.md","EXTERNAL_E2E","PENDING_EXTERNAL","","",""
"AT-GFT-014","P0_BLOCKER","API","GIFT","刷新后价格变化要求重确认","M6-SPEC-§7","API_CONCURRENCY","M22-US-06;M6-US-06","checkGiftAffordability;createOrderGiftRequest","tests/m22-us-06-gift-assist-boundaries.spec.ts;tests/m22-us-06-gift-automation-gate.spec.ts;tests/m22-us-06-gift-bot-adapter.spec.ts;tests/m22-us-06-gift-entry-postgres.spec.ts;tests/m22-us-06-gift-fixture-contract.spec.ts;tests/m22-us-06-gift-lifecycle-postgres.spec.ts;tests/m22-us-06-gift-privacy-worker.spec.ts;tests/m6-us-06-api.spec.ts;tests/m6-us-06-bot.spec.ts","evidence/P0/M22-US-06/summary.md;evidence/P0/M6-US-06/summary.md","AUTOMATED","COVERED_BY_REGRESSION","","",""
"AT-RPT-007","P0_HIGH","API","WEEKLY_REPORT","授权周报可按修订版本导出","M6-SPEC-§5","API_CONTRACT","M23-US-07;M6-US-03","createWeeklyReportRevision;exportWeeklyReport;getAdminWeeklyReport;getCurrentPlayerWeeklyReport;listAdminWeeklyReports;listCurrentPlayerWeeklyReports","tests/m6-us-03-api.spec.ts;tests/m6-us-03-db.spec.ts;tests/m6-us-03-worker.spec.ts;tests/m6-us-03.spec.ts","evidence/P0/M23-US-07/summary.md;evidence/P0/M6-US-03/summary.md","AUTOMATED","COVERED_BY_REGRESSION","","",""
"AT-RPT-008","P0_HIGH","API","WEEKLY_REPORT","人工纠错只追加周报修订","M6-SPEC-§5","API_AUDIT_ASSERTION","M23-US-07;M6-US-03","createWeeklyReportRevision;exportWeeklyReport;getAdminWeeklyReport;getCurrentPlayerWeeklyReport;listAdminWeeklyReports;listCurrentPlayerWeeklyReports","tests/m6-us-03-api.spec.ts;tests/m6-us-03-db.spec.ts;tests/m6-us-03-worker.spec.ts;tests/m6-us-03.spec.ts","evidence/P0/M23-US-07/summary.md;evidence/P0/M6-US-03/summary.md","AUTOMATED","COVERED_BY_REGRESSION","","",""
"AT-PRF-009","P0_BLOCKER","API","CUSTOMER_PROFILE","L1 客户资料范围跨模块一致","M6-SPEC-§6.1; ACCESS-02","API_RBAC","M6-US-04","appendAdminCustomerProfileNote;getAdminCustomerProfileSummary;listAdminCustomerOrders;listAdminUserConsumptions","tests/m6-us-04-api.spec.ts;tests/m6-us-04-dashboard.spec.ts;tests/m6-us-04-db.spec.ts","evidence/P0/M6-US-04/summary.md","AUTOMATED","COVERED_BY_REGRESSION","","",""
"AT-PRF-010","P0_BLOCKER","E2E","CUSTOMER_PROFILE","客服内部备注只追加且复用客户范围","M6-SPEC-§6.1; ACCESS-02","E2E_DASHBOARD_API_DB","M6-US-04","appendAdminCustomerProfileNote;getAdminCustomerProfileSummary;listAdminCustomerOrders;listAdminUserConsumptions","tests/m6-us-04-api.spec.ts;tests/m6-us-04-dashboard.spec.ts;tests/m6-us-04-db.spec.ts","evidence/P0/M6-US-04/summary.md","EXTERNAL_E2E","PENDING_EXTERNAL","","",""
"AT-GFT-015","P0_HIGH","API","GIFT","余额不足返回客服充值指引","M6-SPEC-§7","API_WALLET_INTEGRATION","M22-US-06;M6-US-06","checkGiftAffordability;createOrderGiftRequest","tests/m22-us-06-gift-assist-boundaries.spec.ts;tests/m22-us-06-gift-automation-gate.spec.ts;tests/m22-us-06-gift-bot-adapter.spec.ts;tests/m22-us-06-gift-entry-postgres.spec.ts;tests/m22-us-06-gift-fixture-contract.spec.ts;tests/m22-us-06-gift-lifecycle-postgres.spec.ts;tests/m22-us-06-gift-privacy-worker.spec.ts;tests/m6-us-06-api.spec.ts;tests/m6-us-06-bot.spec.ts","evidence/P0/M22-US-06/summary.md;evidence/P0/M6-US-06/summary.md","AUTOMATED","COVERED_BY_REGRESSION","","",""
"AT-WAL-001","P0_BLOCKER","DB","WALLET","内部 CAT 账本是唯一余额事实","M7-SPEC-§2;§4; M9-SPEC-§3","DB_API_ASSERTION","M23-US-02;M7-US-01;M7-US-02;M7-US-05","createAdminExternalRefundDebit;createAdminTopUp;createWalletAdjustment;getAuditLog;listAdminWalletEntries","tests/m7-us-01-contract.spec.ts;tests/m7-us-02-db.spec.ts;tests/m7-us-05-funding-db.spec.ts;tests/m7-us-05-funding-migration.spec.ts","evidence/P0/M23-US-02/summary.md;evidence/P0/M7-US-01/summary.md;evidence/P0/M7-US-02/summary.md;evidence/P0/M7-US-05/summary.md","AUTOMATED","COVERED_BY_REGRESSION","","",""
"AT-WAL-002","P0_BLOCKER","DB","WALLET","资金事实只追加且不可硬删除","M7-SPEC-§4;§9","DB_CONSTRAINT","M23-US-02;M7-US-02;M7-US-05","none","tests/m7-us-02-db.spec.ts;tests/m7-us-05-funding-db.spec.ts;tests/m7-us-05-funding-migration.spec.ts","evidence/P0/M23-US-02/summary.md;evidence/P0/M7-US-02/summary.md;evidence/P0/M7-US-05/summary.md","AUTOMATED","COVERED_BY_REGRESSION","","",""
"AT-WAL-003","P0_BLOCKER","API","TOP_UP","L2 记录 USD 付款并即时充值 CAT","M7-SPEC-§5;§7; M9-SPEC-§3;§5","API_DB_ASSERTION","M23-US-02;M7-US-04;M7-US-06","createAdminExternalRefundDebit;createAdminTopUp;createWalletAdjustment;listAdminWalletEntries","tests/m7-us-04-api.spec.ts;tests/m7-us-04-db.spec.ts;tests/m7-us-04-wallet.spec.ts;tests/m7-us-06-bot.spec.ts;tests/m7-us-06-dashboard.spec.ts","evidence/P0/M23-US-02/summary.md;evidence/P0/M7-US-04/summary.md;evidence/P0/M7-US-06/summary.md","AUTOMATED","COVERED_BY_REGRESSION","","",""
"AT-WAL-004","P0_BLOCKER","API","TOP_UP","L1 不能执行人工 CAT 充值","M7-SPEC-§5;§9; M9-SPEC-§5","API_RBAC_AUDIT","M23-US-02;M7-US-04","createAdminExternalRefundDebit;createAdminTopUp;createWalletAdjustment;listAdminWalletEntries","tests/m7-us-04-api.spec.ts;tests/m7-us-04-db.spec.ts;tests/m7-us-04-wallet.spec.ts","evidence/P0/M23-US-02/summary.md;evidence/P0/M7-US-04/summary.md","AUTOMATED","COVERED_BY_REGRESSION","","",""
"AT-WAL-005","P0_HIGH","API","TOP_UP","L2 可执行正数 USD cents 到 CAT 充值","M7-SPEC-§5;§9; M9-SPEC-§3;§5","API_RBAC_AUDIT","M23-US-02;M7-US-04","createAdminExternalRefundDebit;createAdminTopUp;createWalletAdjustment;listAdminWalletEntries","tests/m7-us-04-api.spec.ts;tests/m7-us-04-db.spec.ts;tests/m7-us-04-wallet.spec.ts","evidence/P0/M23-US-02/summary.md;evidence/P0/M7-US-04/summary.md","AUTOMATED","COVERED_BY_REGRESSION","","",""
"AT-WAL-006","P0_BLOCKER","API","TOP_UP","付款方式与 receipt 组合唯一","M7-SPEC-§5; M9-SPEC-§5","API_DB_CONCURRENCY","M23-US-02;M7-US-04","createAdminExternalRefundDebit;createAdminTopUp;createWalletAdjustment;listAdminWalletEntries","tests/m7-us-04-api.spec.ts;tests/m7-us-04-db.spec.ts;tests/m7-us-04-wallet.spec.ts","evidence/P0/M23-US-02/summary.md;evidence/P0/M7-US-04/summary.md","AUTOMATED","COVERED_BY_REGRESSION","","",""
"AT-WAL-007","P0_HIGH","E2E","TOP_UP","充值凭证附件可选且私有","M7-SPEC-§6;§7; M9-SPEC-§5","E2E_DASHBOARD_API","M23-US-02;M7-US-04;M7-US-06","createAdminExternalRefundDebit;createAdminTopUp;createWalletAdjustment;listAdminWalletEntries","tests/m7-us-04-api.spec.ts;tests/m7-us-04-db.spec.ts;tests/m7-us-04-wallet.spec.ts;tests/m7-us-06-bot.spec.ts;tests/m7-us-06-dashboard.spec.ts","evidence/P0/M23-US-02/summary.md;evidence/P0/M7-US-04/summary.md;evidence/P0/M7-US-06/summary.md","EXTERNAL_E2E","PENDING_EXTERNAL","","",""
"AT-WAL-008","P0_BLOCKER","API","EXTERNAL_REFUND","渠道退款扣款不允许负数","M7-SPEC-§5;§8","API_CONCURRENCY_AUDIT","M23-US-02;M7-US-04","createAdminExternalRefundDebit;createAdminTopUp;createWalletAdjustment;listAdminWalletEntries","tests/m7-us-04-api.spec.ts;tests/m7-us-04-db.spec.ts;tests/m7-us-04-wallet.spec.ts","evidence/P0/M23-US-02/summary.md;evidence/P0/M7-US-04/summary.md","AUTOMATED","COVERED_BY_REGRESSION","","",""
"AT-WAL-009","P0_HIGH","API","EXTERNAL_REFUND","足额渠道退款登记为内部借记","M7-SPEC-§5;§8;§9","API_DB_ASSERTION","M23-US-02;M7-US-04;M7-US-06","createAdminExternalRefundDebit;createAdminTopUp;createWalletAdjustment;listAdminWalletEntries","tests/m7-us-04-api.spec.ts;tests/m7-us-04-db.spec.ts;tests/m7-us-04-wallet.spec.ts;tests/m7-us-06-bot.spec.ts;tests/m7-us-06-dashboard.spec.ts","evidence/P0/M23-US-02/summary.md;evidence/P0/M7-US-04/summary.md;evidence/P0/M7-US-06/summary.md","AUTOMATED","COVERED_BY_REGRESSION","","",""
"AT-WAL-010","P0_BLOCKER","CONTRACT","WALLET","运行时资金合同只允许 CAT 内部钱包","M7-SPEC-§1;§11; M9-SPEC-§3;§8","STATIC_CONTRACT_GATE","M23-US-02;M7-US-01;M7-US-05;M7-US-07","createAdminExternalRefundDebit;createAdminTopUp;createWalletAdjustment;getAuditLog;listAdminWalletEntries","tests/m7-us-01-contract.spec.ts;tests/m7-us-05-funding-db.spec.ts;tests/m7-us-05-funding-migration.spec.ts;tests/m7-us-07-retirement.spec.ts","evidence/P0/M23-US-02/summary.md;evidence/P0/M7-US-01/summary.md;evidence/P0/M7-US-05/summary.md;evidence/P0/M7-US-07/summary.md","AUTOMATED","COVERED_BY_REGRESSION","","",""
"AT-AUD-005","P0_BLOCKER","DB","AUDIT","成功业务变更与逐对象审计原子提交","M7-SPEC-§9","DB_TRANSACTION_ASSERTION","M23-US-05;M23-US-07;M7-US-01;M7-US-02;M7-US-03","createAdminExternalRefundDebit;createAdminTopUp;createWalletAdjustment;getAuditLog;listAdminWalletEntries","tests/m7-us-01-contract.spec.ts;tests/m7-us-02-db.spec.ts;tests/m7-us-03-audit-db.spec.ts;tests/m7-us-03-audit.spec.ts","evidence/P0/M23-US-05/summary.md;evidence/P0/M23-US-07/summary.md;evidence/P0/M7-US-01/summary.md;evidence/P0/M7-US-02/summary.md;evidence/P0/M7-US-03/summary.md","AUTOMATED","COVERED_BY_REGRESSION","","",""
"AT-AUD-006","P0_BLOCKER","API","AUDIT","失败与权限拒绝也记录尝试","M7-SPEC-§9","API_AUDIT_ASSERTION","M7-US-03","getAuditLog","tests/m7-us-03-audit-db.spec.ts;tests/m7-us-03-audit.spec.ts","evidence/P0/M7-US-03/summary.md","AUTOMATED","COVERED_BY_REGRESSION","","",""
"AT-AUD-007","P0_HIGH","WORKER","AUDIT","Bot、Webhook 与 Job 写操作可归因","M7-SPEC-§9","INTEGRATION_AUDIT","M7-US-03","getAuditLog","tests/m7-us-03-audit-db.spec.ts;tests/m7-us-03-audit.spec.ts","evidence/P0/M7-US-03/summary.md","AUTOMATED","COVERED_BY_REGRESSION","","",""
"AT-AUD-008","P0_BLOCKER","API","AUDIT","全量写路由审计覆盖且记录不可变","M7-SPEC-§9;§11","STATIC_DB_GATE","M7-US-01;M7-US-03;M7-US-07","createAdminExternalRefundDebit;createAdminTopUp;createWalletAdjustment;getAuditLog;listAdminWalletEntries","tests/m7-us-01-contract.spec.ts;tests/m7-us-03-audit-db.spec.ts;tests/m7-us-03-audit.spec.ts;tests/m7-us-07-retirement.spec.ts","evidence/P0/M7-US-01/summary.md;evidence/P0/M7-US-03/summary.md;evidence/P0/M7-US-07/summary.md","AUTOMATED","COVERED_BY_REGRESSION","","",""
"AT-TKN-001","P0_BLOCKER","CONTRACT","TOKEN_DISPLAY","CAT 展示就是唯一内部账本事实","M8-SPEC-§2;§7; M9-SPEC-§3","STATIC_CONTRACT_GATE","M8-US-01","none","tests/m8-us-01-contract.spec.ts","evidence/P0/M8-US-01/summary.md","AUTOMATED","COVERED_BY_REGRESSION","","",""
"AT-TKN-002","P0_BLOCKER","UNIT","TOKEN_DISPLAY","CAT subunit 覆盖最小金额","M8-SPEC-§3;§6; M9-SPEC-§3","UNIT_AUTO","M8-US-01;M8-US-02","none","tests/m8-us-01-contract.spec.ts;tests/m8-us-02-wallet-display.spec.ts","evidence/P0/M8-US-01/summary.md;evidence/P0/M8-US-02/summary.md","AUTOMATED","COVERED_BY_REGRESSION","","",""
"AT-TKN-003","P0_HIGH","CONFIG","TOKEN_DISPLAY","猫条名称与 CAT 符号固定","M8-SPEC-§3;§5; M9-SPEC-§3","CONFIG_UNIT_AUTO","M8-US-01;M8-US-02","none","tests/m8-us-01-contract.spec.ts;tests/m8-us-02-wallet-display.spec.ts","evidence/P0/M8-US-01/summary.md;evidence/P0/M8-US-02/summary.md","AUTOMATED","COVERED_BY_REGRESSION","","",""
"AT-TKN-004","P0_BLOCKER","E2E","TOKEN_DISPLAY","客户钱包与消费只显示 CAT","M8-SPEC-§4; M9-SPEC-§3","E2E_DISCORD","M8-US-01;M8-US-03","none","tests/m8-us-01-contract.spec.ts;tests/m8-us-03-bot-display.spec.ts","evidence/P0/M8-US-01/summary.md;evidence/P0/M8-US-03/summary.md","EXTERNAL_E2E","PENDING_EXTERNAL","","",""
"AT-TKN-005","P0_BLOCKER","E2E","TOKEN_DISPLAY","员工和陪玩业务金额显示 CAT","M8-SPEC-§4; M9-SPEC-§3","E2E_DASHBOARD_DISCORD","M8-US-01;M8-US-03","none","tests/m8-us-01-contract.spec.ts;tests/m8-us-03-bot-display.spec.ts","evidence/P0/M8-US-01/summary.md;evidence/P0/M8-US-03/summary.md","EXTERNAL_E2E","PENDING_EXTERNAL","","",""
"AT-TKN-006","P0_HIGH","INTEGRATION","TOKEN_DISPLAY","USD 充值即时反映为 CAT","M8-SPEC-§2;§6; M9-SPEC-§3;§5","API_BOT_INTEGRATION","M8-US-01;M8-US-03","none","tests/m8-us-01-contract.spec.ts;tests/m8-us-03-bot-display.spec.ts","evidence/P0/M8-US-01/summary.md;evidence/P0/M8-US-03/summary.md","AUTOMATED","COVERED_BY_REGRESSION","","",""
"AT-TKN-007","P0_BLOCKER","CONFIG","TOKEN_DISPLAY","旧展示配置失败关闭","M8-SPEC-§5; M9-SPEC-§3","CONFIG_AUTO","M8-US-01;M8-US-02","none","tests/m8-us-01-contract.spec.ts;tests/m8-us-02-wallet-display.spec.ts","evidence/P0/M8-US-01/summary.md;evidence/P0/M8-US-02/summary.md","AUTOMATED","COVERED_BY_REGRESSION","","",""
"AT-ONB-001","P0_BLOCKER","API_DB","ONBOARDING","Discord 玩家自助注册幂等","M9-SPEC-§4","API_DB_CONCURRENCY","M23-US-02;M9-US-01;M9-US-03","applyCurrentDiscordCompanion;registerCurrentDiscordPlayer","tests/m9-us-01-contract.spec.ts;tests/m9-us-03-identity-merge-db.spec.ts;tests/m9-us-03-onboarding.spec.ts","evidence/P0/M23-US-02/summary.md;evidence/P0/M9-US-01/summary.md;evidence/P0/M9-US-03/summary.md","AUTOMATED","COVERED_BY_REGRESSION","","",""
"AT-ONB-002","P0_BLOCKER","API_DB","ONBOARDING","玩家申请陪玩不丢失玩家身份","M9-SPEC-§4;§6","API_DB_ASSERTION","M23-US-02;M9-US-03","applyCurrentDiscordCompanion;registerCurrentDiscordPlayer","tests/m9-us-03-identity-merge-db.spec.ts;tests/m9-us-03-onboarding.spec.ts","evidence/P0/M23-US-02/summary.md;evidence/P0/M9-US-03/summary.md","AUTOMATED","COVERED_BY_REGRESSION","","",""
"AT-ONB-003","P0_HIGH","BOT_API","ONBOARDING_CHANNEL_RECOVERY","玩家入口与订单频道可恢复","M9-SPEC-§4;M9-US-09","BOT_API_INTEGRATION","M17-US-02;M9-US-05;M9-US-09","createOrder;recoverOrderChannel","tests/m17-us-02-private-channel-adapter.spec.ts;tests/m9-us-05-onboarding-bot.spec.ts","evidence/P0/M9-US-05/summary.md;evidence/P0/M9-US-09/summary.md","AUTOMATED","COVERED_BY_REGRESSION","","",""
"AT-ONB-004","P0_BLOCKER","BOT_API","ROLE_SYNC","Discord 产品角色最终收敛","M9-SPEC-§4;§6","BOT_API_INTEGRATION","M9-US-05","none","tests/m9-us-05-onboarding-bot.spec.ts","evidence/P0/M9-US-05/summary.md","AUTOMATED","COVERED_BY_REGRESSION","","",""
"AT-ONB-005","P0_BLOCKER","DASHBOARD_API","COMPANION_REVIEW","陪玩批准或拒绝可审计","M9-SPEC-§6","E2E_DASHBOARD_DISCORD","M23-US-03;M9-US-06","approvePlayer;createAdminTopUp;rejectPlayer","tests/m9-us-06-dashboard.spec.ts","evidence/P0/M23-US-03/summary.md;evidence/P0/M9-US-06/summary.md","EXTERNAL_E2E","PENDING_EXTERNAL","","",""
"AT-ONB-006","P0_HIGH","AUTH","ONBOARDING","Discord 按钮不信任客户端权限","M9-SPEC-§4;§8","API_SECURITY","M23-US-02;M9-US-03;M9-US-07","applyCurrentDiscordCompanion;registerCurrentDiscordPlayer","tests/m9-us-03-identity-merge-db.spec.ts;tests/m9-us-03-onboarding.spec.ts;tests/m9-us-07-release.spec.ts","evidence/P0/M23-US-02/summary.md;evidence/P0/M9-US-03/summary.md;evidence/P0/M9-US-07/summary.md","AUTOMATED","COVERED_BY_REGRESSION","","",""
"AT-WLT-011","P0_BLOCKER","API_DB","TOP_UP","USD cents 固定换算 CAT subunits","M9-SPEC-§3;§5","API_DB_ASSERTION","M23-US-02;M9-US-02;M9-US-04","createAdminTopUp","tests/m9-us-02-db.spec.ts;tests/m9-us-04-cat-wallet.spec.ts","evidence/P0/M23-US-02/summary.md;evidence/P0/M9-US-02/summary.md;evidence/P0/M9-US-04/summary.md","AUTOMATED","COVERED_BY_REGRESSION","","",""
"AT-WLT-012","P0_BLOCKER","AUTH","TOP_UP","充值要求 L2 与近期验证","M9-SPEC-§5","API_SECURITY","M23-US-02;M9-US-04;M9-US-06","approvePlayer;createAdminTopUp;rejectPlayer","tests/m9-us-04-cat-wallet.spec.ts;tests/m9-us-06-dashboard.spec.ts","evidence/P0/M23-US-02/summary.md;evidence/P0/M9-US-04/summary.md;evidence/P0/M9-US-06/summary.md","AUTOMATED","COVERED_BY_REGRESSION","","",""
"AT-WLT-013","P0_BLOCKER","VALIDATION","TOP_UP","充值只接受 USD 和完整依据","M9-SPEC-§5","API_VALIDATION","M23-US-02;M9-US-04","createAdminTopUp","tests/m9-us-04-cat-wallet.spec.ts","evidence/P0/M23-US-02/summary.md;evidence/P0/M9-US-04/summary.md","AUTOMATED","COVERED_BY_REGRESSION","","",""
"AT-CAT-004","P0_BLOCKER","DB","WALLET","CAT 账本非负且资金事实只追加","M9-SPEC-§3;§7","DB_CONSTRAINT","M23-US-02;M9-US-02;M9-US-04","createAdminTopUp","tests/m9-us-02-db.spec.ts;tests/m9-us-04-cat-wallet.spec.ts","evidence/P0/M23-US-02/summary.md;evidence/P0/M9-US-02/summary.md;evidence/P0/M9-US-04/summary.md","AUTOMATED","COVERED_BY_REGRESSION","","",""
"AT-CAT-005","P0_BLOCKER","RELEASE","PROVIDER_RETIREMENT","运行时不依赖外部资金 Provider","M9-SPEC-§8;§9","STATIC_RUNTIME_GATE","M23-US-02;M9-US-07","none","tests/m9-us-07-release.spec.ts","evidence/P0/M23-US-02/summary.md;evidence/P0/M9-US-07/summary.md","AUTOMATED","COVERED_BY_REGRESSION","","",""
"AT-TAG-001","P0_HIGH","API_DB","BUSINESS_TAGS","标签代码稳定且只能停用","M9-US-08;TAG-01","API_DB_ASSERTION","M23-US-03;M9-US-08","createBusinessTag;listBusinessTags;updateBusinessTag","tests/m9-us-08-business-tags.spec.ts","evidence/P0/M23-US-03/summary.md;evidence/P0/M9-US-08/summary.md","AUTOMATED","COVERED_BY_REGRESSION","","",""
"AT-TAG-002","P0_HIGH","DASHBOARD","SERVICE_PLAYER_TAGS","服务与陪玩只使用受控标签","M9-US-08;TAG-01","DASHBOARD_API","M23-US-03;M9-US-08","createBusinessTag;listBusinessTags;updateBusinessTag","tests/m9-us-08-business-tags.spec.ts","evidence/P0/M23-US-03/summary.md;evidence/P0/M9-US-08/summary.md","AUTOMATED","COVERED_BY_REGRESSION","","",""
"AT-TAG-003","P0_HIGH","DASHBOARD","GIFT_CATEGORY","礼物版本选择预定义分类","M9-US-08;TAG-01","DASHBOARD_API","M9-US-08","createBusinessTag;listBusinessTags;updateBusinessTag","tests/m9-us-08-business-tags.spec.ts","evidence/P0/M9-US-08/summary.md","AUTOMATED","COVERED_BY_REGRESSION","","",""
"AT-TAG-004","P0_HIGH","REGRESSION","HISTORY","停用标签不回写历史","M9-US-08;TAG-01","API_DB_ASSERTION","M23-US-03;M9-US-08","createBusinessTag;listBusinessTags;updateBusinessTag","tests/m9-us-08-business-tags.spec.ts","evidence/P0/M23-US-03/summary.md;evidence/P0/M9-US-08/summary.md","AUTOMATED","COVERED_BY_REGRESSION","","",""
"AT-COMP-001","P0_HIGH","DASHBOARD_API_DB","PLAYER_COMPENSATION","个人项目分成优先并可编辑","M9-US-10;EAR-01","DASHBOARD_API_DB_ASSERTION","M23-US-03;M9-US-10","listPlayerCompensation;upsertPlayerCompensation","tests/m9-us-10-player-compensation.spec.ts","evidence/P0/M23-US-03/summary.md;evidence/P0/M9-US-10/summary.md","AUTOMATED","COVERED_BY_REGRESSION","","",""
"AT-COMP-002","P0_BLOCKER","API_DB","EARNING_SNAPSHOT","客户终选固化陪玩收益","M9-US-10;M11-US-02;EAR-01","API_DB_INTEGRATION","M23-US-03;M23-US-06;M9-US-10","listPlayerCompensation;upsertPlayerCompensation","tests/m9-us-10-player-compensation.spec.ts","evidence/P0/M23-US-03/summary.md;evidence/P0/M23-US-06/summary.md;evidence/P0/M9-US-10/summary.md","AUTOMATED","COVERED_BY_REGRESSION","","",""
"AT-ARC-001","P0_HIGH","DASHBOARD_API","CATALOG_ARCHIVE","服务项目可归档删除且保留历史","M9-US-11;CAT-03","DASHBOARD_API_DB","M23-US-03;M9-US-11","updateGiftCatalogItem;updateServiceCatalogVersion","tests/m9-us-11-catalog-archive.spec.ts","evidence/P0/M23-US-03/summary.md;evidence/P0/M9-US-11/summary.md","AUTOMATED","COVERED_BY_REGRESSION","","",""
"AT-ARC-002","P0_HIGH","DASHBOARD_API","GIFT_ARCHIVE","礼物可归档删除且保留历史","M9-US-11;CAT-03","DASHBOARD_API_DB","M9-US-11","updateGiftCatalogItem;updateServiceCatalogVersion","tests/m9-us-11-catalog-archive.spec.ts","evidence/P0/M9-US-11/summary.md","AUTOMATED","COVERED_BY_REGRESSION","","",""
"AT-DSP-011","P0_BLOCKER","API_WORKER","SELECTION_POOL_START","客户开始真实候选池招募","M9-US-13;M11-US-05;ORD-03","API_DB_WORKER","M23-US-04;M9-US-13","createOrderSelectionPool;getCurrentOrderSelectionPool;submitOrder","tests/m9-us-13-auto-dispatch.spec.ts","evidence/P0/M23-US-04/summary.md;evidence/P0/M9-US-13/summary.md","AUTOMATED","COVERED_BY_REGRESSION","","",""
"AT-DSP-012","P0_HIGH","WORKER_RECOVERY","SELECTION_POOL_LEGACY_CLOSE","旧截止任务不得结束当前招募","M9-US-13;M11-US-05;FUND-02","WORKER_DB_INTEGRATION","M23-US-04;M9-US-13","createOrderSelectionPool;getCurrentOrderSelectionPool;submitOrder","tests/m9-us-13-auto-dispatch.spec.ts","evidence/P0/M23-US-04/summary.md;evidence/P0/M9-US-13/summary.md","AUTOMATED","COVERED_BY_REGRESSION","","",""
"AT-DSP-013","P0_HIGH","API","SELECTION_APPLICATION_VIEW","客户可恢复查看完整报名池","M9-US-14;M11-US-02;ORD-03","API_DB_UNIT","M9-US-14","finalizeOrderSelectionPool;listOrderSelectionApplications","tests/m9-us-14-preferred-dispatch.spec.ts","evidence/P0/M9-US-14/summary.md","AUTOMATED","COVERED_BY_REGRESSION","","",""
"AT-DSP-014","P0_BLOCKER","API_DB","CUSTOMER_FINAL_SELECTION","客户选择而非系统自动决定入选者","M9-US-14;M11-US-02;ORD-03","API_DB_TRANSACTION","M23-US-04;M9-US-14","finalizeOrderSelectionPool;listOrderSelectionApplications","tests/m9-us-14-preferred-dispatch.spec.ts","evidence/P0/M23-US-04/summary.md;evidence/P0/M9-US-14/summary.md","AUTOMATED","COVERED_BY_REGRESSION","","",""
"AT-DSP-015","P0_BLOCKER","WORKER","SELECTION_MANUAL_GATE","客户手动控制本轮招募","M9-US-15;M11-US-05;ORD-03","WORKER_DB_INTEGRATION","M23-US-04;M9-US-15","closeOrderSelectionPool;createOrderSelectionPool","tests/m9-us-15-manual-dispatch.spec.ts","evidence/P0/M23-US-04/summary.md;evidence/P0/M9-US-15/summary.md","AUTOMATED","COVERED_BY_REGRESSION","","",""
"AT-DSP-016","P0_HIGH","BOT_API","CUSTOMER_STOPPED","客户可手动终止候选池","M9-US-15;M11-US-05;AUD-02","BOT_API_DB","M23-US-04;M9-US-15","closeOrderSelectionPool;createOrderSelectionPool","tests/m9-us-15-manual-dispatch.spec.ts","evidence/P0/M23-US-04/summary.md;evidence/P0/M9-US-15/summary.md","AUTOMATED","COVERED_BY_REGRESSION","","",""
"AT-DSP-017","P0_HIGH","WORKER_DISCORD","STAFF_SELECTION_NOTICE","选秀开始通知客服而不由客服派单","M9-US-16;M11-US-03;ORD-03","WORKER_DISCORD_RECOVERY","M9-US-16","closeOrderSelectionPool","tests/m9-us-16-staff-dispatch.spec.ts","evidence/P0/M9-US-16/summary.md","EXTERNAL_E2E","PENDING_EXTERNAL","","",""
"AT-DSP-018","P0_HIGH","API_SECURITY","STAFF_SELECTION_RBAC","Discord 客服 Role 不扩大业务 API 权限","M9-US-16;M11-US-03;AUD-02","API_RBAC","M9-US-16","closeOrderSelectionPool","tests/m9-us-16-staff-dispatch.spec.ts","evidence/P0/M9-US-16/summary.md","AUTOMATED","COVERED_BY_REGRESSION","","",""
"AT-DSP-019","P0_HIGH","WORKER_DISCORD","SELECTION_VOICE_COORDINATION","选秀开始创建不限人数私密语音房","M9-US-17;M11-US-03;ORD-03","WORKER_DISCORD_DB","M23-US-04;M9-US-17","closeOrderSelectionPool;finalizeOrderSelectionPool","external:M23-US-04;M9-US-17","evidence/P0/M23-US-04/summary.md;evidence/P0/M9-US-17/summary.md","EXTERNAL_E2E","PENDING_EXTERNAL","","",""
"AT-DSP-020","P0_HIGH","WORKER_DISCORD","SELECTION_PARTY_NOTIFICATIONS","选秀开始通知客户与客服并在终选后切换正式服务房","M9-US-17;M11-US-03;AUD-02","WORKER_DISCORD","M23-US-04;M9-US-17","closeOrderSelectionPool;finalizeOrderSelectionPool","external:M23-US-04;M9-US-17","evidence/P0/M23-US-04/summary.md;evidence/P0/M9-US-17/summary.md","EXTERNAL_E2E","PENDING_EXTERNAL","","",""
"AT-PRJ-001","P0_BLOCKER","API_DB_WORKER","ORDER_PANEL_TRANSACTIONAL_SYNC","订单事实和面板同步原子提交","M9-US-18;ORD-03;AUD-02","API_DB_WORKER_INTEGRATION","M23-US-04;M9-US-18","cancelOrder;confirmOrder;reassignOrder;resolveOrder;setOrderReadiness;submitOrder;updateOrder","tests/m9-us-18-order-projection-consistency.spec.ts","evidence/P0/M23-US-04/summary.md;evidence/P0/M9-US-18/summary.md","AUTOMATED","COVERED_BY_REGRESSION","","",""
"AT-PRJ-002","P0_HIGH","WORKER_DISCORD","ORDER_PANEL_STALE_CONTENT_REMOVAL","同步不残留旧卡片和失效按钮","M9-US-18;AT-REC-003","WORKER_DISCORD_RECOVERY","M9-US-18","cancelOrder;confirmOrder;reassignOrder;resolveOrder;setOrderReadiness;submitOrder;updateOrder","tests/m9-us-18-order-projection-consistency.spec.ts","evidence/P0/M9-US-18/summary.md","EXTERNAL_E2E","PENDING_EXTERNAL","","",""
"AT-TRN-003","P0_BLOCKER","API_DB_WORKER_DISCORD","TERMINAL_CHANNEL_CLEANUP","终态订单完整回填后才删除相关频道","M9-US-12;M9-US-19;ORD-03;AUD-02","API_DB_WORKER_DISCORD_RECOVERY","M20-US-09;M9-US-19","cancelOrder;confirmOrder;resolveOrder","tests/m20-us-09-discord-side-effects.spec.ts;tests/m9-us-19-terminal-channel-cleanup-postgres.spec.ts;tests/m9-us-19-terminal-channel-cleanup.spec.ts","evidence/P0/M20-US-09/summary.md;evidence/P0/M9-US-19/summary.md","EXTERNAL_E2E","PENDING_EXTERNAL","","",""
"AT-TRN-004","P0_HIGH","WORKER_DB","TERMINAL_CHANNEL_RECONCILIATION","周期扫描恢复漏建任务和历史僵尸频道","M9-US-19;AUD-02","WORKER_DB_RECOVERY","M9-US-19","cancelOrder;confirmOrder;resolveOrder","tests/m9-us-19-terminal-channel-cleanup-postgres.spec.ts;tests/m9-us-19-terminal-channel-cleanup.spec.ts","evidence/P0/M9-US-19/summary.md","AUTOMATED","COVERED_BY_REGRESSION","","",""
"AT-MULTI-001","P0_BLOCKER","DASHBOARD_API_DB","ORDER_PARTICIPANTS","订单支持不限数量且项目不同的陪玩并显示分成来源","M10-US-03;ORD-04;EAR-02","DASHBOARD_API_DB","M10-US-01;M10-US-02;M10-US-03;M10-US-06","addAdminOrderParticipant;createOrderGiftRequest;listAdminOrderParticipants;updateAdminOrderNote;updateAdminOrderParticipant;updateAdminOrderRequirementNote","tests/m10-us-01-contract.spec.ts;tests/m10-us-02-db.spec.ts;tests/m10-us-03-api.spec.ts;tests/m10-us-03-postgres.spec.ts","evidence/P0/M10-US-01/summary.md;evidence/P0/M10-US-02/summary.md;evidence/P0/M10-US-03/summary.md","AUTOMATED","COVERED_BY_REGRESSION","","",""
"AT-MULTI-002","P0_BLOCKER","API_DB","DERIVED_TOTAL_RESERVATION","逐人改价派生总价并原子重平衡预留","M10-US-03;M10-US-04;FUND-06","API_DB_CONCURRENCY","M10-US-01;M10-US-03;M10-US-04;M10-US-06","addAdminOrderParticipant;confirmOrder;createOrderGiftRequest;listAdminOrderParticipants;setOrderReadiness;updateAdminOrderNote;updateAdminOrderParticipant;updateAdminOrderRequirementNote","tests/m10-us-01-contract.spec.ts;tests/m10-us-03-api.spec.ts;tests/m10-us-03-postgres.spec.ts;tests/m10-us-04-lifecycle.spec.ts;tests/m10-us-04-postgres.spec.ts","evidence/P0/M10-US-01/summary.md;evidence/P0/M10-US-03/summary.md","AUTOMATED","COVERED_BY_REGRESSION","","",""
"AT-MULTI-003","P0_BLOCKER","API_BOT","ALL_PLAYER_READINESS","客户无需就绪且所有有效陪玩均需就绪","M10-US-04;READY-02","API_BOT_STATE_MACHINE","M10-US-01;M10-US-04;M10-US-06;M2-US-04;M23-US-04","addAdminOrderParticipant;confirmOrder;createOrderGiftRequest;requestOrderCompletion;setOrderReadiness;updateAdminOrderParticipant","tests/m10-us-01-contract.spec.ts;tests/m10-us-04-lifecycle.spec.ts;tests/m10-us-04-postgres.spec.ts;tests/m2-us-04-api.spec.ts;tests/m2-us-04-bot.spec.ts","evidence/P0/M10-US-01/summary.md;evidence/P0/M2-US-04/summary.md;evidence/P0/M23-US-04/summary.md","AUTOMATED","COVERED_BY_REGRESSION","","",""
"AT-MULTI-004","P0_BLOCKER","API_DB","MULTI_PLAYER_CAPTURE","确认完成生成逐人收益并锁定明细","M10-US-04;EAR-02;FUND-06","API_DB_TRANSACTION","M10-US-01;M10-US-02;M10-US-04;M10-US-06;M23-US-04;M23-US-06","addAdminOrderParticipant;confirmOrder;createOrderGiftRequest;setOrderReadiness;updateAdminOrderParticipant","tests/m10-us-01-contract.spec.ts;tests/m10-us-02-db.spec.ts;tests/m10-us-04-lifecycle.spec.ts;tests/m10-us-04-postgres.spec.ts","evidence/P0/M10-US-01/summary.md;evidence/P0/M10-US-02/summary.md;evidence/P0/M23-US-04/summary.md;evidence/P0/M23-US-06/summary.md","AUTOMATED","COVERED_BY_REGRESSION","","",""
"AT-MULTI-005","P0_BLOCKER","BOT_API_DB","MULTI_RECIPIENT_GIFT","礼物按多选订单陪玩人数原子计价","M10-US-05;GIFT-02;FUND-06","BOT_API_DB_CONCURRENCY","M10-US-01;M10-US-05;M10-US-06;M20-US-05;M20-US-06","addAdminOrderParticipant;checkGiftAffordability;createOrderGiftRequest;updateAdminOrderParticipant","tests/m10-us-01-contract.spec.ts;tests/m10-us-05-db.spec.ts;tests/m10-us-05-postgres.spec.ts;tests/m20-us-05-discord-bot-remediation-contract.spec.ts;tests/m20-us-06-gift-component-protocol.spec.ts","evidence/P0/M10-US-01/summary.md;evidence/P0/M20-US-05/summary.md;evidence/P0/M20-US-06/summary.md","AUTOMATED","COVERED_BY_REGRESSION","","",""
"AT-MULTI-006","P0_BLOCKER","BOT_API_DB","MULTI_PROJECT_REQUIREMENTS","Discord 草稿支持多个独立项目需求","M10-US-07;ORD-04;FUND-06","BOT_API_DB","M10-US-07;M23-US-04","addOrderRequirement;applyToOrderSelectionPool;createOrderSelectionPool;finalizeOrderSelectionPool;listOrderRequirements;updateOrderRequirement","tests/m10-us-07-order-requirements.spec.ts","evidence/P0/M10-US-07/summary.md;evidence/P0/M23-US-04/summary.md","AUTOMATED","COVERED_BY_REGRESSION","","",""
"AT-MULTI-007","P0_BLOCKER","API_DB","REQUIREMENT_SLOT_SELECTION","陪玩按项目需求报名且客户原子终选","M10-US-07;M11-US-02;ORD-04;DISP-01","API_DB_TRANSACTION_CONCURRENCY","M10-US-07;M23-US-04","addOrderRequirement;applyToOrderSelectionPool;createOrderSelectionPool;finalizeOrderSelectionPool;listOrderRequirements;updateOrderRequirement","tests/m10-us-07-order-requirements.spec.ts","evidence/P0/M10-US-07/summary.md;evidence/P0/M23-US-04/summary.md","AUTOMATED","COVERED_BY_REGRESSION","","",""
"AT-MULTI-008","P0_BLOCKER","BOT_API_DB","SERVICE_PACKAGE_ATOMIC_EXPANSION","套餐原子展开为独立可编辑席位","M10-US-08;ORD-04;FUND-06","BOT_API_DB_TRANSACTION","M10-US-08;M23-US-04","applyServicePackage;createAdminServicePackageVersion;listAdminServicePackages;listServicePackages;previewServicePackage;updateAdminServicePackageVersionStatus;updateOrderRequirement","tests/m10-us-08-service-packages-admin-contract.spec.ts;tests/m10-us-08-service-packages-api.spec.ts;tests/m10-us-08-service-packages-bot.spec.ts;tests/m10-us-08-service-packages-contract.spec.ts;tests/m10-us-08-service-packages-dashboard.spec.ts;tests/m10-us-08-service-packages-db.spec.ts;tests/m10-us-08-service-packages-postgres.spec.ts","evidence/P0/M10-US-08/summary.md;evidence/P0/M23-US-04/summary.md","AUTOMATED","COVERED_BY_REGRESSION","","",""
"AT-MULTI-009","P0_BLOCKER","BOT_API_DB","SERVICE_PACKAGE_CUSTOMIZATION","单独修改套餐席位并重新报价","M10-US-08;ORD-04;AUD-02","BOT_API_DB_RECOVERY","M10-US-08;M23-US-04","applyServicePackage;createAdminServicePackageVersion;listAdminServicePackages;listServicePackages;previewServicePackage;updateAdminServicePackageVersionStatus;updateOrderRequirement","tests/m10-us-08-service-packages-admin-contract.spec.ts;tests/m10-us-08-service-packages-api.spec.ts;tests/m10-us-08-service-packages-bot.spec.ts;tests/m10-us-08-service-packages-contract.spec.ts;tests/m10-us-08-service-packages-dashboard.spec.ts;tests/m10-us-08-service-packages-db.spec.ts;tests/m10-us-08-service-packages-postgres.spec.ts","evidence/P0/M10-US-08/summary.md;evidence/P0/M23-US-04/summary.md","AUTOMATED","COVERED_BY_REGRESSION","","",""
"AT-MULTI-010","P0_BLOCKER","DASHBOARD_API_DB","PARTICIPANT_REASSIGNMENT","客服只改派多陪玩订单的一个席位","M10-US-03;ORD-04;FUND-06;EAR-02","DASHBOARD_API_DB_TRANSACTION","M10-US-03;M23-US-05","addAdminOrderParticipant;listAdminOrderParticipants;updateAdminOrderNote;updateAdminOrderParticipant;updateAdminOrderRequirementNote","tests/m10-us-03-api.spec.ts;tests/m10-us-03-postgres.spec.ts","evidence/P0/M10-US-03/summary.md;evidence/P0/M23-US-05/summary.md","AUTOMATED","COVERED_BY_REGRESSION","","",""
"AT-MULTI-014","P0_BLOCKER","DASHBOARD_API_DB","SERVICE_PACKAGE_VERSION_ADMIN","运营端原子管理不可变套餐版本","M10-US-08;AUD-02;ORD-04","DASHBOARD_API_DB_TRANSACTION_UAT","M10-US-08;M23-US-03","applyServicePackage;createAdminServicePackageVersion;listAdminServicePackages;listServicePackages;previewServicePackage;updateAdminServicePackageVersionStatus;updateOrderRequirement","tests/m10-us-08-service-packages-admin-contract.spec.ts;tests/m10-us-08-service-packages-api.spec.ts;tests/m10-us-08-service-packages-bot.spec.ts;tests/m10-us-08-service-packages-contract.spec.ts;tests/m10-us-08-service-packages-dashboard.spec.ts;tests/m10-us-08-service-packages-db.spec.ts;tests/m10-us-08-service-packages-postgres.spec.ts","evidence/P0/M10-US-08/summary.md;evidence/P0/M23-US-03/summary.md","EXTERNAL_E2E","PENDING_EXTERNAL","","",""
"AT-MULTI-011","P0_BLOCKER","BOT_API","GAME_SCOPED_ORDERING_MENU","先选游戏后只展示同游戏菜单并可填需求备注","M10-US-09;ORD-04;AUD-02","BOT_API_RECOVERY_UAT","M10-US-09;M23-US-04","addOrderRequirement;applyServicePackage;listServicePackages;listServices;previewServicePackage;updateOrder;updateOrderRequirement","tests/m10-us-09-game-scoped-ordering-api.spec.ts;tests/m10-us-09-game-scoped-ordering-contract.spec.ts;tests/m10-us-09-order-notes-bot.spec.ts","evidence/P0/M10-US-09/summary.md;evidence/P0/M23-US-04/summary.md","EXTERNAL_E2E","PENDING_EXTERNAL","","",""
"AT-MULTI-012","P0_BLOCKER","DASHBOARD_API_DB","SINGLE_GAME_PACKAGE_ADMIN","套餐只能包含同一游戏席位","M10-US-09;AUD-02;ORD-04","DASHBOARD_API_DB_TRANSACTION","M10-US-09;M23-US-03","addOrderRequirement;applyServicePackage;listServicePackages;listServices;previewServicePackage;updateOrder;updateOrderRequirement","tests/m10-us-09-game-scoped-ordering-api.spec.ts;tests/m10-us-09-game-scoped-ordering-contract.spec.ts;tests/m10-us-09-order-notes-bot.spec.ts","evidence/P0/M10-US-09/summary.md;evidence/P0/M23-US-03/summary.md","AUTOMATED","COVERED_BY_REGRESSION","","",""
"AT-MULTI-013","P0_BLOCKER","BOT_API_DB","SAME_GAME_PACKAGE_CUSTOMIZATION","套餐仅可同游戏换项且订单可新增另一游戏","M10-US-09;ORD-04;FUND-06","BOT_API_DB_TRANSACTION_RECOVERY","M10-US-09;M23-US-04","addOrderRequirement;applyServicePackage;listServicePackages;listServices;previewServicePackage;updateOrder;updateOrderRequirement","tests/m10-us-09-game-scoped-ordering-api.spec.ts;tests/m10-us-09-game-scoped-ordering-contract.spec.ts;tests/m10-us-09-order-notes-bot.spec.ts","evidence/P0/M10-US-09/summary.md;evidence/P0/M23-US-04/summary.md","AUTOMATED","COVERED_BY_REGRESSION","","",""
"AT-SEL-001","P0_BLOCKER","BOT_API_DB_WORKER","SELECTION_POOL_MANUAL_RECRUITMENT","客户开始并手动终止无时限招募","M11-US-05;FUND-06","BOT_API_DB_MANUAL_CONTROLLED","M11-US-01;M11-US-02;M11-US-04;M11-US-05;M2-US-02;M2-US-07;M23-US-04;M9-US-13;M9-US-15","applyToOrderSelectionPool;closeOrderSelectionPool;createOrderSelectionPool;finalizeOrderSelectionPool;getCurrentOrderSelectionPool;getOrder;listOrderSelectionApplications;submitOrder;withdrawOrderSelectionApplication","tests/m11-us-01-selection-pool-contract.spec.ts;tests/m11-us-02-selection-pools-api.spec.ts;tests/m11-us-02-selection-pools-postgres.spec.ts;tests/m11-us-05-manual-recruitment.spec.ts;tests/m2-us-02-api.spec.ts;tests/m2-us-02-bot.spec.ts;tests/m2-us-02-db.spec.ts;tests/m2-us-07-api.spec.ts;tests/m2-us-07-bot.spec.ts;tests/m2-us-07-db.spec.ts;tests/m9-us-13-auto-dispatch.spec.ts;tests/m9-us-15-manual-dispatch.spec.ts","evidence/P0/M11-US-01/summary.md;evidence/P0/M11-US-05/summary.md;evidence/P0/M2-US-02/summary.md;evidence/P0/M2-US-07/summary.md;evidence/P0/M23-US-04/summary.md;evidence/P0/M9-US-13/summary.md;evidence/P0/M9-US-15/summary.md","EXTERNAL_E2E","PENDING_EXTERNAL","","",""
"AT-SEL-002","P0_BLOCKER","API_DB","MULTI_ORDER_APPLICATION","陪玩可跨多个订单报名且不受在线/可接单状态门禁","M11-US-05;M11-US-02;SEL-01","API_DB_CONCURRENCY","M11-US-01;M11-US-02;M11-US-04;M11-US-05;M2-US-01;M2-US-02;M2-US-08;M23-US-04","applyToOrderSelectionPool;approvePlayer;closeOrderSelectionPool;createOrderSelectionPool;finalizeOrderSelectionPool;getOrder;getPlayerWorkbench;listOrderSelectionApplications;setPlayerOperationalStatus;syncDiscordPresence;updatePlayerOperationalTags;withdrawOrderSelectionApplication","tests/m11-us-01-selection-pool-contract.spec.ts;tests/m11-us-02-selection-pools-api.spec.ts;tests/m11-us-02-selection-pools-postgres.spec.ts;tests/m11-us-05-manual-recruitment.spec.ts;tests/m2-us-01-api.spec.ts;tests/m2-us-01-bot.spec.ts;tests/m2-us-01-db.spec.ts;tests/m2-us-02-api.spec.ts;tests/m2-us-02-bot.spec.ts;tests/m2-us-02-db.spec.ts;tests/m2-us-08-api.spec.ts;tests/m2-us-08-bot.spec.ts;tests/m2-us-08-db.spec.ts","evidence/P0/M11-US-01/summary.md;evidence/P0/M11-US-05/summary.md;evidence/P0/M2-US-01/summary.md;evidence/P0/M2-US-02/summary.md;evidence/P0/M2-US-08/summary.md;evidence/P0/M23-US-04/summary.md","AUTOMATED","COVERED_BY_REGRESSION","","",""
"AT-SEL-003","P0_BLOCKER","WORKER_DISCORD","SELECTION_VOICE_AND_STAFF_NOTICE","选秀开始开放不限人数语音并通知客服","M11-US-03;M11-US-05;AUD-02","WORKER_DISCORD_RECOVERY_UAT","M11-US-01;M11-US-03;M11-US-04;M23-US-04;M9-US-16;M9-US-17","applyToOrderSelectionPool;closeOrderSelectionPool;createOrderSelectionPool;finalizeOrderSelectionPool;listOrderSelectionApplications;withdrawOrderSelectionApplication","tests/m11-us-01-selection-pool-contract.spec.ts;tests/m11-us-03-selection-discord.spec.ts;tests/m9-us-16-staff-dispatch.spec.ts","evidence/P0/M11-US-01/summary.md;evidence/P0/M23-US-04/summary.md;evidence/P0/M9-US-16/summary.md;evidence/P0/M9-US-17/summary.md","EXTERNAL_E2E","PENDING_EXTERNAL","","",""
"AT-SEL-004","P0_BLOCKER","API_DB_CONCURRENCY","ATOMIC_PARTICIPANT_SELECTION","客户原子确认多个正式陪玩","M11-US-02;ORD-04;EAR-02","API_DB_TRANSACTION_CONCURRENCY","M10-US-07;M11-US-01;M11-US-02;M11-US-04;M2-US-03;M20-US-08;M23-US-04;M9-US-14","addOrderRequirement;applyToOrderSelectionPool;closeOrderSelectionPool;createOrderSelectionPool;finalizeOrderSelectionPool;getOrder;listOrderRequirements;listOrderSelectionApplications;updateOrderRequirement;withdrawOrderSelectionApplication","tests/m10-us-07-order-requirements.spec.ts;tests/m11-us-01-selection-pool-contract.spec.ts;tests/m11-us-02-selection-pools-api.spec.ts;tests/m11-us-02-selection-pools-postgres.spec.ts;tests/m2-us-03-api.spec.ts;tests/m2-us-03-bot.spec.ts;tests/m2-us-03-db.spec.ts;tests/m20-us-08-selection-pagination.spec.ts;tests/m9-us-14-preferred-dispatch.spec.ts","evidence/P0/M10-US-07/summary.md;evidence/P0/M11-US-01/summary.md;evidence/P0/M2-US-03/summary.md;evidence/P0/M20-US-08/summary.md;evidence/P0/M23-US-04/summary.md;evidence/P0/M9-US-14/summary.md","AUTOMATED","COVERED_BY_REGRESSION","","",""
"AT-SEL-005","P0_BLOCKER","BOT_API_DB","PARTIAL_EMPTY_AND_REJECTED_SELECTION","零报名、候选不满意与部分入选由客户决定下一步","M11-US-05;M11-US-03;FUND-06;ORD-04","BOT_API_DB_TRANSACTION","M10-US-07;M11-US-01;M11-US-02;M11-US-04;M11-US-05;M2-US-03;M2-US-07;M23-US-04;M9-US-15","addOrderRequirement;applyToOrderSelectionPool;closeOrderSelectionPool;createOrderSelectionPool;finalizeOrderSelectionPool;getOrder;listOrderRequirements;listOrderSelectionApplications;updateOrderRequirement;withdrawOrderSelectionApplication","tests/m10-us-07-order-requirements.spec.ts;tests/m11-us-01-selection-pool-contract.spec.ts;tests/m11-us-02-selection-pools-api.spec.ts;tests/m11-us-02-selection-pools-postgres.spec.ts;tests/m11-us-05-manual-recruitment.spec.ts;tests/m2-us-03-api.spec.ts;tests/m2-us-03-bot.spec.ts;tests/m2-us-03-db.spec.ts;tests/m2-us-07-api.spec.ts;tests/m2-us-07-bot.spec.ts;tests/m2-us-07-db.spec.ts;tests/m9-us-15-manual-dispatch.spec.ts","evidence/P0/M10-US-07/summary.md;evidence/P0/M11-US-01/summary.md;evidence/P0/M11-US-05/summary.md;evidence/P0/M2-US-03/summary.md;evidence/P0/M2-US-07/summary.md;evidence/P0/M23-US-04/summary.md;evidence/P0/M9-US-15/summary.md","AUTOMATED","COVERED_BY_REGRESSION","","",""
"AT-SEL-007","P0_BLOCKER","BOT_API_DB_WORKER","REALTIME_APPLICANT_MENTIONS","报名名单以 Discord mention 实时原位更新且不通知","M11-US-05;PL-03;AUD-02","BOT_API_DB_WORKER_DISCORD","M11-US-03;M11-US-04;M11-US-05;M2-US-02;M2-US-07;M20-US-11;M23-US-04;M9-US-13;M9-US-15","applyToOrderSelectionPool;closeOrderSelectionPool;createOrderSelectionPool;finalizeOrderSelectionPool;getCurrentOrderSelectionPool;getOrder;listOrderSelectionApplications;submitOrder;withdrawOrderSelectionApplication","tests/m11-us-03-selection-discord.spec.ts;tests/m11-us-05-manual-recruitment.spec.ts;tests/m2-us-02-api.spec.ts;tests/m2-us-02-bot.spec.ts;tests/m2-us-02-db.spec.ts;tests/m2-us-07-api.spec.ts;tests/m2-us-07-bot.spec.ts;tests/m2-us-07-db.spec.ts;tests/m20-us-11-privacy-copy.spec.ts;tests/m9-us-13-auto-dispatch.spec.ts;tests/m9-us-15-manual-dispatch.spec.ts","evidence/P0/M11-US-05/summary.md;evidence/P0/M2-US-02/summary.md;evidence/P0/M2-US-07/summary.md;evidence/P0/M20-US-11/summary.md;evidence/P0/M23-US-04/summary.md;evidence/P0/M9-US-13/summary.md;evidence/P0/M9-US-15/summary.md","EXTERNAL_E2E","PENDING_EXTERNAL","","",""
"AT-SEL-008","P0_BLOCKER","BOT_API_DB_WORKER","SELECTION_REACTION_SIGNUP","单卡数字 Reaction 报名、撤回与重启收敛","M11-US-06;SEL-01;SEL-02;AUD-02;OPS-01","BOT_API_DB_WORKER_DISCORD_RECOVERY_UAT","M11-US-06;M20-US-12;M23-US-04","createOrderSelectionPool;listActiveOrderSelectionReactionCards;observeOrderSelectionReaction","tests/m11-us-06-selection-reactions.spec.ts;tests/m20-us-12-event-identity.spec.ts","evidence/P0/M11-US-06/summary.md;evidence/P0/M20-US-12/summary.md;evidence/P0/M23-US-04/summary.md","EXTERNAL_E2E","PENDING_EXTERNAL","","",""
"AT-SEL-009","P0_HIGH","WORKER_DISCORD","SELECTION_DISPATCH_STATUS_IMAGES","派单状态图顺序、取消语义与重启幂等","M11-US-06;SEL-01;OPS-01","WORKER_DISCORD_RECOVERY_UAT","M11-US-06","createOrderSelectionPool;listActiveOrderSelectionReactionCards;observeOrderSelectionReaction","tests/m11-us-06-selection-reactions.spec.ts","evidence/P0/M11-US-06/summary.md","EXTERNAL_E2E","PENDING_EXTERNAL","","",""
"AT-SEL-006","P0_BLOCKER","BOT_WORKER_DISCORD","SELECTION_RESULT_PERMISSION_CONVERGENCE","选秀结果通知、正式房切换与旧房清理","M11-US-03;AUD-02;OPS-01","BOT_WORKER_DISCORD_RECOVERY_UAT","M11-US-01;M11-US-03;M11-US-04;M2-US-03;M23-US-04;M9-US-17","applyToOrderSelectionPool;closeOrderSelectionPool;createOrderSelectionPool;finalizeOrderSelectionPool;getOrder;listOrderSelectionApplications;withdrawOrderSelectionApplication","tests/m11-us-01-selection-pool-contract.spec.ts;tests/m11-us-03-selection-discord.spec.ts;tests/m2-us-03-api.spec.ts;tests/m2-us-03-bot.spec.ts;tests/m2-us-03-db.spec.ts","evidence/P0/M11-US-01/summary.md;evidence/P0/M2-US-03/summary.md;evidence/P0/M23-US-04/summary.md;evidence/P0/M9-US-17/summary.md","EXTERNAL_E2E","PENDING_EXTERNAL","","",""
"AT-DTL-001","P0_HIGH","DASHBOARD_API","ADMIN_DETAIL_PROJECTIONS","六类业务卡片详情返回足量服务端事实","M4-US-03;OPS-02;TAG-01;ORD-04;FUND-06","DASHBOARD_API_COMPONENT","M4-US-03","createGiftCatalogItem;createServiceCatalogVersion;createUserRiskFlag;getAdminGiftCatalogItem;getAdminGiftRequest;getAdminOrder;getAdminPlayer;getAdminServiceCatalogVersion;getAdminServicePackageVersion;getAdminUser;listAdminGiftCatalogItems;listAdminGiftRequests;listAdminOrders;listAdminPlayers;listAdminUserConsumptions;listAdminUsers;listCommissions;listPlayerEarnings;listServiceCatalogVersions;setUserOperationalStatus;updateGiftCatalogItem;updatePlayerEarning;updateServiceCatalogVersion","tests/m4-us-03-admin-detail-contract.spec.ts;tests/m4-us-03-api.spec.ts;tests/m4-us-03-dashboard.spec.ts;tests/m4-us-03-db.spec.ts;tests/m4-us-03-list-pagination.spec.ts;tests/m4-us-03-player-earnings-actions.spec.ts","evidence/P0/M4-US-03/summary.md","AUTOMATED","COVERED_BY_REGRESSION","","",""
"AT-SUP-010","P0_HIGH","DASHBOARD_API_DB","SUPPORT_SHIFT","客服打卡只记录班次事实","M12-US-02;SUP-10","DASHBOARD_API_DB","M12-US-01;M12-US-02;M23-US-05","appendOrderChannelMessageEvent;clockInSupportShift;clockOutSupportShift;createOrderSupportRating;getMySupportShift;getSupportSummary","tests/m12-us-01-support-contract.spec.ts;tests/m12-us-02-api.spec.ts;tests/m12-us-02-dashboard.spec.ts;tests/m12-us-02-db.spec.ts;tests/m12-us-02-postgres.spec.ts","evidence/P0/M12-US-01/summary.md;evidence/P0/M12-US-02/summary.md;evidence/P0/M23-US-05/summary.md","AUTOMATED","COVERED_BY_REGRESSION","","",""
"AT-SUP-011","P0_BLOCKER","API_WORKER_DISCORD","SUPPORT_FIRST_RESPONSE","转人工任务在5分钟内获得真实员工首响并安全自动认领","M12-US-03;SUP-10;AUD-02","API_WORKER_DISCORD","M12-US-01;M12-US-03;M23-US-05","appendOrderChannelMessageEvent;clockInSupportShift;clockOutSupportShift;createOrderSupportRating;getMySupportShift;getSupportSummary","tests/m12-us-01-support-contract.spec.ts;tests/m12-us-03-dashboard.spec.ts;tests/m12-us-03-postgres.spec.ts;tests/m12-us-03-worker.spec.ts","evidence/P0/M12-US-01/summary.md;evidence/P0/M12-US-03/summary.md;evidence/P0/M23-US-05/summary.md","EXTERNAL_E2E","PENDING_EXTERNAL","","",""
"AT-SUP-012","P0_HIGH","BOT_API_DB","SUPPORT_RATING","多陪玩订单完单后评分不阻塞资金闭环","M12-US-04;SUP-10;FUND-06","BOT_API_DB","M12-US-01;M12-US-04","appendOrderChannelMessageEvent;clockInSupportShift;clockOutSupportShift;confirmOrder;createOrderSupportRating;getMySupportShift;getSupportSummary","tests/m12-us-01-support-contract.spec.ts;tests/m12-us-04-bot.spec.ts;tests/m12-us-04-postgres.spec.ts;tests/m12-us-04-rating.spec.ts","evidence/P0/M12-US-01/summary.md;evidence/P0/M12-US-04/summary.md","AUTOMATED","COVERED_BY_REGRESSION","","",""
"AT-SUP-013","P0_MEDIUM","DASHBOARD_API","SUPPORT_SUMMARY","主管查看最近30天简单运营事实","M12-US-02;SUP-10","DASHBOARD_API","M12-US-01;M12-US-02;M23-US-05","appendOrderChannelMessageEvent;clockInSupportShift;clockOutSupportShift;createOrderSupportRating;getMySupportShift;getSupportSummary","tests/m12-us-01-support-contract.spec.ts;tests/m12-us-02-api.spec.ts;tests/m12-us-02-dashboard.spec.ts;tests/m12-us-02-db.spec.ts;tests/m12-us-02-postgres.spec.ts","evidence/P0/M12-US-01/summary.md;evidence/P0/M12-US-02/summary.md;evidence/P0/M23-US-05/summary.md","AUTOMATED","COVERED_BY_REGRESSION","","",""
"AT-LST-001","P0_HIGH","API_CONTRACT","COLLECTION_SORT_WHITELIST","七类列表只接受资源排序白名单与明确默认值","M13-US-01;M13-US-02;LST-01","API_CONTRACT_AUTO","M13-US-01;M13-US-02;M13-US-04;M23-US-08","listAdminGiftCatalogItems;listAdminGiftRequests;listAdminOrders;listAdminPlayers;listAdminServicePackages;listAdminUsers;listServiceCatalogVersions","tests/m13-us-01-collection-contract.spec.ts;tests/m13-us-02-stable-sort.spec.ts;tests/m13-us-04-release.spec.ts","evidence/P0/M13-US-01/summary.md;evidence/P0/M13-US-02/summary.md;evidence/P0/M13-US-04/summary.md;evidence/P0/M23-US-08/summary.md","AUTOMATED","COVERED_BY_REGRESSION","","",""
"AT-LST-002","P0_BLOCKER","API_DB","STABLE_KEYSET_SORT","相同排序键下跨页稳定且不重复","M13-US-02;LST-01","API_DB_CONCURRENCY","M13-US-01;M13-US-02;M13-US-04;M23-US-08","listAdminGiftCatalogItems;listAdminGiftRequests;listAdminOrders;listAdminPlayers;listAdminServicePackages;listAdminUsers;listServiceCatalogVersions","tests/m13-us-01-collection-contract.spec.ts;tests/m13-us-02-stable-sort.spec.ts;tests/m13-us-04-release.spec.ts","evidence/P0/M13-US-01/summary.md;evidence/P0/M13-US-02/summary.md;evidence/P0/M13-US-04/summary.md;evidence/P0/M23-US-08/summary.md","AUTOMATED","COVERED_BY_REGRESSION","","",""
"AT-LST-003","P0_BLOCKER","API_SECURITY","CURSOR_QUERY_BINDING","游标绑定排序、筛选、Guild 与 scope","M13-US-01;M13-US-02;LST-01;ACCESS-02","API_SECURITY_AUTO","M13-US-01;M13-US-02;M13-US-04;M23-US-08","listAdminGiftCatalogItems;listAdminGiftRequests;listAdminOrders;listAdminPlayers;listAdminServicePackages;listAdminUsers;listServiceCatalogVersions","tests/m13-us-01-collection-contract.spec.ts;tests/m13-us-02-stable-sort.spec.ts;tests/m13-us-04-release.spec.ts","evidence/P0/M13-US-01/summary.md;evidence/P0/M13-US-02/summary.md;evidence/P0/M13-US-04/summary.md;evidence/P0/M23-US-08/summary.md","AUTOMATED","COVERED_BY_REGRESSION","","",""
"AT-LST-004","P0_HIGH","DASHBOARD_COMPONENT","CARD_TABLE_PARITY","卡片与表格使用相同集合事实和动作","M13-US-01;M13-US-03;LST-01;ACCESS-02","DASHBOARD_COMPONENT_E2E","M13-US-01;M13-US-03;M13-US-04","listAdminGiftCatalogItems;listAdminGiftRequests;listAdminOrders;listAdminPlayers;listAdminServicePackages;listAdminUsers;listServiceCatalogVersions","tests/m13-us-01-collection-contract.spec.ts;tests/m13-us-03-dashboard-collections.spec.ts;tests/m13-us-04-release.spec.ts","evidence/P0/M13-US-01/summary.md;evidence/P0/M13-US-03/summary.md;evidence/P0/M13-US-04/summary.md","EXTERNAL_E2E","PENDING_EXTERNAL","","",""
"AT-LST-005","P0_HIGH","DASHBOARD_API","SORT_FILTER_PAGINATION_RACE","排序筛选变化重置分页且旧响应不回写","M13-US-03;LST-01","DASHBOARD_API_RACE_AUTO","M13-US-01;M13-US-03;M13-US-04","listAdminGiftCatalogItems;listAdminGiftRequests;listAdminOrders;listAdminPlayers;listAdminServicePackages;listAdminUsers;listServiceCatalogVersions","tests/m13-us-01-collection-contract.spec.ts;tests/m13-us-03-dashboard-collections.spec.ts;tests/m13-us-04-release.spec.ts","evidence/P0/M13-US-01/summary.md;evidence/P0/M13-US-03/summary.md;evidence/P0/M13-US-04/summary.md","AUTOMATED","COVERED_BY_REGRESSION","","",""
"AT-LST-006","P0_MEDIUM","DASHBOARD_ROUTING","COLLECTION_URL_STATE","URL 恢复筛选排序与视图且非法值安全回退","M13-US-01;M13-US-03;LST-01","DASHBOARD_ROUTING_AUTO","M13-US-01;M13-US-03;M13-US-04","listAdminGiftCatalogItems;listAdminGiftRequests;listAdminOrders;listAdminPlayers;listAdminServicePackages;listAdminUsers;listServiceCatalogVersions","tests/m13-us-01-collection-contract.spec.ts;tests/m13-us-03-dashboard-collections.spec.ts;tests/m13-us-04-release.spec.ts","evidence/P0/M13-US-01/summary.md;evidence/P0/M13-US-03/summary.md;evidence/P0/M13-US-04/summary.md","AUTOMATED","COVERED_BY_REGRESSION","","",""
"AT-LST-007","P0_MEDIUM","DASHBOARD_A11Y","RESPONSIVE_TABLE_LIST","表格在窄屏降级为可键盘操作的行式列表","M13-US-03;M13-US-04;LST-01","DASHBOARD_A11Y_BROWSER","M13-US-01;M13-US-03;M13-US-04","listAdminGiftCatalogItems;listAdminGiftRequests;listAdminOrders;listAdminPlayers;listAdminServicePackages;listAdminUsers;listServiceCatalogVersions","tests/m13-us-01-collection-contract.spec.ts;tests/m13-us-03-dashboard-collections.spec.ts;tests/m13-us-04-release.spec.ts","evidence/P0/M13-US-01/summary.md;evidence/P0/M13-US-03/summary.md;evidence/P0/M13-US-04/summary.md","AUTOMATED","COVERED_BY_REGRESSION","","",""
"AT-LST-008","P0_BLOCKER","DASHBOARD_API_SECURITY","COLLECTION_ACCESS_PARITY","两种视图与所有排序保持 L1-L4 scope、脱敏和跨 Guild 隔离","M13-US-02;M13-US-03;M13-US-04;LST-01;ACCESS-02","API_DASHBOARD_SECURITY_E2E","M13-US-01;M13-US-02;M13-US-03;M13-US-04;M23-US-08","listAdminGiftCatalogItems;listAdminGiftRequests;listAdminOrders;listAdminPlayers;listAdminServicePackages;listAdminUsers;listServiceCatalogVersions","tests/m13-us-01-collection-contract.spec.ts;tests/m13-us-02-stable-sort.spec.ts;tests/m13-us-03-dashboard-collections.spec.ts;tests/m13-us-04-release.spec.ts","evidence/P0/M13-US-01/summary.md;evidence/P0/M13-US-02/summary.md;evidence/P0/M13-US-03/summary.md;evidence/P0/M13-US-04/summary.md;evidence/P0/M23-US-08/summary.md","EXTERNAL_E2E","PENDING_EXTERNAL","","",""
"AT-SUX-001","P0_BLOCKER","DASHBOARD_E2E","QUEUE_FIRST_HIERARCHY","客服首屏优先呈现当前任务","M14-US-01;M14-US-03;SUP-UX-01","DASHBOARD_BROWSER_E2E","M14-US-01;M14-US-03;M14-US-05","claimStaffTask;getAdminOrder;getDashboardSummary;getStaffTask;listAdminOrders;listStaffTasks","tests/m14-us-01-support-workbench-ux-contract.spec.ts;tests/m14-us-03-support-queue-dashboard.spec.ts;tests/m14-us-05-support-release.spec.ts","evidence/P0/M14-US-01/summary.md;evidence/P0/M14-US-03/summary.md;evidence/P0/M14-US-05/summary.md","EXTERNAL_E2E","PENDING_EXTERNAL","","",""
"AT-SUX-002","P0_BLOCKER","API_DB","SERVER_TRIAGE_ORDER","服务端稳定生成客服分诊顺序","M14-US-01;M14-US-02;SUP-UX-01","API_DB_AUTO","M14-US-01;M14-US-02;M14-US-05;M23-US-05","getAdminOrder;getDashboardSummary;getStaffTask;listAdminOrders;listStaffTasks","tests/m14-us-01-support-workbench-ux-contract.spec.ts;tests/m14-us-02-support-triage-api.spec.ts;tests/m14-us-02-support-triage-postgres.spec.ts;tests/m14-us-05-support-release.spec.ts","evidence/P0/M14-US-01/summary.md;evidence/P0/M14-US-02/summary.md;evidence/P0/M14-US-05/summary.md;evidence/P0/M23-US-05/summary.md","AUTOMATED","COVERED_BY_REGRESSION","","",""
"AT-SUX-003","P0_BLOCKER","API_SECURITY","SAFE_DISCORD_LINKS","Discord 深链仅在可信 Guild 与频道完整时返回","M14-US-01;M14-US-02;M14-US-03;SUP-UX-01;ACCESS-02","API_DASHBOARD_SECURITY_E2E","M14-US-01;M14-US-02;M14-US-03;M14-US-05;M23-US-05","claimStaffTask;getAdminOrder;getDashboardSummary;getStaffTask;listAdminOrders;listStaffTasks","tests/m14-us-01-support-workbench-ux-contract.spec.ts;tests/m14-us-02-support-triage-api.spec.ts;tests/m14-us-02-support-triage-postgres.spec.ts;tests/m14-us-03-support-queue-dashboard.spec.ts;tests/m14-us-05-support-release.spec.ts","evidence/P0/M14-US-01/summary.md;evidence/P0/M14-US-02/summary.md;evidence/P0/M14-US-03/summary.md;evidence/P0/M14-US-05/summary.md;evidence/P0/M23-US-05/summary.md","EXTERNAL_E2E","PENDING_EXTERNAL","","",""
"AT-SUX-004","P0_BLOCKER","API_DASHBOARD_SECURITY","PRECLAIM_TASK_CONTEXT","认领前只返回最小任务分诊上下文","M14-US-01;M14-US-02;M14-US-03;SUP-UX-01;ACCESS-02","API_DASHBOARD_SECURITY_E2E","M14-US-01;M14-US-02;M14-US-03;M14-US-05;M23-US-05","claimStaffTask;getAdminOrder;getDashboardSummary;getStaffTask;listAdminOrders;listStaffTasks","tests/m14-us-01-support-workbench-ux-contract.spec.ts;tests/m14-us-02-support-triage-api.spec.ts;tests/m14-us-02-support-triage-postgres.spec.ts;tests/m14-us-03-support-queue-dashboard.spec.ts;tests/m14-us-05-support-release.spec.ts","evidence/P0/M14-US-01/summary.md;evidence/P0/M14-US-02/summary.md;evidence/P0/M14-US-03/summary.md;evidence/P0/M14-US-05/summary.md;evidence/P0/M23-US-05/summary.md","EXTERNAL_E2E","PENDING_EXTERNAL","","",""
"AT-SUX-005","P0_HIGH","DASHBOARD_ROUTING","ACTIONABLE_METRIC_DRILLDOWN","概览指标进入对应受权结果","M14-US-01;M14-US-04;SUP-UX-01;ACCESS-02","DASHBOARD_ROUTING_E2E","M14-US-01;M14-US-04;M14-US-05","getAdminOrder;getDashboardSummary;getStaffTask;listAdminOrders;listStaffTasks","tests/m14-us-01-support-workbench-ux-contract.spec.ts;tests/m14-us-04-order-operational-context.spec.ts;tests/m14-us-05-support-release.spec.ts","evidence/P0/M14-US-01/summary.md;evidence/P0/M14-US-04/summary.md;evidence/P0/M14-US-05/summary.md","EXTERNAL_E2E","PENDING_EXTERNAL","","",""
"AT-SUX-006","P0_HIGH","DASHBOARD_COMPONENT","HUMANIZED_ORDER_CONTEXT","订单主路径优先人类可读与可行动信息","M14-US-01;M14-US-04;SUP-UX-01","DASHBOARD_COMPONENT_E2E","M14-US-01;M14-US-04;M14-US-05","getAdminOrder;getDashboardSummary;getStaffTask;listAdminOrders;listStaffTasks","tests/m14-us-01-support-workbench-ux-contract.spec.ts;tests/m14-us-04-order-operational-context.spec.ts;tests/m14-us-05-support-release.spec.ts","evidence/P0/M14-US-01/summary.md;evidence/P0/M14-US-04/summary.md;evidence/P0/M14-US-05/summary.md","EXTERNAL_E2E","PENDING_EXTERNAL","","",""
"AT-SUX-007","P0_BLOCKER","DASHBOARD_A11Y_SECURITY","SUPPORT_WORKBENCH_RELEASE","客服工作台在权限与可访问性边界内完成真实任务","M14-US-03;M14-US-04;M14-US-05;SUP-UX-01;ACCESS-02","DASHBOARD_A11Y_SECURITY_UAT","M14-US-01;M14-US-05","getAdminOrder;getDashboardSummary;getStaffTask;listAdminOrders;listStaffTasks","tests/m14-us-01-support-workbench-ux-contract.spec.ts;tests/m14-us-05-support-release.spec.ts","evidence/P0/M14-US-01/summary.md;evidence/P0/M14-US-05/summary.md","EXTERNAL_E2E","PENDING_EXTERNAL","","",""
"AT-DOP-001","P0_BLOCKER","API_DASHBOARD_FINANCE_E2E","STANDALONE_ORDER_REFUND","客服独立处理完成后或异常结案的部分退款","M15-US-02;DOP-01;WALLET-01","API_DASHBOARD_FINANCE_AUTOMATED","M15-US-01;M15-US-02;M15-US-09","listAdminOrderTranscript;listAdminStaffAccounts;refundOrder;updateAdminCustomerProfile","tests/m15-us-01-dashboard-support-parity-contract.spec.ts;tests/m15-us-02-dashboard-refund.spec.ts","evidence/P0/M15-US-01/summary.md","AUTOMATED","COVERED_BY_REGRESSION","","",""
"AT-DOP-002","P0_BLOCKER","API_DASHBOARD_SECURITY_E2E","READ_ONLY_ORDER_TRANSCRIPT","客服只读查看处理中订单的频道记录","M15-US-03;DOP-02;ACCESS-02","API_DASHBOARD_SECURITY_AUTOMATED","M15-US-01;M15-US-03;M15-US-09;M20-US-12;M23-US-05","listAdminOrderTranscript;listAdminStaffAccounts;observeOrderSelectionReaction;updateAdminCustomerProfile","tests/m15-us-01-dashboard-support-parity-contract.spec.ts;tests/m15-us-03-order-transcript.spec.ts;tests/m20-us-12-event-identity.spec.ts","evidence/P0/M15-US-01/summary.md;evidence/P0/M20-US-12/summary.md;evidence/P0/M23-US-05/summary.md","AUTOMATED","COVERED_BY_REGRESSION","","",""
"AT-DOP-003","P0_BLOCKER","API_DASHBOARD_SECURITY_E2E","BOT_CONFIG_MANAGEMENT","员工安全校验更新并测试 Bot 配置","M15-US-04;DOP-03;ACCESS-02","API_DASHBOARD_SECURITY_AUTOMATED","M15-US-01;M15-US-04;M15-US-09","getBotConfig;listAdminOrderTranscript;listAdminStaffAccounts;testBotConfigDelivery;updateAdminCustomerProfile;updateBotConfig;validateBotConfigChange","tests/m15-us-01-dashboard-support-parity-contract.spec.ts;tests/m15-us-04-bot-config-dashboard.spec.ts","evidence/P0/M15-US-01/summary.md","AUTOMATED","COVERED_BY_REGRESSION","","",""
"AT-DOP-004","P0_BLOCKER","API_DB_DASHBOARD_FINANCE_E2E","APPEND_ONLY_WALLET_ADJUSTMENT","高级客服用冲正纠正错误账目","M15-US-05;DOP-04;WALLET-01","API_DB_DASHBOARD_FINANCE_AUTOMATED","M15-US-01;M15-US-05;M15-US-09","createWalletAdjustment;listAdminOrderTranscript;listAdminStaffAccounts;updateAdminCustomerProfile","tests/m15-us-01-dashboard-support-parity-contract.spec.ts;tests/m15-us-05-wallet-adjustment-dashboard.spec.ts","evidence/P0/M15-US-01/summary.md","AUTOMATED","COVERED_BY_REGRESSION","","",""
"AT-DOP-005","P0_BLOCKER","API_DASHBOARD_DOMAIN_E2E","STAFF_CONTROLLED_PLAYER_ELIGIBILITY","员工暂停或恢复陪玩接单资格","M15-US-06;DOP-05;ACCESS-02","API_DASHBOARD_DOMAIN_AUTOMATED","M15-US-01;M15-US-06;M15-US-09;M23-US-03","listAdminOrderTranscript;listAdminStaffAccounts;setPlayerOperationalStatus;updateAdminCustomerProfile","tests/m15-us-01-dashboard-support-parity-contract.spec.ts;tests/m15-us-06-player-eligibility-dashboard.spec.ts","evidence/P0/M15-US-01/summary.md;evidence/P0/M23-US-03/summary.md","AUTOMATED","COVERED_BY_REGRESSION","","",""
"AT-DOP-006","P0_HIGH","API_DASHBOARD_SECURITY_E2E","CUSTOMER_DISPLAY_NAME_EDIT","客服纠正客户业务展示名","M15-US-07;DOP-06;ACCESS-02","API_DASHBOARD_SECURITY_AUTOMATED","M15-US-01;M15-US-07;M15-US-09","listAdminOrderTranscript;listAdminStaffAccounts;updateAdminCustomerProfile","tests/m15-us-01-dashboard-support-parity-contract.spec.ts;tests/m15-us-07-customer-profile-edit.spec.ts","evidence/P0/M15-US-01/summary.md","AUTOMATED","COVERED_BY_REGRESSION","","",""
"AT-DOP-007","P0_BLOCKER","API_DASHBOARD_SECURITY_E2E","STAFF_ACCOUNT_ADMINISTRATION","L4 管理同 Guild 员工账号、Role 对账与会话","M15-US-08;DOP-07;ACCESS-02","API_DASHBOARD_SECURITY_AUTOMATED","M15-US-01;M15-US-08;M15-US-09","approveStaffRoleElevation;listAdminOrderTranscript;listAdminStaffAccounts;reconcileStaffDiscordRole;revokeStaffSessions;updateAdminCustomerProfile;updateStaffRole","tests/m15-us-01-dashboard-support-parity-contract.spec.ts;tests/m15-us-08-staff-account-dashboard.spec.ts","evidence/P0/M15-US-01/summary.md","AUTOMATED","COVERED_BY_REGRESSION","","",""
"AT-DOP-008","P0_BLOCKER","API_DB_DASHBOARD_SECURITY_E2E","DUAL_CONTROL_ACCESS_SAFETY","首次高级提权遵循双人控制与最后所有者保护","M15-US-08;DOP-07;ACCESS-02","API_DB_DASHBOARD_SECURITY_AUTOMATED","M15-US-01;M15-US-08;M15-US-09","approveStaffRoleElevation;listAdminOrderTranscript;listAdminStaffAccounts;reconcileStaffDiscordRole;revokeStaffSessions;updateAdminCustomerProfile;updateStaffRole","tests/m15-us-01-dashboard-support-parity-contract.spec.ts;tests/m15-us-08-staff-account-dashboard.spec.ts","evidence/P0/M15-US-01/summary.md","AUTOMATED","COVERED_BY_REGRESSION","","",""
"AT-REV-001","P0_BLOCKER","API_DASHBOARD_E2E","CAT_USD_DISPLAY_BOUNDARY","业务金额与陪玩结算币种展示一致","M16-US-03;REV-01","API_DASHBOARD_AUTOMATED","M16-US-01;M16-US-03","addStaffTaskNote;escalateStaffTask;listAdminWalletEntries","tests/m16-us-01-review-remediation-contract.spec.ts;tests/m16-us-03-dashboard-consistency.spec.ts","evidence/P0/M16-US-03/summary.md","AUTOMATED","COVERED_BY_REGRESSION","","",""
"AT-REV-002","P0_BLOCKER","CONTRACT_API_DASHBOARD","WALLET_ENTRY_PAGE","钱包流水保持可扩展分页合同","M16-US-02;M16-US-03;REV-02","API_DASHBOARD_AUTOMATED","M16-US-01;M16-US-02;M16-US-03","addStaffTaskNote;escalateStaffTask;listAdminWalletEntries","tests/m16-us-01-review-remediation-contract.spec.ts;tests/m16-us-02-api-resilience.spec.ts;tests/m16-us-03-dashboard-consistency.spec.ts","evidence/P0/M16-US-02/summary.md;evidence/P0/M16-US-03/summary.md","AUTOMATED","COVERED_BY_REGRESSION","","",""
"AT-REV-003","P0_BLOCKER","API_AUDIT","STANDARD_TARGET_ERROR","非法路径参数进入统一错误和审计","M16-US-02;REV-03","API_AUTOMATED","M16-US-02","listAdminWalletEntries","tests/m16-us-02-api-resilience.spec.ts","evidence/P0/M16-US-02/summary.md","AUTOMATED","COVERED_BY_REGRESSION","","",""
"AT-REV-004","P0_BLOCKER","API_DB_FAULT_INJECTION","IDEMPOTENCY_FINALIZATION_RECOVERY","业务提交后幂等完成失败可恢复","M16-US-02;REV-03","API_DB_FAULT_INJECTION_AUTOMATED","M16-US-02;M23-US-04","listAdminWalletEntries","tests/m16-us-02-api-resilience.spec.ts","evidence/P0/M16-US-02/summary.md;evidence/P0/M23-US-04/summary.md","AUTOMATED","COVERED_BY_REGRESSION","","",""
"AT-REV-005","P0_HIGH","DASHBOARD_COMPONENT_E2E","LATEST_REQUEST_RECOVERY","切换对象与请求失败不污染界面","M16-US-03;REV-04","DASHBOARD_AUTOMATED","M16-US-03","listAdminWalletEntries","tests/m16-us-03-dashboard-consistency.spec.ts","evidence/P0/M16-US-03/summary.md","AUTOMATED","COVERED_BY_REGRESSION","","",""
"AT-REV-006","P0_HIGH","ENGINEERING_GATE","API_DASHBOARD_QUALITY_GATE","共享类型与规范门禁阻止合同漂移","M16-US-04;REV-04","CI_AUTOMATED","M16-US-04;M23-US-09","none","tests/m16-us-04-quality-gates.spec.ts","evidence/P0/M16-US-04/summary.md;evidence/P0/M23-US-09/summary.md","AUTOMATED","COVERED_BY_REGRESSION","","",""
"AT-BOT-REV-001","P0_BLOCKER","BOT_DISCORD_COMPONENT","PRIVATE_CHANNEL_RUNTIME_EFFECTS","私密订单频道运行时真实应用计划与面板置顶","M17-US-02;BOT-REV-01;AT-CHN-001;AT-ONB-003","BOT_DISCORD_COMPONENT_AUTO_AND_UAT","M17-US-01;M17-US-02;M17-US-09;M20-US-09","none","tests/m17-us-01-bot-review-contract.spec.ts;tests/m17-us-02-private-channel-adapter.spec.ts;tests/m17-us-09-release-audit.spec.ts;tests/m20-us-09-discord-side-effects.spec.ts","evidence/P0/M17-US-09/summary.md;evidence/P0/M20-US-09/summary.md","EXTERNAL_E2E","PASSED","git:a07814637ca31a66b3b65bb69bac5d5945ab2111","2026-08-06T19:02:59.728Z","evidence/P0/external/AT-BOT-REV-001/result.md;evidence/P0/external/AT-BOT-REV-001/discord-channel-uat.json"
"AT-BOT-REV-002","P0_BLOCKER","BOT_RUNTIME","CRITICAL_READINESS_BARRIER","Bot 只在关键初始化完成后就绪","M17-US-03;BOT-REV-02;AT-REC-004","BOT_RUNTIME_AUTO_AND_RESTART_UAT","M17-US-03;M17-US-09;M20-US-13","none","tests/m17-us-03-bot-readiness.spec.ts;tests/m17-us-09-release-audit.spec.ts;tests/m20-us-13-runtime-cleanup.spec.ts","evidence/P0/M17-US-09/summary.md;evidence/P0/M20-US-13/summary.md","EXTERNAL_E2E","PASSED","git:a07814637ca31a66b3b65bb69bac5d5945ab2111","2026-08-06T18:59:30.207Z","evidence/P0/external/AT-BOT-REV-002/result.md;evidence/P0/external/AT-BOT-REV-002/readiness-restart-uat.json"
"AT-BOT-REV-003","P0_BLOCKER","BOT_API_ADAPTER","ACTOR_TRANSPORT_FAILURE_BOUNDARY","Bot Actor 与 API 输送边界一致且失败关闭","M17-US-05;BOT-REV-03;ACCESS-02","BOT_API_ADAPTER_AUTOMATED","M17-US-05;M17-US-09;M20-US-10;M20-US-13;M20-US-15;M23-US-08","none","tests/m17-us-05-bot-transport.spec.ts;tests/m17-us-09-release-audit.spec.ts;tests/m20-us-10-interaction-reliability.spec.ts;tests/m20-us-13-runtime-cleanup.spec.ts;tests/m20-us-15-module-boundaries.spec.ts","evidence/P0/M17-US-09/summary.md;evidence/P0/M20-US-10/summary.md;evidence/P0/M20-US-13/summary.md;evidence/P0/M20-US-15/summary.md;evidence/P0/M23-US-08/summary.md","AUTOMATED","COVERED_BY_REGRESSION","","",""
"AT-BOT-REV-004","P0_HIGH","BOT_ARCHITECTURE","FEATURE_BOUNDARY_AND_ROUTE_REACHABILITY","Bot 功能边界和 Discord 组件路由可达","M17-US-06;M17-US-07;M17-US-08;BOT-REV-04","BOT_ARCHITECTURE_AND_HANDLER_AUTOMATED","M17-US-06;M17-US-07;M17-US-08;M17-US-09;M20-US-06;M20-US-10;M20-US-13;M20-US-15;M23-US-08","checkGiftAffordability;createOrderGiftRequest","tests/m17-us-06-service-center-api-split.spec.ts;tests/m17-us-07-service-center-features.spec.ts;tests/m17-us-08-handler-behavior.spec.ts;tests/m17-us-09-release-audit.spec.ts;tests/m20-us-06-gift-component-protocol.spec.ts;tests/m20-us-10-interaction-reliability.spec.ts;tests/m20-us-13-runtime-cleanup.spec.ts;tests/m20-us-15-module-boundaries.spec.ts","evidence/P0/M17-US-09/summary.md;evidence/P0/M20-US-06/summary.md;evidence/P0/M20-US-10/summary.md;evidence/P0/M20-US-13/summary.md;evidence/P0/M20-US-15/summary.md;evidence/P0/M23-US-08/summary.md","AUTOMATED","COVERED_BY_REGRESSION","","",""
"AT-BOT-REV-005","P0_HIGH","ENGINEERING_GATE","BOT_QUALITY_GATE","Bot 规范与回归门禁阻止新退化","M17-US-04;M17-US-08;M17-US-09;BOT-REV-05","CI_AUTOMATED","M17-US-01;M17-US-04;M17-US-08;M17-US-09;M20-US-05;M20-US-13;M20-US-14;M20-US-15;M23-US-09","none","tests/m17-us-01-bot-review-contract.spec.ts;tests/m17-us-04-bot-quality-gates.spec.ts;tests/m17-us-08-handler-behavior.spec.ts;tests/m17-us-09-release-audit.spec.ts;tests/m20-us-05-discord-bot-remediation-contract.spec.ts;tests/m20-us-13-runtime-cleanup.spec.ts;tests/m20-us-14-production-copy.spec.ts;tests/m20-us-15-module-boundaries.spec.ts","evidence/P0/M17-US-09/summary.md;evidence/P0/M20-US-05/summary.md;evidence/P0/M20-US-13/summary.md;evidence/P0/M20-US-14/summary.md;evidence/P0/M20-US-15/summary.md;evidence/P0/M23-US-09/summary.md","AUTOMATED","COVERED_BY_REGRESSION","","",""
"AT-EXP-001","P0_BLOCKER","BOT_COPY_ENGINEERING_GATE","USER_VISIBLE_TRIAL_TERMINOLOGY","用户可见统一使用试音匹配术语","M18-US-01;M18-US-02;M18-US-05;EXP-01","BOT_COPY_AUTOMATED","M18-US-01;M18-US-02;M18-US-05;M18-US-08","closeOrderSelectionPool;createOrderSelectionPool;finalizeOrderSelectionPool;observeOrderSelectionReaction","tests/m18-us-01-discord-experience-contract.spec.ts;tests/m18-us-02-discord-experience-system.spec.ts;tests/m18-us-05-dispatch-trial-experience.spec.ts;tests/m18-us-08-release-audit.spec.ts","evidence/P0/M18-US-01/summary.md;evidence/P0/M18-US-02/summary.md;evidence/P0/M18-US-05/summary.md;evidence/P0/M18-US-08/summary.md","AUTOMATED","COVERED_BY_REGRESSION","","",""
"AT-EXP-002","P0_HIGH","BOT_DISCORD_VISUAL_COMPONENT","DENSITY_AND_EMBED_HIERARCHY","关键流程按风险使用一致视觉密度与信息层级","M18-US-01;M18-US-02;M18-US-03;M18-US-04;M18-US-05;M18-US-06;M18-US-07;EXP-02","BOT_COMPONENT_AUTO_AND_UAT","M18-US-01;M18-US-02;M18-US-03;M18-US-04;M18-US-05;M18-US-06;M18-US-07;M18-US-08","approveGiftRequest;cancelOrder;closeOrderSelectionPool;confirmOrder;createOrder;createOrderGiftRequest;createOrderSelectionPool;createOrderSupportRating;finalizeOrderSelectionPool;getOrder;getWelcomeDmContext;observeOrderSelectionReaction;previewOrderCancellation;rejectGiftRequest;setOrderReadiness;updateOrderRequirement","tests/m18-us-01-discord-experience-contract.spec.ts;tests/m18-us-02-discord-experience-system.spec.ts;tests/m18-us-03-onboarding-order-experience.spec.ts;tests/m18-us-03-welcome-dm-api.spec.ts;tests/m18-us-03-welcome-dm.spec.ts;tests/m18-us-04-order-panel-experience.spec.ts;tests/m18-us-05-dispatch-trial-experience.spec.ts;tests/m18-us-06-service-lifecycle-experience.spec.ts;tests/m18-us-07-support-risk-experience.spec.ts;tests/m18-us-08-release-audit.spec.ts","evidence/P0/M18-US-01/summary.md;evidence/P0/M18-US-02/summary.md;evidence/P0/M18-US-03/summary.md;evidence/P0/M18-US-04/summary.md;evidence/P0/M18-US-05/summary.md;evidence/P0/M18-US-06/summary.md;evidence/P0/M18-US-07/summary.md;evidence/P0/M18-US-08/summary.md","EXTERNAL_E2E","PENDING_EXTERNAL","","",""
"AT-EXP-003","P0_HIGH","BOT_DISCORD_RESPONSIVE_UAT","MOBILE_DESKTOP_SCANABILITY","老板、陪玩和客服在桌面与手机都能快速扫读和操作","M18-US-03;M18-US-04;M18-US-05;M18-US-06;M18-US-08;EXP-03","BOT_DISCORD_UAT","M18-US-03;M18-US-04;M18-US-05;M18-US-06;M18-US-08","closeOrderSelectionPool;confirmOrder;createOrder;createOrderSelectionPool;finalizeOrderSelectionPool;getOrder;getWelcomeDmContext;observeOrderSelectionReaction;setOrderReadiness;updateOrderRequirement","tests/m18-us-03-onboarding-order-experience.spec.ts;tests/m18-us-03-welcome-dm-api.spec.ts;tests/m18-us-03-welcome-dm.spec.ts;tests/m18-us-04-order-panel-experience.spec.ts;tests/m18-us-05-dispatch-trial-experience.spec.ts;tests/m18-us-06-service-lifecycle-experience.spec.ts;tests/m18-us-08-release-audit.spec.ts","evidence/P0/M18-US-03/summary.md;evidence/P0/M18-US-04/summary.md;evidence/P0/M18-US-05/summary.md;evidence/P0/M18-US-06/summary.md;evidence/P0/M18-US-08/summary.md","EXTERNAL_E2E","PENDING_EXTERNAL","","",""
"AT-EXP-004","P0_BLOCKER","BOT_WORKER_IDEMPOTENCY","LOW_NOISE_MESSAGE_UPDATES","高频状态变化原位更新且重试不刷屏","M18-US-05;M18-US-06;M18-US-07;M18-US-08;EXP-04","BOT_WORKER_AUTO_AND_RESTART_UAT","M18-US-05;M18-US-06;M18-US-07;M18-US-08;M23-US-08","approveGiftRequest;cancelOrder;closeOrderSelectionPool;confirmOrder;createOrderGiftRequest;createOrderSelectionPool;createOrderSupportRating;finalizeOrderSelectionPool;observeOrderSelectionReaction;previewOrderCancellation;rejectGiftRequest;setOrderReadiness","tests/m18-us-05-dispatch-trial-experience.spec.ts;tests/m18-us-06-service-lifecycle-experience.spec.ts;tests/m18-us-07-support-risk-experience.spec.ts;tests/m18-us-08-release-audit.spec.ts","evidence/P0/M18-US-05/summary.md;evidence/P0/M18-US-06/summary.md;evidence/P0/M18-US-07/summary.md;evidence/P0/M18-US-08/summary.md;evidence/P0/M23-US-08/summary.md","EXTERNAL_E2E","PENDING_EXTERNAL","","",""
"AT-EXP-005","P0_BLOCKER","BOT_RISK_COPY_SECURITY","HIGH_RISK_FACTUAL_CLARITY","资金权限冲突和内部异常保持准确可恢复","M18-US-01;M18-US-02;M18-US-04;M18-US-07;EXP-05","BOT_ERROR_AUTOMATED_AND_UAT","M18-US-01;M18-US-02;M18-US-04;M18-US-07;M18-US-08;M23-US-08","approveGiftRequest;cancelOrder;createOrderGiftRequest;createOrderSupportRating;getOrder;previewOrderCancellation;rejectGiftRequest;updateOrderRequirement","tests/m18-us-01-discord-experience-contract.spec.ts;tests/m18-us-02-discord-experience-system.spec.ts;tests/m18-us-04-order-panel-experience.spec.ts;tests/m18-us-07-support-risk-experience.spec.ts;tests/m18-us-08-release-audit.spec.ts","evidence/P0/M18-US-01/summary.md;evidence/P0/M18-US-02/summary.md;evidence/P0/M18-US-04/summary.md;evidence/P0/M18-US-07/summary.md;evidence/P0/M18-US-08/summary.md;evidence/P0/M23-US-08/summary.md","EXTERNAL_E2E","PENDING_EXTERNAL","","",""
"AT-EXP-006","P0_BLOCKER","API_RBAC","WELCOME_DM_LEAST_PRIVILEGE","迎新私信手动重发使用独立最小权限","M18-US-03;ACCESS-01;ACCESS-02;EXP-05","API_RBAC_AND_BOT_AUTO","M18-US-03","createOrder;getWelcomeDmContext;updateOrderRequirement","tests/m18-us-03-onboarding-order-experience.spec.ts;tests/m18-us-03-welcome-dm-api.spec.ts;tests/m18-us-03-welcome-dm.spec.ts","evidence/P0/M18-US-03/summary.md","AUTOMATED","COVERED_BY_REGRESSION","","",""
"AT-STATE-001","P0_BLOCKER","API_DB_CONTRACT","CUSTOMER_FREE_MULTI_PLAYER_READINESS","客户不参与 readiness 且全体有效陪玩决定开始","M19-US-01;M19-US-03;STATE-01","API_DB_AUTOMATED","M19-US-01;M19-US-02;M19-US-03;M19-US-05;M23-US-04","closeOrderSelectionPool;confirmOrder;createOrderSelectionPool;finalizeOrderSelectionPool;getAdminOrder;observeOrderSelectionReaction;requestOrderCompletion;setOrderReadiness","tests/m19-us-01-cross-role-state-contract.spec.ts;tests/m19-us-03-service-state-sync.spec.ts;tests/m19-us-05-projection-observability.spec.ts","evidence/P0/M19-US-01/summary.md;evidence/P0/M19-US-02/summary.md;evidence/P0/M19-US-03/summary.md;evidence/P0/M19-US-05/summary.md;evidence/P0/M23-US-04/summary.md","AUTOMATED","COVERED_BY_REGRESSION","","",""
"AT-STATE-002","P0_BLOCKER","API_OUTBOX_CONSUMER_MATRIX","ATOMIC_CROSS_ROLE_PROJECTION","业务事实与全部受影响消费者可恢复地收敛","M19-US-01;M19-US-02;M19-US-03;M19-US-04;STATE-02;STATE-03","API_DB_WORKER_DASHBOARD_AUTOMATED","M19-US-01;M19-US-02;M19-US-03;M19-US-04;M19-US-05;M23-US-08","approveGiftRequest;cancelOrder;claimStaffTask;closeOrderSelectionPool;confirmOrder;createOrderSelectionPool;createOrderStaffTask;finalizeOrderSelectionPool;getAdminOrder;observeOrderSelectionReaction;refundOrder;rejectGiftRequest;requestOrderCompletion;setOrderReadiness","tests/m19-us-01-cross-role-state-contract.spec.ts;tests/m19-us-03-service-state-sync.spec.ts;tests/m19-us-04-support-live-refresh.spec.ts;tests/m19-us-05-projection-observability.spec.ts","evidence/P0/M19-US-01/summary.md;evidence/P0/M19-US-02/summary.md;evidence/P0/M19-US-03/summary.md;evidence/P0/M19-US-04/summary.md;evidence/P0/M19-US-05/summary.md;evidence/P0/M23-US-08/summary.md","AUTOMATED","COVERED_BY_REGRESSION","","",""
"AT-STATE-003","P0_HIGH","DASHBOARD_COMPONENT_E2E","SUPPORT_LIVE_QUERY_CONSISTENCY","客服工作台及时看到订单和任务最新事实","M19-US-01;M19-US-03;M19-US-04;STATE-03;STATE-05","DASHBOARD_AUTO_AND_UAT","M19-US-03;M19-US-04;M19-US-05;M23-US-08","approveGiftRequest;cancelOrder;claimStaffTask;confirmOrder;createOrderStaffTask;getAdminOrder;refundOrder;rejectGiftRequest;requestOrderCompletion;setOrderReadiness","tests/m19-us-03-service-state-sync.spec.ts;tests/m19-us-04-support-live-refresh.spec.ts;tests/m19-us-05-projection-observability.spec.ts","evidence/P0/M19-US-03/summary.md;evidence/P0/M19-US-04/summary.md;evidence/P0/M19-US-05/summary.md;evidence/P0/M23-US-08/summary.md","EXTERNAL_E2E","PENDING_EXTERNAL","","",""
"AT-STATE-004","P0_BLOCKER","BOT_WORKER_IDEMPOTENCY","STAFF_COORDINATION_IN_PLACE_REFRESH","客服协同卡在状态值未变化时也更新内部进度","M19-US-02;M19-US-03;STATE-03;STATE-04","BOT_WORKER_AUTO_AND_RESTART_UAT","M19-US-02;M19-US-03;M19-US-05;M23-US-08","closeOrderSelectionPool;confirmOrder;createOrderSelectionPool;finalizeOrderSelectionPool;getAdminOrder;observeOrderSelectionReaction;requestOrderCompletion;setOrderReadiness","tests/m19-us-03-service-state-sync.spec.ts;tests/m19-us-05-projection-observability.spec.ts","evidence/P0/M19-US-02/summary.md;evidence/P0/M19-US-03/summary.md;evidence/P0/M19-US-05/summary.md;evidence/P0/M23-US-08/summary.md","EXTERNAL_E2E","PENDING_EXTERNAL","","",""
"AT-STATE-005","P0_HIGH","OBSERVABILITY_UAT","PROJECTION_CONVERGENCE_AND_ALERTING","跨角色投影时效可度量且失败可发现","M19-US-04;M19-US-05;STATE-04;STATE-05","OBSERVABILITY_AUTO_AND_UAT","M19-US-04;M19-US-05;M23-US-08","approveGiftRequest;cancelOrder;claimStaffTask;createOrderStaffTask;refundOrder;rejectGiftRequest","tests/m19-us-04-support-live-refresh.spec.ts;tests/m19-us-05-projection-observability.spec.ts","evidence/P0/M19-US-04/summary.md;evidence/P0/M19-US-05/summary.md;evidence/P0/M23-US-08/summary.md","EXTERNAL_E2E","PENDING_EXTERNAL","","",""
"AT-ACT-001","P0_BLOCKER","API_BOT_STATE_MATRIX","OWNER_CANCEL_ACTION_COVERAGE","老板在全部可操作非终态都能找到正确取消入口","M20-US-01;M20-US-02;M20-US-03;ACT-01;ACT-03","API_BOT_TABLE_DRIVEN","M20-US-01;M20-US-02;M20-US-03;M20-US-04","cancelOrder;createOrderStaffTask;getOrder;previewOrderCancellation","tests/m20-us-01-discord-action-contract.spec.ts;tests/m20-us-02-order-available-actions.spec.ts;tests/m20-us-03-discord-action-renderers.spec.ts;tests/m20-us-04-action-release-gate.spec.ts","evidence/P0/M20-US-01/summary.md;evidence/P0/M20-US-02/summary.md;evidence/P0/M20-US-03/summary.md;evidence/P0/M20-US-04/summary.md","AUTOMATED","COVERED_BY_REGRESSION","","",""
"AT-ACT-002","P0_HIGH","BOT_DISCORD_COMPONENT","FIRST_USE_LABEL_AND_LAYOUT","首次使用者能理解按钮且屏幕层级稳定","M20-US-01;M20-US-03;ACT-02","BOT_COMPONENT_AUTO_AND_UAT","M20-US-01;M20-US-03;M20-US-04;M20-US-11;M20-US-14","cancelOrder;getOrder;previewOrderCancellation","tests/m20-us-01-discord-action-contract.spec.ts;tests/m20-us-03-discord-action-renderers.spec.ts;tests/m20-us-04-action-release-gate.spec.ts;tests/m20-us-11-privacy-copy.spec.ts;tests/m20-us-14-production-copy.spec.ts","evidence/P0/M20-US-01/summary.md;evidence/P0/M20-US-03/summary.md;evidence/P0/M20-US-04/summary.md;evidence/P0/M20-US-11/summary.md;evidence/P0/M20-US-14/summary.md","EXTERNAL_E2E","PENDING_EXTERNAL","","",""
"AT-ACT-003","P0_BLOCKER","API_BOT_SECURITY","ROLE_SCOPED_AVAILABLE_ACTIONS","客户、陪玩和客服只能看到并执行自己的写动作","M20-US-02;M20-US-03;ACT-01;ACT-03","API_BOT_SECURITY_AUTOMATED","M20-US-02;M20-US-03;M20-US-04;M20-US-07","cancelOrder;createOrderStaffTask;getOrder;previewOrderCancellation;setOrderReadiness","tests/m20-us-02-order-available-actions.spec.ts;tests/m20-us-03-discord-action-renderers.spec.ts;tests/m20-us-04-action-release-gate.spec.ts;tests/m20-us-07-stale-readiness.spec.ts","evidence/P0/M20-US-02/summary.md;evidence/P0/M20-US-03/summary.md;evidence/P0/M20-US-04/summary.md;evidence/P0/M20-US-07/summary.md","AUTOMATED","COVERED_BY_REGRESSION","","",""
"AT-ACT-004","P0_HIGH","BOT_ARCHITECTURE_UAT","RENDERER_ROUTE_AND_PAGINATION_CONVERGENCE","生产动作 renderer 与路由完整收敛","M20-US-03;M20-US-04;ACT-04","BOT_ARCHITECTURE_AUTO_AND_UAT","M20-US-03;M20-US-04;M20-US-08;M23-US-08","cancelOrder;finalizeOrderSelectionPool;getOrder;listOrderSelectionApplications;previewOrderCancellation","tests/m20-us-03-discord-action-renderers.spec.ts;tests/m20-us-04-action-release-gate.spec.ts;tests/m20-us-08-selection-pagination.spec.ts","evidence/P0/M20-US-03/summary.md;evidence/P0/M20-US-04/summary.md;evidence/P0/M20-US-08/summary.md;evidence/P0/M23-US-08/summary.md","EXTERNAL_E2E","PENDING_EXTERNAL","","",""
"AT-MULTI-015","P0_BLOCKER","DASHBOARD_API_DB_WORKER","ORDER_SUPPORT_NOTE_RECOVERY","客服在原权限范围更正订单与席位备注且终态失败关闭","M10-US-03;ORD-04;AUD-02;FUND-06","DASHBOARD_API_DB_TRANSACTION","M10-US-03;M23-US-05","addAdminOrderParticipant;listAdminOrderParticipants;updateAdminOrderNote;updateAdminOrderParticipant;updateAdminOrderRequirementNote","tests/m10-us-03-api.spec.ts;tests/m10-us-03-postgres.spec.ts","evidence/P0/M10-US-03/summary.md;evidence/P0/M23-US-05/summary.md","AUTOMATED","COVERED_BY_REGRESSION","","",""
"AT-REVIEW-001","P0_BLOCKER","API_DB_TRANSACTION","OPTIONAL_TARGET_SCOPED_REVIEWS","订单整体、有效陪玩和实际客服可独立且自愿评价","M21-US-02;REVIEW-01;REVIEW-02","API_DB_CONCURRENCY_AND_SECURITY","M21-US-01;M21-US-02;M21-US-05;M23-US-08","appendOrderExperienceReviewComment;createOrderExperienceRating;getOrderExperienceReview;publishOrderFiveStarReview","tests/m21-us-01-review-contract.spec.ts;tests/m21-us-02-order-experience-reviews.spec.ts;tests/m21-us-02-postgres.spec.ts;tests/m21-us-05-review-uat-harness.spec.ts","evidence/P0/M21-US-01/summary.md;evidence/P0/M21-US-02/summary.md;evidence/P0/M21-US-05/summary.md;evidence/P0/M23-US-08/summary.md","AUTOMATED","COVERED_BY_REGRESSION","","",""
"AT-REVIEW-002","P0_HIGH","BOT_API_COMPONENT_UAT","LOW_FRICTION_REVIEW_CENTER","老板用很少点击完成评价且退出不丢分","M21-US-03;REVIEW-02;REVIEW-03","BOT_COMPONENT_AUTO_AND_DISCORD_UAT","M21-US-01;M21-US-03;M21-US-05;M23-US-08","appendOrderExperienceReviewComment;createOrderExperienceRating;getOrderExperienceReview;publishOrderFiveStarReview","tests/m21-us-01-review-contract.spec.ts;tests/m21-us-03-bot-review-center.spec.ts;tests/m21-us-05-review-uat-harness.spec.ts","evidence/P0/M21-US-01/summary.md;evidence/P0/M21-US-03/summary.md;evidence/P0/M21-US-05/summary.md;evidence/P0/M23-US-08/summary.md","EXTERNAL_E2E","PENDING_EXTERNAL","","",""
"AT-REVIEW-003","P0_BLOCKER","API_WORKER_DISCORD_PRIVACY","EXPLICIT_FIVE_STAR_PUBLICATION","只有明确同意的五星安全快照进入好评频道","M21-US-04;REVIEW-04","PRIVACY_NEGATIVE_OUTBOX_AND_DISCORD_UAT","M21-US-01;M21-US-04;M21-US-05;M23-US-08","appendOrderExperienceReviewComment;createOrderExperienceRating;getOrderExperienceReview;publishOrderFiveStarReview","tests/m21-us-01-review-contract.spec.ts;tests/m21-us-04-five-star-broadcast.spec.ts;tests/m21-us-05-review-uat-harness.spec.ts","evidence/P0/M21-US-01/summary.md;evidence/P0/M21-US-04/summary.md;evidence/P0/M21-US-05/summary.md;evidence/P0/M23-US-08/summary.md","EXTERNAL_E2E","PENDING_EXTERNAL","","",""
"AT-REVIEW-004","P0_BLOCKER","API_DB_WORKER_REGRESSION","REVIEW_SIDE_EFFECT_ISOLATION","评价成功或失败均不改变订单与资金业务事实","M21-US-02;M21-US-03;M21-US-04;REVIEW-01;REVIEW-02;REVIEW-04","TRANSACTIONAL_REGRESSION_AND_AUDIT","M21-US-01;M21-US-02;M21-US-03;M21-US-04;M21-US-05;M23-US-08","appendOrderExperienceReviewComment;createOrderExperienceRating;getOrderExperienceReview;publishOrderFiveStarReview","tests/m21-us-01-review-contract.spec.ts;tests/m21-us-02-order-experience-reviews.spec.ts;tests/m21-us-02-postgres.spec.ts;tests/m21-us-03-bot-review-center.spec.ts;tests/m21-us-04-five-star-broadcast.spec.ts;tests/m21-us-05-review-uat-harness.spec.ts","evidence/P0/M21-US-01/summary.md;evidence/P0/M21-US-02/summary.md;evidence/P0/M21-US-03/summary.md;evidence/P0/M21-US-04/summary.md;evidence/P0/M21-US-05/summary.md;evidence/P0/M23-US-08/summary.md","AUTOMATED","COVERED_BY_REGRESSION","","",""
"AT-GIFT2-001","P0_BLOCKER","API_DB_TRANSACTION","STANDALONE_TRUSTED_RECIPIENT","独立送礼只接受同 Guild 有效陪玩","M22-US-02;GIFT2-01;GIFT2-03","API_DB_SECURITY","M22-US-01;M22-US-02;M22-US-03;M22-US-05;M22-US-06","checkStandaloneGiftAffordability;createStandaloneGiftRequest;getStandaloneGiftCenter","tests/m22-us-01-standalone-gift-contract.spec.ts;tests/m22-us-02-standalone-gift-api.spec.ts;tests/m22-us-02-standalone-gift-postgres.spec.ts;tests/m22-us-03-bot-gift-entry.spec.ts;tests/m22-us-03-gift-entry-postgres.spec.ts;tests/m22-us-03-guild-uat-harness.spec.ts;tests/m22-us-06-gift-assist-boundaries.spec.ts;tests/m22-us-06-gift-automation-gate.spec.ts;tests/m22-us-06-gift-bot-adapter.spec.ts;tests/m22-us-06-gift-entry-postgres.spec.ts;tests/m22-us-06-gift-fixture-contract.spec.ts;tests/m22-us-06-gift-lifecycle-postgres.spec.ts;tests/m22-us-06-gift-privacy-worker.spec.ts","evidence/P0/M22-US-01/summary.md;evidence/P0/M22-US-02/summary.md;evidence/P0/M22-US-03/summary.md;evidence/P0/M22-US-06/summary.md","AUTOMATED","COVERED_BY_REGRESSION","","",""
"AT-GIFT2-002","P0_BLOCKER","API_DB_CONCURRENCY","STANDALONE_GIFT_FUNDS","余额不足与并发超支均零业务写入","M22-US-02;GIFT2-01;GIFT2-02","API_DB_CONCURRENCY","M22-US-01;M22-US-02;M22-US-03;M22-US-05;M22-US-06","checkStandaloneGiftAffordability;createStandaloneGiftRequest;getStandaloneGiftCenter","tests/m22-us-01-standalone-gift-contract.spec.ts;tests/m22-us-02-standalone-gift-api.spec.ts;tests/m22-us-02-standalone-gift-postgres.spec.ts;tests/m22-us-03-bot-gift-entry.spec.ts;tests/m22-us-03-gift-entry-postgres.spec.ts;tests/m22-us-03-guild-uat-harness.spec.ts;tests/m22-us-06-gift-assist-boundaries.spec.ts;tests/m22-us-06-gift-automation-gate.spec.ts;tests/m22-us-06-gift-bot-adapter.spec.ts;tests/m22-us-06-gift-entry-postgres.spec.ts;tests/m22-us-06-gift-fixture-contract.spec.ts;tests/m22-us-06-gift-lifecycle-postgres.spec.ts;tests/m22-us-06-gift-privacy-worker.spec.ts","evidence/P0/M22-US-01/summary.md;evidence/P0/M22-US-02/summary.md;evidence/P0/M22-US-03/summary.md;evidence/P0/M22-US-06/summary.md","AUTOMATED","COVERED_BY_REGRESSION","","",""
"AT-GIFT2-003","P0_BLOCKER","API_WORKER_DISCORD_PRIVACY","ANONYMOUS_GIFT_PRESENTATION","匿名送礼不向陪玩或公共频道泄露老板身份","M22-US-02;M22-US-05;GIFT2-02;GIFT2-03","PRIVACY_NEGATIVE_OUTBOX","M22-US-01;M22-US-02;M22-US-05;M22-US-06","checkStandaloneGiftAffordability;createStandaloneGiftRequest;getStandaloneGiftCenter","tests/m22-us-01-standalone-gift-contract.spec.ts;tests/m22-us-02-standalone-gift-api.spec.ts;tests/m22-us-02-standalone-gift-postgres.spec.ts;tests/m22-us-06-gift-assist-boundaries.spec.ts;tests/m22-us-06-gift-automation-gate.spec.ts;tests/m22-us-06-gift-bot-adapter.spec.ts;tests/m22-us-06-gift-entry-postgres.spec.ts;tests/m22-us-06-gift-fixture-contract.spec.ts;tests/m22-us-06-gift-lifecycle-postgres.spec.ts;tests/m22-us-06-gift-privacy-worker.spec.ts","evidence/P0/M22-US-01/summary.md;evidence/P0/M22-US-02/summary.md;evidence/P0/M22-US-06/summary.md","AUTOMATED","COVERED_BY_REGRESSION","","",""
"AT-GIFT2-004","P0_HIGH","BOT_DISCORD_COMPONENT_UAT","PERSISTENT_GIFT_ENTRY","送礼常驻卡低点击且可恢复","M22-US-03;GIFT2-01;GIFT2-04","BOT_COMPONENT_DISCORD_UAT","M22-US-01;M22-US-03;M22-US-05;M22-US-06","checkStandaloneGiftAffordability;createStandaloneGiftRequest;getStandaloneGiftCenter","tests/m22-us-01-standalone-gift-contract.spec.ts;tests/m22-us-03-bot-gift-entry.spec.ts;tests/m22-us-03-gift-entry-postgres.spec.ts;tests/m22-us-03-guild-uat-harness.spec.ts;tests/m22-us-06-gift-assist-boundaries.spec.ts;tests/m22-us-06-gift-automation-gate.spec.ts;tests/m22-us-06-gift-bot-adapter.spec.ts;tests/m22-us-06-gift-entry-postgres.spec.ts;tests/m22-us-06-gift-fixture-contract.spec.ts;tests/m22-us-06-gift-lifecycle-postgres.spec.ts;tests/m22-us-06-gift-privacy-worker.spec.ts","evidence/P0/M22-US-01/summary.md;evidence/P0/M22-US-03/summary.md;evidence/P0/M22-US-06/summary.md","EXTERNAL_E2E","PENDING_EXTERNAL","","",""
"AT-GIFT2-005","P0_BLOCKER","API_BOT_AUTHORIZATION","STAFF_GIFT_ASSIST","模式 B 客服辅助仅在可信客户意图与本人二次验证后直接预留","M22-US-04;GIFT2-05","API_BOT_RBAC_MFA_CONCURRENCY_DISCORD_UAT","M22-US-04;M22-US-05;M22-US-06","checkStaffGiftAssistAffordability;createStaffAssistedGiftRequest;createStaffGiftAssistChallenge;getStaffGiftAssistChallenge","tests/m22-us-04-staff-gift-assist-api.spec.ts;tests/m22-us-04-staff-gift-assist-bot.spec.ts;tests/m22-us-04-staff-gift-assist-contract.spec.ts;tests/m22-us-04-staff-gift-assist-postgres.spec.ts;tests/m22-us-06-gift-assist-boundaries.spec.ts;tests/m22-us-06-gift-automation-gate.spec.ts;tests/m22-us-06-gift-bot-adapter.spec.ts;tests/m22-us-06-gift-entry-postgres.spec.ts;tests/m22-us-06-gift-fixture-contract.spec.ts;tests/m22-us-06-gift-lifecycle-postgres.spec.ts;tests/m22-us-06-gift-privacy-worker.spec.ts","evidence/P0/M22-US-04/summary.md;evidence/P0/M22-US-06/summary.md","EXTERNAL_E2E","PENDING_EXTERNAL","","",""
