"item_id","item_type","milestone","epic_id","title","user_value","scope","dependencies","owner_type","estimate_person_days","acceptance_criteria","definition_of_done","master_spec_sections","api_operation_ids","critical_path","parallel_track","scope_exclusions","requirement_ids","delivery_status","target_release","evidence_refs","test_refs"
"EP-M0","EPIC","M0","EP-M0","工程骨架与统一业务边界","团队获得可复现、可审计且客户端不直连数据库的开发基础。","TypeScript 模块化单体、Sapphire Bot、React Dashboard、统一 API、PostgreSQL、内部 CAT 钱包、Outbox、配置和可观测性骨架。","none","tech_lead","16-26 (aggregate; do not sum with children)","一条命令启动全部组件；Bot Piece 加载；API 健康检查通过；业务访问均经 API。","全部 M0 Story 验收通过；架构边界、配置和启动方式经评审。","§1.2;§4;§9;§10.1;§11;§14;§16(M0);最新基线:P0产品边界","getHealth;getReadiness;retryJob","yes","foundation","不引入微服务、Kubernetes、Redis、事件总线或多币种钱包。","ARCH-01;ARCH-02;OPS-01","PLANNED","P0","ARCH:unified-api-boundary;RUN:local-smoke","AT-AUD-004;AT-CHN-001"
"M0-US-01","USER_STORY","M0","EP-M0","可复现的本地工程与运行骨架","开发人员无需手工拼装环境即可启动 API、Bot、Dashboard 和数据库。","建立 TypeScript workspace、API/Bot/Dashboard 进程、Docker Compose、环境变量校验、Sapphire Piece 发现和健康/就绪检查。","none","platform_fullstack","2-4","一条命令启动四个组件；缺少关键配置时明确失败；Piece 清单可验证；健康与就绪检查区分存活和依赖可用。","smoke/config 测试和启动文档通过；无密钥入库；代码经评审。","§4.1-4.5;§14.1-14.2;§16(M0)","getHealth;getReadiness","yes","platform","不提供 Kubernetes、自动扩缩容或多 Server 部署。","ARCH-01","PLANNED","P0","RUN:compose-smoke;BOT:piece-discovery","AT-CHN-001;AT-CHN-002"
"M0-US-02","USER_STORY","M0","EP-M0","P0 数据库基线与不可变记录约束","业务状态可事务化保存，关键财务与审计记录无法被误删或覆盖。","实现 P0 表、枚举、外键、唯一约束、活跃订单约束、minor units/currency、迁移和种子；预留、收益与返佣调整记录只追加。","M0-US-01","backend_data","4-6","空库可迁移并载入 L1-L4、阈值和测试目录；活跃订单、幂等键、推荐来源唯一约束生效；财务/审计无硬删除仓储方法。","空库及前一版本迁移通过；约束集成测试通过；ERD/Schema 与迁移一致。","§5;§8;§9;§14.2;§18;最新基线:资金预留/返佣","none","yes","api_data","不建本地余额账本，不提供财务、审计或订单事件硬删除。","ARCH-02;FUND-01;FUND-05;REF-07;NAME-04","PLANNED","P0","DB:p0-schema;DB:immutable-record-constraints","AT-AUD-003;AT-REC-001;AT-AUD-001"
"M0-US-03","USER_STORY","M0","EP-M0","统一鉴权、Actor Context、幂等与审计中间件","每次 Bot 或 Dashboard 操作可追溯到真实操作者，并由 API 做唯一授权判断。","实现 Bot 服务 Token、可信 Actor Header、request_id、Idempotency-Key、权限策略入口、拒绝审计和只追加 audit_logs。","M0-US-01;M0-US-02","backend_security","4-6","无有效服务身份的伪造 Actor Header 返回 401；客户端自报 level/role 无效；重复写返回首次结果；成功及高风险拒绝均可审计。","鉴权、幂等、越权和审计集成测试通过；日志脱敏；所有写端点接入中间件。","§5.4;§10.1;§10.6;§11.3;§12.1;§17.4-17.5","none","yes","api_data","不在 Bot Precondition 或 React 前端复制最终 RBAC。","ARCH-01;ACCESS-01;ACCESS-02","PLANNED","P0","API:actor-context;DB:audit-log","AT-AUTH-001;AT-RBAC-001;AT-AUD-001"
"M0-US-04","USER_STORY","M0","EP-M0","内部钱包资金契约基线","订单、礼物和退款可在不连接第三方支付渠道的情况下使用统一内部 CAT 余额事实。","建立 WalletFundingService 契约与可控数据库 fixture，覆盖余额、创建/捕获/释放预留、消费扣款、业务退款贷记和幂等查询。","M0-US-02;M0-US-03","integration_backend","3-5","覆盖成功、余额不足、并发、幂等重放和事务失败；业务模块只依赖内部钱包服务，不引用渠道 API。","钱包服务合同、数据库并发、幂等与回滚测试通过；所有金额固定 CAT subunits。","§1.2;§4.3;§10.7;§11.3;§12;§15.1;§16(M0)","none","yes","wallet_integration","不保留旧支付适配器接口或渠道调用。","ARCH-02;FUND-06","PLANNED","P0","SERVICE:WalletFundingService;DB:wallet-fixtures","AT-WHK-001;AT-REC-001;AT-REC-003"
"M0-US-05","USER_STORY","M0","EP-M0","Outbox/Job 运行器与结构化可观测性","Discord 展示或外部依赖失败可安全重试，不会重复执行业务交易。","实现数据库 Outbox 领取、锁、退避、失败状态、授权手工重试、结构化日志和核心指标钩子。","M0-US-02;M0-US-03","backend_platform","3-5","同一 Job 不被两个 Worker 同时执行；重试保留 attempts/last_error/run_after；播报失败不回滚业务事务；日志含 request_id 和关联 ID。","并发领取、退避、失败和恢复测试通过；失败 Job 可受权重试并留审计。","§4.2-4.3;§9;§11.1-11.3;§12.1;§17.5","retryJob","yes","platform","不引入 Redis/BullMQ，不承诺无限重试或复杂 SLA。","ARCH-01;GIFT-04","PLANNED","P0","DB:outbox-jobs;OBS:structured-events","AT-CHN-003;AT-AUD-003"
"EP-M1","EPIC","M1","EP-M1","目录、账户与即时订单入口","用户无需学习命令即可绑定账户、结构化确认需求并安全提交即时单。","目录、绑定、个人中心、订单草稿、私密频道、常驻面板、完整确认、资金预留与并发控制。","EP-M0","product_tech_lead","28-46 (aggregate; do not sum with children)","已绑定用户在一个确认面板看到完整需求、价格、可用余额、预留金额和取消规则；提交只预留一次。","全部 M1 Story 验收通过并完成 Discord 演示。","§2.1;§3.1-3.2;§6.1-6.2;§7.1-7.2;§16(M1);§17.1-17.2;最新基线:PL-01/PL-02","listServices;getCurrentUser;getCurrentBalance;createOrder;getOrder;updateOrder;estimateOrder;submitOrder","yes","api_bot","不做预约、用户选陪玩、指定陪玩、加时、优惠券或复杂动态计价。","PL-01;PL-02;FUND-01;FUND-02;FUND-05;FUND-06","PLANNED","P0","FLOW:order-entry;DB:FundReservation","AT-PL-001;AT-RES-001"
"M1-US-01","USER_STORY","M1","EP-M1","版本化服务目录与双价格快照","运营可维护可售服务，用户只看到客户价，订单始终使用提交时价格。","实现启用服务查询、后台版本 API、计价单位、最低数量、客户单价、陪玩结算单价、币种和上下架约束。","M0-US-02;M0-US-03","backend_api","3-5","缺任一价格不能上架；用户列表不返回陪玩结算价；已提交订单在改价或下架后仍保留双价格快照。","单元、数据库集成和 API 契约测试通过；OpenAPI operationId 一致。","§2.1;§4.3;§6.2;§9;§10.2;§10.4;§15.1;§18","listServices;createServiceCatalogVersion;updateServiceCatalogVersion;estimateService","yes","api_data","不做阶梯价、活动价、优惠券或动态定价。","ARCH-01","PLANNED","P0","API:listServices;DB:service-catalog-version","AT-CAT-001;AT-CAT-002"
"M1-US-02","USER_STORY","M1","EP-M1","Discord 身份与内部账户摘要","用户通过可信 Discord 身份私密查看内部 CAT 账户和实时余额。","实现 Guild 内 Discord 身份唯一映射、个人摘要和内部余额查询；不提供第三方支付账号绑定。","M0-US-03","backend_api","3-5","Actor Context 只解析唯一内部用户；未开通身份不可枚举；余额严格返回 ledgerBalanceMinor/reservedMinor/availableMinor/currency/calculatedAt；他人不可读取。","内部 CAT 账本、归属和隐私测试通过；不存在支付平台账号绑定或运行时查询。","§2.1;§3.1;§6.1;§9;§10.2;§12;§17.1","getCurrentUser;getCurrentBalance","yes","api_data","不提供第三方支付账号绑定、自助解绑或多账号切换。","ARCH-02;NAME-02","PLANNED","P0","API:getCurrentBalance;DB:discord-user-mapping","AT-ACC-001;AT-ACC-002;AT-ACC-003;AT-RES-002"
"M1-US-03","USER_STORY","M1","EP-M1","即时订单草稿与服务端估价","用户可逐步填写订单，服务端保证输入完整、仅即时单且金额可复算。","实现创建/读取/更新草稿、单活跃订单限制、字段校验、目录版本引用、数量和金额计算、订单版本并发控制。","M1-US-01;M1-US-02","backend_api","4-6","已有活跃订单返回其 ID；未来时间字段被拒绝；不完整草稿不可提交；金额为 integer minor units；陈旧 expected_version 返回 409。","状态机、计价、约束和 API 测试通过；订单事件只追加。","§2.1;§6.2;§8.1;§9;§10.3;§12;§17.2","createOrder;getOrder;updateOrder;estimateOrder","yes","api_data","不支持预约、多人订单、多个活跃订单或客户端自报价格。","PL-01","PLANNED","P0","API:estimateOrder;DB:order-draft-version","AT-ORD-001;AT-ORD-002"
"M1-US-04","USER_STORY","M1","EP-M1","Sapphire 公共入口、私密频道与常驻面板","用户通过消息组件完成结构化选择，通过少量 Modal 填写自由文本，不需要大型斜杠菜单。","实现固定公共入口、已开通身份校验、消息组件完成结构化选择、补充备注 Modal、订单频道创建/补偿、权限覆盖、面板渲染和更新、custom_id 路由及重复交互处理。","M1-US-02;M1-US-03","discord_bot","4-6","成员不能查看他人订单频道；结构化选项逐次提交并更新原消息；Modal 不超过 5 个顶层组件且无双栏/自定义按钮；面板显示最新需求、金额、状态和动作；创建频道失败不留下可提交订单；面板可重建。","InteractionHandler、组件约束、权限渲染和 API 错误映射测试通过；测试 Server E2E 留证。","§1.1;§3.2;§4.4;§5.5;§7.1-7.5;§11.2;§12;§17.1","createOrder;getOrder;updateOrder","yes","discord_bot","不把价格、状态机、资金或最终权限规则写入 Sapphire Piece；不在打开的 Modal 内实现级联选择。","ARCH-01;PL-01","PLANNED","P0","BOT:public-entry;BOT:private-order-panel","AT-CHN-001;AT-ORD-003;AT-UI-001;AT-UI-002;AT-UI-003"
"M1-US-05","USER_STORY","M1","EP-M1","订单提交与资金预留","用户确认订单后金额只被预留一次，失败时不会进入派单。","提交时原子复核价格和内部 CAT 账本可用余额，创建订单 FundReservation 并迁移到 PENDING_DISPATCH。","M0-US-04;M1-US-03;M0-US-05","backend_api","4-7","余额不足保持 DRAFT；预留成功才进入 PENDING_DISPATCH；重复提交只产生一条有效预留；失败整笔回滚并由原幂等键安全重放。","内部钱包全分支、数据库事务和 API 集成测试通过；审计可追溯 reservation 与钱包版本。","§6.2;§8;§9;§10.3;§11.3;§12;§15.1;§17.2;§18;最新基线:资金预留","submitOrder","yes","wallet_integration","不直接在提交时完成消费；不建可手工编辑 pending 字段。","PL-02;FUND-01;FUND-02;FUND-05;FUND-06","PLANNED","P0","API:submitOrder;DB:FundReservation","AT-RES-001;AT-REC-002;AT-ORD-004"
"M1-US-06","USER_STORY","M1","EP-M1","私密个人服务中心","用户可在 Discord 私密查看余额、预留金额、当前订单、消费和本人返佣摘要。","实现服务中心 API 聚合与 Sapphire ephemeral 视图；消费和返佣在 M3 前可返回结构稳定空列表。","M1-US-02;M1-US-03;M1-US-04","fullstack_bot_api","2-4","个人数据仅私密显示；余额字段严格为 ledgerBalanceMinor/reservedMinor/availableMinor/currency/calculatedAt；活跃订单可跳转；失败不伪造余额。","API 契约、归属、空/错/加载状态和 Discord 手工验收通过。","§3.1;§6.1;§10.2;§12;§17.1","getCurrentUser;getCurrentBalance;listCurrentUserConsumptions;listCurrentUserCommissions","no","discord_bot","不做公开主页、完整 BI 或余额缓存账本。","NAME-02;REF-05","PLANNED","P0","BOT:service-center;API:getCurrentBalance","AT-ACC-004"
"M1-US-07","USER_STORY","M1","EP-M1","结构化需求与一次完整确认","用户提交前一次看全需求、价格、余额和取消规则，减少误单。","确认面板固定展示 game、service、region、duration、tags、notes、price、available balance、cancellation rule；数据来自 estimateOrder/getCurrentBalance。","M1-US-03;M1-US-06","fullstack_bot_api","3-5","缺任一必填项不可确认；确认页一次完整显示全部字段和币种；陈旧版本要求刷新；Bot 不自行计算价格或可用余额。","API schema、Bot 渲染、缺失/陈旧/余额失败分支和 E2E 通过。","最新基线:启动前最优先六项(1);§3.2;§6.2;§7.2","estimateOrder;getCurrentBalance","yes","api_bot","不增加预约字段、陪玩试音或用户选陪玩。","PL-01;ARCH-01","PLANNED","P0","API:estimateOrder;UI:order-confirmation-panel","AT-PL-001;AT-ORD-002"
"M1-US-08","USER_STORY","M1","EP-M1","资金预留模型与并发控制","多个订单或礼物请求并发时，用户只能使用真实可用余额。","统一 availableMinor=ledgerBalanceMinor-reservedMinor；预留绑定 source/idempotency/version/lifecycle；API 通过钱包行锁原子创建、捕获和释放。","M0-US-02;M0-US-04;M1-US-05","backend_payment_data","5-8","并发请求不能超额预留；reservedMinor 为有效 FundReservation 合计；取消释放、完成捕获、争议保留；每次写入均原子重读内部账本余额。","数据库并发、钱包锁、幂等、版本冲突及恢复测试通过；统一资金服务被订单和礼物复用。","最新基线:资金预留;§8;§9;§10.3;§12","getCurrentBalance;submitOrder;cancelOrder","yes","payment_data","不提供手工编辑预留金额或客户端余额计算。","PL-02;FUND-01;FUND-02;FUND-05;FUND-06;NAME-02","PLANNED","P0","DB:FundReservation;API:fund-reservation-service","AT-RES-001;AT-RES-002;AT-RES-003"
"EP-M2","EPIC","M2","EP-M2","陪玩准入、透明候选池与订单闭环","合格陪玩报名、客户选择正式阵容；全部陪玩准备后开始；自动流程可由客服暂停和接管。","陪玩准入/工作台、候选池报名、客户选秀、全陪玩准备、取消预览、客服暂停/恢复、退款、结案和转派。","EP-M1","product_tech_lead","40-66 (aggregate; do not sum with children)","正常单及异常单均可闭环；候选池过程透明；全部正式陪玩 READY 才开始；取消先预览；客服可暂停自动化且争议不自动裁决。","全部 M2 Story 验收通过；并发和异常 E2E 有可重复证据。","M11 补充合同;§3.3-3.4;§5;§6.3-6.5;§8;§11-12;§17.2","createOrderSelectionPool;applyToOrderSelectionPool;finalizeOrderSelectionPool;setOrderReadiness;requestOrderCompletion;confirmOrder;previewOrderCancellation;cancelOrder;createOrderStaffTask;refundOrder;resolveOrder;reassignOrder","yes","api_bot","不做预约、排班、候选评分排名或自动争议裁决。","PL-03;PL-04;PL-05;PL-06;OPS-01;SEL-01;NAME-03","PLANNED","P0","FLOW:selection-service-lifecycle;UI:player-workbench","AT-SEL-002;AT-RDY-001;AT-CXL-001"
"M2-US-01","USER_STORY","M2","EP-M2","陪玩准入、标签与 Presence 观测","用户候选池只接受内部已审批、同 Guild 且能力匹配的陪玩报名。","实现 player_profile 审核、游戏/服务标签和 Discord Presence 非授权观测；移除 AVAILABLE/BUSY 接单设置及其资格作用。","M0-US-03;M1-US-03","backend_bot","3-5","只有内部审批 ACTIVE、同 Guild 且标签匹配可报名；PENDING_REVIEW/PAUSED/SUSPENDED 不能报名；Presence 不影响通知、报名或最终选择。","资格、Role/Presence Listener 非授权边界和权限测试通过。","M11 补充合同;§5.1;§8.2;§11.1","approvePlayer;syncDiscordPresence;setPlayerOperationalStatus;updatePlayerOperationalTags","yes","api_bot","不做排班、自动技能评分或跨 Server Presence。","PL-04;SEL-01","PLANNED","P0","DB:player-profile;BOT:presence-observation","AT-DSP-001;AT-DSP-004;AT-WRK-002;AT-WRK-003;AT-SEL-002;AT-ROL-001"
"M2-US-02","USER_STORY","M2","EP-M2","候选池通知与报名卡片","符合条件的陪玩在集中频道收到清晰的选秀报名入口。","客户创建无时限候选池，经 Outbox 发布报名卡；陪玩报名或撤回只改变报名事实并实时刷新客户订单名单，不创建正式参与人。","M0-US-05;M1-US-05;M2-US-01","backend_bot","4-7","卡片只提供报名/撤回；发布失败可重试；仅客户手动终止进入选秀；事件重放不产生重复有效候选池或报名。","候选池、报名、Outbox、手动终止、Discord 渲染和重放测试通过。","M11 补充合同","createOrderSelectionPool;getOrder;applyToOrderSelectionPool;withdrawOrderSelectionApplication","yes","api_bot","不定时收口、自动选人、续轮、取消或实现候选评分。","PL-03;SEL-01","PLANNED","P0","API:selection-pools;BOT:selection-card","AT-DSP-002;AT-DSP-003;AT-SEL-001;AT-SEL-002;AT-SEL-007"
"M2-US-03","USER_STORY","M2","EP-M2","客户原子选择与订单频道入场","客户从候选池原子确认一个或多个正式陪玩，或显式放弃本轮候选重新等待报名。","实现最终选择时的活动订单约束、需求容量、订单/池/参与人原子写、跨池失效和频道权限同步；返回重选时重置候选组件，主动续轮时按池版本结束旧池并创建新池。","M2-US-02","backend_bot","3-5","任一所选人失效整次零写入；成功者成为正式参与人；部分席位保留；客户可在单候选确认后返回并再次选择，或主动放弃本轮候选开启新池；未入选者权限最终收敛；展示失败可重试且不回滚业务选择。","数据库并发、API 集成和 Discord E2E 通过。","M11 补充合同","finalizeOrderSelectionPool;createOrderSelectionPool;getOrder","yes","api_bot","不允许同一陪玩同时成为多个活动订单的正式参与者；不得自动续轮。","SEL-02;PL-03","PLANNED","P0","API:finalizeOrderSelectionPool;BOT:selection-permissions","AT-SEL-004;AT-SEL-005;AT-SEL-006"
"M2-US-04","USER_STORY","M2","EP-M2","全陪玩准备、申请完成与用户确认","用户和所有当前有效陪玩按合法顺序完成服务，客户不承担 readiness 操作。","实现逐人陪玩 READY、全员后 ACCEPTED→IN_SERVICE、申请完成、用户确认、Actor 归属、时间戳、面板动作和确认超时任务；客户 readiness 与旧 start 调用必须拒绝并审计。","M2-US-03;M0-US-05","fullstack_bot_api","3-5","仅全部当前有效陪玩 READY 后进入 IN_SERVICE；客户没有 readiness 写动作；非订单陪玩不能操作；非法迁移返回 409；确认超时只建任务，不自动完成或结算。","状态机、逐人 readiness、超时 Job 和三角色 Discord E2E 通过。","M10/M19 补充合同;§8.1;§10.3;§11.1;§12;§17.2","setOrderReadiness;requestOrderCompletion;confirmOrder","yes","api_bot","不做绕过其他有效陪玩的开始、自动确认、评价、加时或按分钟自动计时。","READY-02;NAME-03","PLANNED","P0","API:setOrderReadiness;BOT:readiness-panel","AT-RDY-001;AT-SVC-001;AT-SVC-002;AT-MULTI-003"
"M2-US-05","USER_STORY","M2","EP-M2","默认自动取消与异常客服任务","简单取消自动完成，接单后或异常场景保留客服判断空间。","实现 DRAFT 取消、待派单释放预留、已接单 CANCELLATION_ASSIST，以及迟到、缺席、中断、完成超时任务和风险事件。","M1-US-05;M2-US-03;M2-US-04;M0-US-05","backend_api","4-7","释放或退款确认前不显示 CANCELLED；失败进入 EXCEPTION 并建任务；超时规则只开任务不自动扣罚；重复触发不重复建活动任务。","取消、预留释放、退款、超时、风险和幂等集成测试通过；Bot 显示客服接管状态。","§3.4;§6.4-6.5;§8;§10.3-10.4;§11.1;§12;§17.2;§18","cancelOrder;createOrderStaffTask","yes","api_data","不自动裁决爽约、争议或服务中断，不自动扣罚陪玩。","OPS-01;FUND-02;PL-06","PLANNED","P0","API:cancelOrder;DB:staff-task","AT-CAN-001;AT-CAN-004;AT-SUP-001"
"M2-US-06","USER_STORY","M2","EP-M2","人工退款、结案与转派的原子用例","客服可在权限内处理复杂订单，资金、收益、状态和审计不会半完成。","实现 refundOrder/resolveOrder/reassignOrder、reason/evidence、金额等级路由、内部钱包业务退款、resolution、Adjustment、风险和不可篡改审计事务。","M0-US-03;M0-US-04;M2-US-05","backend_security","5-8","L1 仅建议；退款≤50000 由 L2、50001–499999 由 L3、≥500000 由 L4 直接执行；同一人可发起并执行；内部钱包贷记与业务事实同事务；无部分写入。","等级边界、同人发起并执行、原因、step-up/MFA、钱包失败、Adjustment 和事务回滚测试通过。","§5.2-5.4;§6.5;§9;§10.4-10.6;§12;§15;§17.2-17.4","refundOrder;resolveOrder;reassignOrder","yes","api_data","不硬删除、强制改状态或自动争议裁决。","OPS-01;ACCESS-01;REF-07;NAME-04","PLANNED","P0","API:resolveOrder;API:refundOrder;DB:order-resolution","AT-CAN-006;AT-CAN-009;AT-RBAC-004"
"M2-US-07","USER_STORY","M2","EP-M2","用户侧候选池进度透明","招募或选秀中的客户能看到当前阶段、报名陪玩名单和下一步。","提供候选池读模型：stage、applicationCount、applicantDiscordUserIds、nextStep；选秀阶段分页展示允许公开的候选资料。","M2-US-02;M2-US-03","fullstack_bot_api","3-5","阶段与当前有效报名者来自 API；客户订单 Embed 以静默 Discord mention 原位更新；零人时由客户选择重新招募、取消或联系客服；完整候选名单不对其他陪玩或公共频道泄露。","读模型、隐私、实时投影和 Bot 状态渲染测试通过。","M11 补充合同","getOrder;listOrderSelectionApplications","yes","api_bot","不展示内部评分、排名或审核原因。","PL-03;ARCH-01","PLANNED","P0","OPENAPI:getOrder;BOT:selection-status","AT-MAT-001;AT-SEL-001;AT-SEL-005;AT-SEL-007"
"M2-US-08","USER_STORY","M2","EP-M2","完整陪玩工作台","陪玩可在一个私密面板看清准入、候选池报名、正式订单、收益和下一动作。","聚合 qualification、currentOrder、selectionPools、applications、requirements、selectionStage、earningsSummary 和 allowedActions；Bot 仅渲染。","M2-US-01;M2-US-02;M2-US-03","fullstack_bot_api","4-7","不展示 ONLINE/AVAILABLE 接单状态或候选池倒计时；报名与正式订单不混淆；收益仅显示本人；所有动作由 API capabilities 返回。","工作台聚合、权限、加载/空/错/陈旧状态和 Discord E2E 通过。","M11 补充合同","getPlayerWorkbench;applyToOrderSelectionPool;withdrawOrderSelectionApplication","yes","api_bot","不做陪玩公开排名、试音材料或排班。","PL-04;ARCH-01;REF-05","PLANNED","P0","OPENAPI:getPlayerWorkbench;BOT:player-workbench","AT-PL-004;AT-WRK-001;AT-SEL-002"
"M2-US-09","USER_STORY","M2","EP-M2","逐名陪玩准备与超时转客服","客户只读查看进度，全部当前有效的正式陪玩分别确认本人 READY 后才开始；超时只进入客服队列。","为每名当前有效陪玩保存 readiness 与版本；最后一名 READY 原子迁移 IN_SERVICE；超时 Job 创建唯一客服任务；客户 readiness 和旧 start 调用必须拒绝并审计。","M2-US-03;M0-US-05","backend_bot","4-6","客户或前 N-1 名陪玩 READY 不开始；并发重放只迁移一次；超时创建一次任务且不计费；客服可查看逐名状态和原因。","并发状态机、逐名超时、Actor 归属、客户/旧调用拒绝和多角色 E2E 通过。","M10/M19 补充合同;§6.4;§8.1","setOrderReadiness;createOrderStaffTask;listCurrentUserStaffTasks","yes","api_bot","不允许客户 readiness、部分陪玩就绪就 start 或自动开始计费。","PL-05;NAME-03;OPS-01;READY-02","PLANNED","P0","API:setOrderReadiness;JOB:readiness-timeout","AT-RDY-001;AT-RDY-002;AT-RDY-003"
"M2-US-10","USER_STORY","M2","EP-M2","取消影响预览与原子执行","用户取消前能看清是否自动处理、释放或退款金额、方式和时间。","实现 previewOrderCancellation；cancelOrder 使用相同规则在事务内重验状态、版本、预留和内部钱包事实。","M1-US-08;M2-US-05","backend_api","3-5","预览返回 autoProcessable、releaseAmountMinor、refundAmountMinor、refundMethod、estimatedTiming 和需客服原因；执行时数据变化返回 409 并要求刷新；金额由 API 计算。","预览/执行一致性、并发变化、预留释放、内部钱包退款和 Bot 面板测试通过。","最新基线:启动前最优先六项(6);§3.4;§6.5;§10.3","previewOrderCancellation;cancelOrder","yes","api_data","不由 Bot 估算退款，不自动裁决已接单争议。","PL-06;FUND-02;ARCH-01","PLANNED","P0","API:previewOrderCancellation;UI:cancellation-preview","AT-CXL-001;AT-CAN-003;AT-CAN-008"
"M2-US-11","USER_STORY","M2","EP-M2","客服暂停、接管与恢复自动化","异常时客服可阻止自动动作，处理后恢复或转派且全程可审计。","实现订单 automationState、pause/resume、接管人、原因、范围、到期提示；暂停时派单/超时/自动取消 Job 安全跳过；支持重派和审批。","M2-US-05;M2-US-06","backend_ops","4-6","L1 可请求/在 scope 内接管但不能执行资金动作；L2+ 可按权限暂停恢复；重复 pause/resume 幂等；Worker 尊重最新版本；所有操作留审计。","权限、并发 Worker、超时、恢复、转派和 Dashboard/Bot 状态测试通过。","最新基线:P0产品边界(3);§3.4;§5;§6.5","pauseOrderAutomation;resumeOrderAutomation;createOrderStaffTask;reassignOrder;getStaffTask;resolveStaffTask","yes","api_dashboard","不提供绕过状态机的任意改状态功能。","OPS-01;OPS-02;ACCESS-02","PLANNED","P0","OPENAPI:pauseOrderAutomation;OPENAPI:resumeOrderAutomation","AT-SUP-005;AT-SUP-002"
"EP-M3","EPIC","M3","EP-M3","礼物、消费、收益与保密一级返佣","送礼先预留再核对批准；订单/礼物消费、陪玩收益和两种一级返佣可追溯。","礼物请求/预留/审批/捕获/播报、收益、PROMOTER_FIRST_PURCHASE、PLAYER_LIFETIME、保密查询和 Adjustment。","EP-M2","product_tech_lead","29-47 (aggregate; do not sum with children)","礼物完整走请求→预留→核对→批准→捕获→记账→播报；两种返佣互斥且来源用户不可见受益人信息；冲正只新增 Adjustment。","全部 M3 Story 验收通过；并发、支付重试、保密和返佣重放测试留证。","§3.5-3.6;§6.6-6.7;§8.2;§9-12;§16(M3);§17.3;最新基线:资金预留/返佣/礼物","createOrderGiftRequest;approveGiftRequest;rejectGiftRequest;listPlayerEarnings;updatePlayerEarning;listCurrentUserCommissions;listCommissions;updateCommission","yes","gift_finance","不做礼物动画、多级返佣、自动发放、自动提现或税务。","FUND-03;FUND-04;GIFT-01;GIFT-02;GIFT-03;GIFT-04;REF-01;REF-02;REF-03;REF-04;REF-05;REF-06;REF-07","PLANNED","P0","FLOW:gift-reservation-capture;MODEL:referral-programs","AT-RES-008;AT-RFP-005"
"M3-US-01","USER_STORY","M3","EP-M3","礼物目录与订单内送礼请求","用户可从关联订单选择礼物，确认后立即预留金额并进入客服核对。","实现礼物查询、状态/时间窗口校验、快照、目标从 order.player_id 推导、Gift FundReservation、GIFT_REVIEW 任务和 Bot 面板。","M2-US-03;M0-US-05","fullstack_bot_api","3-5","仅 ACCEPTED/IN_SERVICE/PENDING_CONFIRMATION 或 completed_at 后 24 小时内 COMPLETED 可请求；目标不可伪造；提交后预留且建任务。","四个状态、COMPLETED 24 小时边界、目标防伪、预留、任务、Bot 和隐私测试通过。","§3.5;§6.6;§7.3;§9;§10.4;§17.3;最新基线:礼物与客服","listGifts;createOrderGiftRequest;getCurrentBalance","yes","gift_flow","不做脱离订单送礼、匿名礼物或动画。","GIFT-01;FUND-03","PLANNED","P0","API:createOrderGiftRequest;DB:gift-reservation","AT-GFT-001;AT-GFT-003;AT-RES-008"
"M3-US-02","USER_STORY","M3","EP-M3","客服认领、核对与分级送礼执行","客服确认真实意愿，L1 不越权，高金额由正确等级执行。","实现唯一认领、内部备注、VERIFIED/待执行、拒绝、L2/L3/L4 金额策略、payload_hash 和执行凭据过期；展示预留状态和语音链接。","M3-US-01;M0-US-03;M2-US-06","backend_security","5-8","仅一人认领；L1 只能 claim/contact/verify/submit；礼物≤200000 由 L2、200001–499999 由 L3、≥500000 由 L4 直接执行；同一人可发起并执行；数据变化使执行凭据失效。","权限矩阵、等级边界、同人发起并执行、原因、step-up/MFA、并发认领、陈旧凭据、客服卡片和不可篡改审计测试通过。","§3.5;§5.2-5.6;§6.6;§8.2;§10.4-10.6;§15.2;§17.3-17.4","claimStaffTask;verifyStaffTask;approveGiftRequest;rejectGiftRequest","yes","api_data","L1 不执行资金动作；任何级别不绕过核对。","GIFT-02;GIFT-03;ACCESS-01;REF-06","PLANNED","P0","UI:support-gift-card;API:approveGiftRequest","AT-GFT-004;AT-GFT-005;AT-RBAC-003"
"M3-US-03","USER_STORY","M3","EP-M3","礼物捕获、消费记账与播报恢复","用户只支付一次，播报失败不影响送礼成功。","批准时捕获现有 Gift FundReservation，原子追加钱包扣款与 consumption；成功后 Outbox 播报，补发仅重试消息。","M3-US-02;M0-US-04;M0-US-05","integration_backend","4-6","重复批准最多捕获一次并产生一条原始消费；批准不新建第二预留；余额或预留失效不扣；播报失败不重扣且可补发。","内部钱包、数据库幂等、reservation capture、Outbox 和 Discord 播报 E2E 通过。","§3.5;§6.6;§8.2;§9;§11.1-11.3;§12;§17.3","approveGiftRequest;retryJob","yes","wallet_integration","不因播报失败退款或再次捕获，不做礼物动画。","FUND-03;GIFT-03;GIFT-04","PLANNED","P0","DB:gift-reservation-capture;OUTBOX:gift-broadcast","AT-GFT-006;AT-GFT-007;AT-WHK-002"
"M3-US-04","USER_STORY","M3","EP-M3","陪玩收益确认、支付标记与调整","运营按结算快照管理陪玩收益并保留完整历史。","订单完成/结案创建唯一 PENDING PlayerEarning；L3 确认和人工支付；退款或纠错仅新增 PlayerEarningAdjustment。","M2-US-04;M2-US-06","backend_api","4-6","每订单仅一条原始 PlayerEarning；金额来自快照/结案；确认和支付记录操作者/原因；原记录不改，调整金额非负且 type 决定方向。","金额、唯一性、状态迁移、PlayerEarningAdjustment 和权限测试通过；无删除端点。","§2.1;§3.10;§5.3-5.4;§6.4-6.5;§9;§10.4;§17.3","listPlayerEarnings;updatePlayerEarning;listCurrentPlayerEarnings","no","finance_domain","不自动提现、转账、税务或工资单。","REF-07;NAME-04","PLANNED","P0","DB:PlayerEarningAdjustment;API:updatePlayerEarning","AT-EAR-001;AT-EAR-002;AT-EAR-003"
"M3-US-05","USER_STORY","M3","EP-M3","统一消费历史与本人返佣视图","用户可查看订单/礼物消费及自己作为受益人的返佣，数据私密且可分页。","统一 Consumption 时间线；返佣查询按 beneficiary_id=current_user，来源用户脱敏；退款显示 Adjustment 影响。","M3-US-03;M3-US-04","backend_api","4-7","订单和礼物消费不重复；个人仅看本人消费与本人受益返佣；source user 被掩码；退款不改原 Commission，只新增 CommissionAdjustment。","消费、分页、归属、脱敏、CommissionAdjustment 和重放测试通过。","§2.1;§3.6;§6.7;§8.2;§9;§10.2;§10.4;§15;§17.3","listCurrentUserConsumptions;listCurrentUserCommissions;updateCommission","no","finance_domain","不做多级返佣、自动发放或公开来源用户。","REF-04;REF-05;REF-07;NAME-04","PLANNED","P0","API:listCurrentUserCommissions;DB:CommissionAdjustment","AT-HIS-001;AT-RFP-005;AT-RFP-006;AT-RFP-008"
"M3-US-06","USER_STORY","M3","EP-M3","礼物资金预留完整生命周期","礼物从确认到批准、拒绝、过期或撤回均有明确资金结果。","确认创建 reservation；批准 capture；拒绝/过期/用户撤回 release；不足时禁用确认并显示差额/客服充值指引；所有动作由 API 并发控制。","M1-US-08;M3-US-01;M3-US-02;M3-US-03","backend_payment_data","4-7","价格>availableMinor 时 confirm 禁用；客服不手算余额；批准只捕获原预留；拒绝/过期/撤回只释放一次；并发审批与撤回仅一方成功。","生命周期、边界、并发、幂等、内部钱包锁和 UI 状态测试通过。","最新基线:资金预留/礼物与客服;§6.6;§8.2","createOrderGiftRequest;approveGiftRequest;rejectGiftRequest;cancelGiftRequest","yes","payment_data","不允许客服改预留金额或批准时重新创建主预留。","FUND-03;FUND-04;FUND-05;FUND-06;GIFT-01;GIFT-03","PLANNED","P0","OPENAPI:cancelGiftRequest;DB:gift-reservation-lifecycle","AT-RES-008;AT-RES-009"
"M3-US-07","USER_STORY","M3","EP-M3","保密的两种一级返佣计划","运营可管理老板带新和陪玩长期带客，来源用户看不到返佣受益信息。","实现 PROMOTER_FIRST_PURCHASE 与 PLAYER_LIFETIME；一名客户一个互斥来源；绑定/改绑/调整审计；按净消费结算；受益人查询掩码来源。","M3-US-04;M3-US-05","backend_finance_security","5-8","PROMOTER 仅首笔符合条件结算一次；PLAYER_LIFETIME 按配置持续结算；用户不可自助改来源；referred-user API/Discord/error/export/notification 不泄露受益人、计划、比例、金额或状态；L1 不见受益人/金额。","两计划、互斥唯一性、净消费、退款 Adjustment、L1-L4 scope、隐私快照及事件重放测试通过。","最新基线:返佣;§3.6;§5;§6.7;§9;§10.2;§10.4","listCurrentUserCommissions;listCommissions;updateCommission;createReferralAttribution;correctReferralAttribution;getReferralAttributionConfidential;listReferralAttributions;getCommissionConfidential","yes","finance_security","不做多级返佣、用户自助改绑、自动发放或代理体系。","REF-01;REF-02;REF-03;REF-04;REF-05;REF-06;REF-07;NAME-01;NAME-04","PLANNED","P0","MODEL:PROMOTER_FIRST_PURCHASE;MODEL:PLAYER_LIFETIME;POLICY:referral-confidentiality","AT-RFP-001;AT-RFP-002;AT-RFP-003;AT-RFP-004;AT-RFP-005;AT-RFP-006;AT-RFP-007;AT-RFP-008"
"EP-M4","EPIC","M4","EP-M4","Dashboard、四级权限与运营控制面","客服和管理人员在同一后台按 L1-L4 安全处理订单、礼物、审批、配置和异常。","OAuth2、Capabilities、统一订单/客服工作台、四级权限、Role 映射、Discord /bot-config、交易时间线、八项指标、审计和失败 Job。","EP-M0;EP-M2;EP-M3","product_tech_lead","43-67 (aggregate; do not sum with children)","四级账号通过权限 E2E；L1 无资金/破坏性动作；Role 不超过内部等级；/bot-config 按 L3/L4 权限安全修改并审计；时间线可追溯；八项指标口径稳定。","全部 M4 Story 验收通过；页面状态、越权和跨客户端一致性有证据。","§3.7-3.9;§5;§10.4-10.6;§13;§16(M4);§17.4;最新基线:P0对齐;Bot配置面板设计§1-9","getCurrentStaffCapabilities;getDashboardSummary;listStaffTasks;listAdminOrders;getAdminOrder;getDashboardSummary;listApprovalRequests;getApprovalRequest;approveApprovalRequest;rejectApprovalRequest;listAuditLogs;syncDiscordRoles;getBotConfig;updateBotConfig;validateBotConfigChange;testBotConfigDelivery","yes","dashboard_security","不做完整 CRM、独立工单、完整 BI/对账/导出、手机 App、独立配置网页、可点击配置 Demo 或成熟通知中心。","OPS-02;ACCESS-01;ACCESS-02;LEDGER-01;METRIC-01","PLANNED","P0","UI:operations-dashboard;POLICY:four-level-access;BOT:/bot-config","AT-RBAC-001;AT-TML-001;AT-MET-001;AT-CFG-001;AT-CFG-010"
"M4-US-01","USER_STORY","M4","EP-M4","Dashboard OAuth2、会话与 Capabilities 外壳","工作人员安全登录后只看到实际生效级别和可用能力。","实现 Discord OAuth2、staff 校验、安全 Cookie、CSRF、permissions_version、Capabilities、导航壳和 401/403。","M0-US-03","frontend_backend_security","4-6","无有效 staff_account 不能登录；自报 Role/level 无效；角色变化后旧会话失效；直达 URL 仍由 API 拒绝。","认证、CSRF、会话撤销和 UI/API 测试通过；Token 不进 localStorage。","§5.7;§10.1;§10.5-10.6;§13.1;§13.5;§14.3;§17.4","getCurrentStaffCapabilities;getDashboardSummary","yes","dashboard","不让 Discord Role 单独成为授权事实，不实现密码登录。","ACCESS-01;ARCH-01","PLANNED","P0","API:getCurrentStaffCapabilities;UI:dashboard-shell","AT-AUTH-002;AT-RBAC-001"
"M4-US-02","USER_STORY","M4","EP-M4","L1 统一订单与客服工作台","基础客服可认领、联系、核对、备注和提交建议，但不能执行资金或破坏性动作。","实现摘要、个人/团队任务、订单工作台、筛选、详情、匹配/readiness/automation 状态、频道/语音链接、备注、认领和升级。","M4-US-01;M2-US-05;M3-US-02","frontend_dashboard","5-8","L1 仅见个人 scope 和脱敏数据；可认领/联系/核对/备注/提交；退款、礼物批准、取消已接单、封禁和配置不可执行；页面状态齐全。","组件、API scope、L1 E2E 和跨客户端状态一致性通过。","§3.7-3.8;§5.2-5.6;§6.8;§10.4-10.6;§13.1-13.6;§17.4","getDashboardSummary;listStaffTasks;claimStaffTask;verifyStaffTask;getAdminOrder;getApprovalRequest;listApprovalRequests;approveApprovalRequest;rejectApprovalRequest","no","dashboard","不建设独立客服工单、聊天归档或复杂 SLA。","OPS-02;ACCESS-01;REF-06","PLANNED","P0","UI:order-support-workbench;API:listStaffTasks","AT-SUP-001;AT-RBAC-002;AT-RFP-005"
"M4-US-03","USER_STORY","M4","EP-M4","订单、用户、陪玩与业务配置页面","L2-L4 可按职责查询和维护 P0 业务对象，写操作复用统一 API。","实现搜索、订单/用户/陪玩详情、服务/礼物目录、返佣、陪玩收益页面和所需读写 API。","M4-US-01;M2-US-06;M3-US-05","frontend_dashboard","5-8","多标识可检索且按 scope 脱敏；L2 价格规则只读；L3 可版本化维护；收益操作有原因且无硬删除；六类卡片详情由独立详情 API 返回足量服务端事实。","页面、分页、筛选、权限、金额格式和写用例 E2E 通过；详情不得依赖列表快照、默认值或字段猜测补事实。","§5.3;§9;§10.4;§13.1-13.6;§17.4","listAdminOrders;getAdminOrder;listAdminUsers;getAdminUser;listAdminPlayers;getAdminPlayer;listServiceCatalogVersions;getAdminServiceCatalogVersion;createServiceCatalogVersion;updateServiceCatalogVersion;listAdminGiftCatalogItems;getAdminGiftCatalogItem;createGiftCatalogItem;updateGiftCatalogItem;getAdminServicePackageVersion;listCommissions;listPlayerEarnings;updatePlayerEarning;createUserRiskFlag;setUserOperationalStatus;listAdminUserConsumptions;getAdminGiftRequest;listAdminGiftRequests","no","dashboard","不做营销画像、完整财务报表、数据仓库或复杂批量操作。","ARCH-01;OPS-02;REF-06","PLANNED","P0","UI:business-object-pages;API:admin-resource-operations","AT-RBAC-003;AT-CAT-003;AT-EAR-002;AT-DTL-001"
"M4-US-04","USER_STORY","M4","EP-M4","金额策略、MFA 与 step-up","业务操作由满足最低等级、金额权限和近期验证的人直接执行。","实现执行影响预览、payload_hash、过期、L2/L3/L4 阈值、最低等级直执、同人发起执行、L3/L4 MFA 和 15 分钟 step-up。","M4-US-01;M2-US-06;M3-US-02","backend_security","5-8","L2 礼物≤200000、退款≤50000；中间区间由 L3；礼物和退款 ≥500000 必须 L4 且不强制不同人员复核；同一人可发起并执行；高额手动结算另行要求不同人员复核；数据变化使执行凭据失效；敏感动作无 step-up 返回 428。","等级边界、同人发起执行、原因、过期/陈旧、MFA 恢复、不可篡改审计和幂等重放测试通过。","§5.3-5.4;§10.5-10.6;§13.4-13.6;§14.2-14.3;§15;§17.4","getCurrentStaffCapabilities;beginStepUp;completeStepUp;enrollMfa;verifyMfaEnrollment","yes","security","不实现企业 IAM、强制硬件密钥或自定义权限级别。","ACCESS-01;ACCESS-02;GIFT-03","PLANNED","P0","POLICY:minimum-level-execution;UI:operation-impact-preview","AT-RBAC-004;AT-RBAC-005;AT-GFT-005"
"M4-US-05","USER_STORY","M4","EP-M4","Discord Role 映射、高级授权与即时撤权","Role 变化同步到后台，且绝不能把人员提升到超过内部批准等级。","实现启动/guildMemberUpdate 持久化入队、默认 5 分钟全量对账、逐员工立即对账、同步状态展示、版本化映射、L1/L2 自动生效、L3/L4 PENDING_ELEVATION、L4 确认、bootstrap、降级和会话撤销。","M4-US-01;M4-US-04","backend_bot_security","5-8","Discord Role 只给候选级别；观测先持久化且 Worker 最多尝试 8 次；effective level=min(mapped,internally approved)；首次 L3/L4 未批不生效；移除 Role 后会话撤销并提示重新登录；bootstrap 仅一次。","事件入队、周期/逐员工对账、同步状态、重放、升降级、会话撤销、上限和审计 E2E 通过。","§5.7;§9;§10.5-10.6;§11.1-11.2;§12;§14.2-14.3;§17.4;§18","listDiscordRoleMappings;updateDiscordRoleMapping;queueDiscordRoleSync;syncDiscordRoles;reconcileStaffDiscordRole;updateStaffRole;approveStaffRoleElevation;revokeStaffSessions","yes","security_bot","不根据客户端 Role ID 临时授权，不允许 L3 授予 L4。","ACCESS-01;ACCESS-02","PLANNED","P0","BOT:role-sync;POLICY:effective-access-cap","AT-ROL-001;AT-ROL-004;AT-RBAC-006"
"M4-US-06","USER_STORY","M4","EP-M4","审计、失败任务与最小系统设置","运营可不直改数据库地追查操作、恢复展示任务和维护 P0 配置。","实现按 scope 的不可变审计查询、失败 Job 列表/重试、政策/频道/超时配置版本化修改和 request_id 错误展示。","M4-US-01;M0-US-05","frontend_backend_ops","4-6","L1 看自己、L2 团队、L3 业务、L4 全部；Job 重试不重复交易；配置修改有级别、原因、版本和审计；无财务/审计删除。","scope、配置并发、Job 重试和审计完整性测试通过。","§5.3-5.4;§9;§10.4-10.5;§12.1;§13;§14.2;§17.4-17.5","listAuditLogs;listFailedJobs;retryJob;getPolicySettings;updatePolicySetting","no","dashboard_ops","不做日志分析平台或任意 SQL 管理入口。","ACCESS-02;GIFT-04","PLANNED","P0","UI:audit-jobs-settings;API:listAuditLogs","AT-AUD-001;AT-AUD-004;AT-CHN-003"
"M4-US-07","USER_STORY","M4","EP-M4","累积权限解析器与跨渠道一致授权","L1_SUPPORT、L2_SUPERVISOR、L3_OPERATIONS、L4_ADMIN_OWNER 在 Bot 和 Dashboard 按累积继承获得一致权限。","实现累积权限解析器，按 L1<L2<L3<L4 合并低级全部执行权限，并统一资源/action/scope 矩阵、金额阈值、破坏性操作定义、推荐隐私和 Role 上限；用同一 API policy 对 Bot/Dashboard 授权。","M4-US-01;M4-US-04;M4-US-05","backend_security_qa","4-6","高级别自动拥有低级全部执行权限；一般礼物和退款按最低等级直接执行且同一人可发起并执行；≥500000 必须 L4；高额手动结算必须由不同人员复核，角色继承不能绕过；保留原因、step-up/MFA 和不可篡改审计；Discord 映射不越内部等级。","累积解析、金额边界、四角色两客户端 E2E、拒绝审计及 AT-RBAC-010/011 通过。","最新基线:P0产品边界/返佣/P0对齐;§5;§10.5-10.6","getCurrentStaffCapabilities;syncDiscordRoles","yes","security_qa","不增加第五级、自定义角色设计器或客户端本地授权。","ACCESS-01;ACCESS-02;REF-06","PLANNED","P0","POLICY:cumulative-permission-resolver;E2E:bot-dashboard-rbac","AT-RBAC-001;AT-RBAC-009;AT-RBAC-010;AT-RBAC-011"
"M4-US-08","USER_STORY","M4","EP-M4","统一业务交易时间线","客服和管理人员可按订单追溯余额快照、预留、消费、退款、收益、返佣和调整。","建立只读 timeline projection，合并 internal ledger balance snapshot、FundReservation、Consumption、Refund、PlayerEarning、Commission 及对应 Adjustment；按权限脱敏。","M1-US-08;M2-US-06;M3-US-03;M3-US-04;M3-US-05","backend_dashboard","4-6","事件按 occurredAt/id 稳定排序；每项有 type/status/amount/currency/source/reference；原记录与 Adjustment 分离；L1 不见受限返佣信息；无删除/编辑。","projection、金额方向、分页、脱敏、空/异常状态和 Dashboard E2E 通过。","最新基线:P0对齐-统一交易时间线;§9;§13","getAdminOrder","no","dashboard_data","不做总账替代、完整财务对账、导出或会计科目。","LEDGER-01;OPS-02;REF-04;REF-06;NAME-04","PLANNED","P0","OPENAPI:getAdminOrder;UI:transaction-timeline","AT-TML-001;AT-HIS-002;AT-RFP-005"
"M4-US-09","USER_STORY","M4","EP-M4","八项启动运营指标","运营在首页快速看清订单、任务、资金预留、派单和异常健康度。","实现今日订单、进行中订单、待处理任务、已完成净消费、礼物净消费、预留总额、派单成功率、异常数；固定时区、币种和口径。","M4-US-02;M4-US-08","backend_dashboard","3-5","八项指标同屏显示；时间窗和状态口径可追溯；金额按 currency 分组不混算；派单成功率分母为有效派单轮次；无权限项不泄露。","聚合查询、边界时间、退款/Adjustment、空数据、权限和 Dashboard 快照测试通过。","最新基线:P0对齐-最小运营统计;§13","getDashboardSummary","no","dashboard_data","不做下钻 BI、趋势图、导出、完整对账或绩效分析。","METRIC-01;LEDGER-01;ACCESS-02","PLANNED","P0","OPENAPI:getDashboardSummary;UI:eight-metric-summary","AT-MET-001;AT-MET-002"
"M4-US-10","USER_STORY","M4","EP-M4","/bot-config 精简程序设计与实现","L3/L4 可在 Discord 内安全维护 Bot 日常配置，无需手工输入频道或 Role ID。","实现 Guild-only /bot-config Slash Command、Sapphire component handlers、ephemeral presenter 与统一 API client；Channel Select/Role Select 后先预览校验并取得短期 validationToken 再确认；API 以 staff_account 和 bot_config.read、bot_config.operational.manage、bot_config.security.manage 最终授权，处理版本冲突、立即刷新缓存、追加审计和重启重载。","M0-US-03;M0-US-05;M4-US-05;M4-US-07","backend_bot_api","4-6","L3 可读并修改运营字段；L4 累积继承 L3 且可修改 Role 映射；L3 Role 写入返回 403；无效频道、对象类型或 Bot 权限不保存；PATCH 必须携带绑定 actor/Guild/version/changes/reason 的有效 validationToken；确认时用 expectedVersion，冲突返回 409；成功后下一次业务动作使用新配置，修改写审计，重启后从 API 重载，响应仅操作者可见。","AT-CFG-001..010 全部通过；四个 operationId 契约一致；预览防绕过、权限拒绝、立即生效、审计和重载有自动化证据；未新增网页或可点击 Demo。","Bot配置面板设计§1-9;§5;§10.1;§12.1;§17.4","getBotConfig;updateBotConfig;validateBotConfigChange;testBotConfigDelivery","yes","security_bot","不做独立配置网页、Dashboard 配置页、可点击 Demo、可运行 UI Prototype、Secrets/目录/价格/礼物/返佣配置或任意工作流设计器。","ACCESS-01;ACCESS-02;OPS-02","PLANNED","P0","BOT:/bot-config;OPENAPI:getBotConfig;POLICY:bot_config.read;POLICY:bot_config.operational.manage;POLICY:bot_config.security.manage","AT-CFG-001;AT-CFG-002;AT-CFG-003;AT-CFG-004;AT-CFG-005;AT-CFG-006;AT-CFG-007;AT-CFG-008;AT-CFG-009;AT-CFG-010"
"EP-M5","EPIC","M5","EP-M5","验收、真实集成与可恢复部署","团队可在测试 Server 和隔离数据库稳定演练 P0，并具备上线与恢复依据。","自动回归、Discord/Dashboard E2E、内部 CAT 钱包集成、生产样部署、安全检查、备份恢复、UAT 与发布门禁。","EP-M1;EP-M2;EP-M3;EP-M4","delivery_lead","16-27 (aggregate; do not sum with children)","全部 P0 验收通过；无阻断缺陷；备份恢复、钱包不可变校验和 Bot 重启演练成功。","全部 M5 Story 和发布门禁签署完成，证据可追溯 Story 与 Requirement ID。","§12;§14-17;§16(M5);最新基线:全部P0要求","getHealth;getReadiness","yes","qa_devops","不承诺生产 SLA、自动扩容、多区域容灾或 24x7 值守。","ARCH-01;PL-01;PL-02;PL-03;PL-04;PL-05;PL-06","PLANNED","P0","TRACE:p0-requirements-tests;RUN:release-gate","AT-AUD-004;AT-REC-005"
"M5-US-01","USER_STORY","M5","EP-M5","P0 自动化回归与跨客户端 E2E","发布决策有可重复证据，Bot 与 Dashboard 对同一动作得到同一业务结果。","补齐单元、数据库、内部钱包、API、RBAC、Sapphire 和 E2E；建立 Requirement ID→Story→operationId→test→evidence 追踪矩阵。","EP-M1;EP-M2;EP-M3;EP-M4","qa_automation","6-10","PL-01..PL-06、资金生命周期、礼物、返佣保密、四级权限、时间线和八指标均有自动或手工证据；金额边界和并发通过。","CI 全绿；失败可复现；记录含环境、构建、Requirement/Story ID、结果和证据链接。","§15;§17;最新基线:全部P0要求","none","yes","qa","不追求 P1 设备矩阵或性能压测平台。","PL-01;PL-02;PL-03;PL-04;PL-05;PL-06;FUND-01;FUND-02;FUND-03;FUND-04;FUND-05;FUND-06;REF-01;REF-02;REF-03;REF-04;REF-05;REF-06;REF-07;ACCESS-01;ACCESS-02;LEDGER-01;METRIC-01","PLANNED","P0","TRACE:requirements-test-matrix;CI:p0-regression","AT-AUD-004;AT-RBAC-001;AT-MET-001"
"M5-US-02","USER_STORY","M5","EP-M5","内部钱包与生产样部署恢复","系统能安全运行内部 CAT 钱包，并从常见故障恢复。","验证钱包幂等、并发和事务回滚，完成环境隔离、Compose、Secret、迁移、备份恢复和 Bot/Worker 重启演练。","M5-US-01;M0-US-04","integration_devops","6-10","环境隔离；充值、退款、扣款和重复请求可收敛；空环境可部署；恢复后钱包条目、预留、审计、幂等和 Outbox 完整。","另一成员按 Runbook 成功部署/恢复；凭证扫描、健康、日志和告警通过。","§10.7;§11;§12;§14;§15.1;§17.5;最新基线:资金预留","getHealth;getReadiness;queueOrderPanelRepair","yes","wallet_devops","不建设 Kubernetes、多区域容灾、自动扩容或第三方支付自动化。","ARCH-02;FUND-06","PLANNED","P0","RUN:wallet-recovery;RUN:backup-restore","AT-WHK-003;AT-REC-003;AT-REC-005"
"M5-US-03","USER_STORY","M5","EP-M5","安全审查、业务 UAT 与发布门禁","产品、运营、客服和开发对 P0 行为达成一致，已知风险不被误当上线能力。","执行权限/隐私/日志检查，按用户/陪玩/L1-L4 流程 UAT，核对配置、回滚条件、阻断缺陷和路线图非目标。","M5-US-01;M5-US-02","delivery_lead","4-7","用户、陪玩、L1-L4 完成 UAT；频道/Role/阈值/目录/礼物/返佣配置核对；无核心链路与隔离阻断；路线图明确。","UAT、风险接受、配置快照、回滚入口和发布检查表由产品/运营/技术签署。","§2.2-2.3;§14.3;§16(M5);§17;§18;最新基线:下一阶段/近期不做","none","yes","release","不把预约、陪玩试音、用户选陪玩、指定陪玩或其他 P1 能力纳入发布门禁。","RM-01;RM-02;RM-03;RM-04;RM-05;RM-06;RM-07;RM-08;RM-09","PLANNED","P0","UAT:p0-role-flows;DOC:p0-roadmap-exclusions","AT-AUD-004;AT-RBAC-009;AT-RFP-005"
"EP-M6","EPIC","M6","EP-M6","周期结算、周报与业务 Profile","店长可按周或手动生成可靠结算清单，陪玩和客户可在各自入口查看必要历史。","结算批次、复核导出、外部支付结果登记、个人/汇总周报、客户 Profile、Discord 自助 Profile 和礼物充值回流。","EP-M3;EP-M4","product_tech_lead","31-49 (aggregate; do not sum with children)","结算不重复、不直接转账；报告可追溯；Profile 保密；余额不足礼物可选但不产生资金事实。","全部 M6 Story 验收通过，合同、实现、原型和验收证据同步。","M6规格§1-10","previewSettlementBatch;createSettlementBatch;listSettlementBatches;listAdminWeeklyReports;getAdminCustomerProfileSummary;getCurrentUserProfileSummary;checkGiftAffordability","yes","settlement_profiles","不做陪玩提现申请、自动转账、银行卡存储、税务工资单、PDF 报告或营销画像。","SET-01;RPT-01;PRF-01;GIFT-05","PLANNED","P0","SPEC:M6-settlement-reports-profiles-gift-ux","AT-SET-001;AT-RPT-001;AT-PRF-001;AT-GFT-012"
"M6-US-01","USER_STORY","M6","EP-M6","结算批次领域与持久化","每条已确认收益最多进入一个有效结算批次，金额快照可追溯。","实现 SettlementBatch/Item/Entry、自动去重、手动预览、单币种、截止时间、调整快照和作废替代。","M3-US-04;M0-US-02","backend_data","6-9","只纳入 CONFIRMED 且未结算收益；并发生成只成功一次；批次失败整批回滚；新 Adjustment 进入下一期。","领域、数据库并发、迁移和不可变约束测试通过。","M6规格§4;§8","previewSettlementBatch;createSettlementBatch;listSettlementBatches;getSettlementBatch","yes","settlement_data","不调用转账通道，不保存银行信息。","SET-01","PLANNED","P0","DB:settlement-batches","AT-SET-001;AT-SET-002;AT-SET-003"
"M6-US-02","USER_STORY","M6","EP-M6","结算复核、导出与支付登记","店长可安全复核、导出并登记第三方转账结果。","实现提交、批准、CSV 导出、逐项成功/失败、部分支付、作废、阈值与禁止高额自批。","M6-US-01;M4-US-04;M4-US-07","backend_security_api","6-9","L2 只读；L3 操作；高额手动批次不同人复核；L4 阈值；支付登记有外部编号/备注并只将成功项收益置 PAID。","权限、step-up、幂等、CSV、部分失败和绕过测试通过。","M6规格§3-4;§8","submitSettlementBatch;approveSettlementBatch;exportSettlementBatch;recordSettlementPaymentResults;voidSettlementBatch","yes","settlement_api","标记支付只记录外部结果，不代表系统执行转账。","SET-02;ACCESS-02","PLANNED","P0","API:settlement-review-export","AT-SET-004;AT-SET-005;AT-SET-006;AT-SET-010"
"M6-US-03","USER_STORY","M6","EP-M6","周期周报与通知","每周自动形成陪玩个人周报和店铺汇总，异常可见且通知失败可恢复。","实现周期配置、个人/汇总报告快照、CSV 导出、追加式修订、NEEDS_REVIEW、Outbox 生成与 Discord 私信通知。","M6-US-01;M0-US-05","backend_worker","6-9","报告区分待确认与可结算；自动重放不重复；个人+汇总原子生成；通知失败不阻断结算。","报告口径、时区边界、导出、修订、Worker 重试和隐私测试通过。","M6规格§5;§8","listAdminWeeklyReports;getAdminWeeklyReport;exportWeeklyReport;createWeeklyReportRevision;listCurrentPlayerWeeklyReports;getCurrentPlayerWeeklyReport","yes","reports_worker","不生成 PDF、不把待确认金额当作已支付。","RPT-01","PLANNED","P0","JOB:weekly-report-generation","AT-RPT-001;AT-RPT-002;AT-RPT-006;AT-RPT-007;AT-RPT-008"
"M6-US-04","USER_STORY","M6","EP-M6","Dashboard 结算、周报与客户 Profile","店长在一个后台完成结算复核并查看具体客户的订单和消费画像。","实现结算/周报页面、支付结果登记，以及客户内部 CAT 余额、预留、30/90/全部统计、订单、资金、偏好和只追加内部备注。","M6-US-02;M6-US-03;M4-US-03","frontend_dashboard_api","6-10","各模块独立加载；L1 仅查看和备注职责内客户，L2-L4 仅同 Guild；摘要、订单、资金和备注保持同一对象范围；备注不可修改删除且不返回作者身份；Profile 不泄露返佣受益人；余额来自同一内部账本快照。","API 数据口径、分页、权限、只追加数据库护栏和 Dashboard 状态测试通过。","M6规格§6.1;§8","getAdminCustomerProfileSummary;appendAdminCustomerProfileNote;listAdminCustomerOrders;listAdminUserConsumptions","no","dashboard_profiles","不做备注编辑删除、营销分群、客户评分或数据仓库。","PRF-01;ACCESS-02","PLANNED","P0","UI:settlement-customer-profile","AT-PRF-001;AT-PRF-004;AT-PRF-008;AT-PRF-009;AT-PRF-010"
"M6-US-05","USER_STORY","M6","EP-M6","Discord 用户 Profile 与陪玩周报","用户和陪玩无需学习命令即可私密查看自己的历史与周报。","扩展我的服务中心，提供余额/预留/可用、订单、消费、充值刷新；陪玩工作台提供个人周报和明细。","M6-US-03;M6-US-04;M1-US-06","api_bot","4-7","仅查询当前 Actor；ephemeral；不泄露内部备注、风险、利润或返佣受益人；旧余额不能提交资金动作。","API 归属、隐私、Sapphire 路由、分页与错误状态测试通过。","M6规格§6.2;§8","getCurrentUserProfileSummary;listCurrentUserOrders;listCurrentPlayerWeeklyReports;getCurrentPlayerWeeklyReport","no","discord_profiles","不创建长期个人频道，不公开个人资金。","PRF-02;REF-06","PLANNED","P0","BOT:profile-weekly-report","AT-PRF-002;AT-PRF-005;AT-PRF-006"
"M6-US-06","USER_STORY","M6","EP-M6","余额不足礼物的客服充值回流","用户仍可选择想要的礼物，并在客服根据 receipt 充入内部 CAT 余额后继续。","礼物选项保持可选；API 返回价格、内部余额、预留、差额和客服充值指引；Bot 提供刷新和返回；最终确认仍由 API 原子校验。","M3-US-01;M1-US-08","api_bot","3-5","余额不足选择不创建礼物/预留/任务/Outbox；客服充值后刷新可继续原礼物；价格/状态变化要求重确认；不依赖第三方充值配置。","API 事实零写入、Sapphire 原生组件、内部 CAT 余额、并发和旧礼物回归通过。","M6规格§7-8","checkGiftAffordability;createOrderGiftRequest","yes","gift_ux","余额不足结果不含支付 Link Button；不读写第三方支付平台。","GIFT-05;FUND-01","PLANNED","P0","FLOW:gift-support-top-up-continuation","AT-GFT-012;AT-GFT-013;AT-GFT-014;AT-GFT-015"
"EP-M7","EPIC","M7","EP-M7","内部 CAT 钱包与全量审计","系统以内部只追加 CAT 账本作为唯一客户余额事实，并完整审计所有写操作。","合同重整、钱包与凭证数据、通用审计、充值及渠道退款扣款、业务资金迁移、客户端改造和旧 Provider 资金能力退役。","EP-M0;EP-M1;EP-M2;EP-M3;EP-M4;EP-M5;EP-M6","product_tech_lead","34-52 (aggregate; do not sum with children)","内部金额为 CAT subunits；L2+ 近期验证后按 USD cents 付款证据即时充值；渠道退款扣款不允许负数；所有非只读操作审计。","全部 M7 Story 的实现、合同、回归和证据一致，不声称第三方渠道自动化。","M9 设计§3-§8","createAdminTopUp;createAdminExternalRefundDebit;createWalletAdjustment;listAdminWalletEntries;getAuditLog","yes","wallet_audit","不读取或写入 Stripe、PayPal、信用卡等渠道 API；不做换汇；附件可选。","WAL-01;AUD-02","PLANNED","P0","SPEC:internal-cat-ledger-universal-audit","AT-WAL-001;AT-WAL-010;AT-AUD-005;AT-AUD-008"
"M7-US-01","USER_STORY","M7","EP-M7","合同重整与 RED 验收基线","开发团队获得无 Provider 资金冲突的统一内部 CAT 钱包合同。","同步主规格、OpenAPI、Prisma 合同、配置、UI 映射、backlog、验收与发布镜像，并建立合同测试。","none","product_architecture","4-6","内部账本为唯一余额事实；新 operationId、模型、验收 ID 完整；Provider 资金、绑定、充值 URL、CNY 当前要求移除。","合同测试通过、镜像逐字节一致、证据记录 RED/GREEN；本 Story 不声称运行时能力。","M9 设计§3-§8","createAdminTopUp;createAdminExternalRefundDebit;createWalletAdjustment;listAdminWalletEntries;getAuditLog","yes","contracts","不实现运行时代码。","WAL-01;AUD-02","PLANNED","P0","CONTRACT:m7-wallet-audit","AT-WAL-001;AT-WAL-010;AT-AUD-005;AT-AUD-008"
"M7-US-02","USER_STORY","M7","EP-M7","钱包、凭证与审计变更持久化","系统保存不可变的 CAT 资金和逐对象审计事实。","新增 wallet_accounts、wallet_entries、top_ups、external_refund_debits、receipt_attachments、audit_log_changes 及迁移约束。","M7-US-01;M0-US-02","backend_data","5-8","内部金额 CAT 与正金额数据库约束生效，充值付款证据固定 USD；充值渠道交易号唯一；资金、凭证和审计事实不可更新或删除。","Prisma、迁移链、数据库约束和回归测试通过。","M9 设计§3-§8","none","yes","wallet_data","不迁移生产余额；开发数据可重建。","WAL-01;AUD-02","PLANNED","P0","DB:internal-usd-wallet","AT-WAL-001;AT-WAL-002;AT-AUD-005"
"M7-US-03","USER_STORY","M7","EP-M7","通用写操作审计封套","每次非只读尝试都可归因并能查看逐对象变化。","扩展安全写路由、Worker 与系统触发器，记录成功、失败、拒绝及 AuditLogChange；成功变更和审计同事务。","M7-US-02;M0-US-04","backend_security","6-9","Dashboard、Discord、Bot、Webhook、Job 全覆盖；敏感值脱敏；审计失败阻止成功业务提交。","API、数据库事务、Worker 重试与审计覆盖测试通过。","M9 设计§3-§8","getAuditLog","yes","universal_audit","读取操作不强制写审计。","AUD-02","PLANNED","P0","SEC:mutation-audit-envelope","AT-AUD-005;AT-AUD-006;AT-AUD-007;AT-AUD-008"
"M7-US-04","USER_STORY","M7","EP-M7","充值、渠道退款扣款与凭证 API","客服可凭收据即时充值，并安全登记已在线下完成的渠道退款。","实现余额、流水、充值、渠道退款扣款、调整、可选附件上传下载及权限阈值。","M7-US-03;M4-US-02","backend_api","7-10","充值必填字段完整且即时入账；最低要求完成近期验证的 L2；渠道退款先检查 available；附件私有且只存元数据和哈希。","API、并发、幂等、权限、附件和审计测试通过。","M9 设计§3-§8","createAdminTopUp;createAdminExternalRefundDebit;createWalletAdjustment;listAdminWalletEntries","yes","wallet_api","不调用第三方支付或退款 API；图片/PDF 附件可选。","WAL-01","PLANNED","P0","API:wallet-operations","AT-WAL-003;AT-WAL-004;AT-WAL-005;AT-WAL-006;AT-WAL-007;AT-WAL-008;AT-WAL-009"
"M7-US-05","USER_STORY","M7","EP-M7","订单、礼物与退款迁移到内部钱包","既有资金流程全部使用同一内部 CAT 余额事实。","将订单与礼物预留、捕获、释放，业务退款、Profile、指标和结算投影迁移到 WalletService。","M7-US-04;M2-US-02;M3-US-04","backend_domain","7-11","available 由 API 原子计算；并发不超支；业务退款追加贷记；所有内部金额拒绝非 CAT；既有状态机不回退。","订单、礼物、退款、Profile、报表与并发回归通过。","M9 设计§3-§8","none","yes","funding_migration","不把 FundReservation 当余额；不允许客户端计算最终可用额。","WAL-01;FUND-01","PLANNED","P0","DOMAIN:wallet-migration","AT-WAL-001;AT-WAL-002;AT-WAL-010"
"M7-US-06","USER_STORY","M7","EP-M7","Dashboard 钱包与 Discord 客服引导","客服能在 Dashboard 完成钱包操作，用户在 Discord 获得正确余额与人工充值指引。","新增客户钱包面板、充值/扣款/附件/流水交互；移除绑定和第三方充值链接；Bot 显示内部余额并联系支持。","M7-US-05;M1-US-06;M6-US-04","frontend_bot","5-8","表单预览、错误和成功状态完整；大额权限服务端决定；用户看不到内部备注或他人数据；客户端不复制资金规则。","Dashboard、Bot、API 客户端和隐私回归通过。","M9 设计§3-§8","createAdminTopUp;createAdminExternalRefundDebit;listAdminWalletEntries","no","clients","不提供用户自助渠道充值或渠道退款按钮。","WAL-01;PRIVACY-01","PLANNED","P0","UI:customer-wallet","AT-WAL-003;AT-WAL-007;AT-WAL-009"
"M7-US-07","USER_STORY","M7","EP-M7","Provider 资金能力退役与发布门禁","发布产物不再包含旧支付适配器或可被误用的资金入口。","删除 Provider 资金路由、绑定、Webhook、环境变量、运行时适配器和旧测试；执行全量回归与合同扫描。","M7-US-06;M5-US-02","release_security","4-7","源码、OpenAPI、配置和 UI 不含运行时 Provider 资金调用；全量测试、构建、迁移验证通过；开发数据重建步骤清楚。","退役扫描、UAT 门禁、回滚说明和全部 M7 证据完成。","M9 设计§3-§8","none","yes","retirement_release","不删除与外部陪玩结算结果登记有关的普通外部参考字段。","WAL-01;AUD-02;OPS-01","PLANNED","P0","GATE:m7-provider-retirement","AT-WAL-010;AT-AUD-008"
"EP-M8","EPIC","M8","EP-M8","固定猫条/CAT 展示","客户与工作人员以固定猫条/CAT 查看钱包、消费、收益和结算事实，USD 只保留为付款证据或线下转账辅助。","合同同步、固定展示名称/符号、整数格式化、Bot 接入与发布门禁。","EP-M7","product_tech_lead","8-13 (aggregate; do not sum with children)","固定 10 subunits = 1 CAT；全部内部业务金额显示 CAT；旧可配置展示环境变量失败关闭。","三个 M8 Story 的合同、实现、回归和证据一致；无第二账本或汇率配置。","M9 设计§3-§8","none","yes","wallet_presentation","不新增第二币种、汇率表、链上代币或自动换汇。","TKN-01","PLANNED","P0","SPEC:fixed-cat-wallet-display","AT-TKN-001;AT-TKN-007"
"M8-US-01","USER_STORY","M8","EP-M8","合同同步与 RED 基线","开发和验收获得一致的固定猫条/CAT 展示边界。","同步主规格、OpenAPI 扩展、业务配置、UI 原型/映射、backlog、验收、TODO 与镜像，并建立合同测试。","M7-US-07","product_architecture","2-3","API/数据库固定 CAT subunits；10 subunits 精确显示 1.0 CAT；USD 仅为付款证据或线下结算辅助。","合同测试 RED/GREEN、镜像一致、追踪矩阵增加七条且证据完整；不声称运行时已交付。","M9 设计§3-§8","none","yes","contracts","不修改 Prisma 或迁移。","TKN-01","PLANNED","P0","CONTRACT:m8-wallet-display","AT-TKN-001;AT-TKN-003;AT-TKN-004;AT-TKN-005"
"M8-US-02","USER_STORY","M8","EP-M8","固定展示与精确格式化","固定猫条名称、CAT 符号和最小金额精确显示。","实现旧展示环境变量拒绝、固定比例整数格式化、启动失败保护和部署配置。","M8-US-01;M0-US-01","bot_platform","2-4","1 CAT subunit 精确显示 0.1 CAT；任一旧展示配置启动失败；比例没有环境变量。","单元、启动配置、typecheck 和 build 通过。","M9 设计§3-§8","none","yes","wallet_formatter","不使用浮点换算，不支持 Guild 级品牌或可变汇率。","TKN-01","PLANNED","P0","BOT:wallet-display-formatter","AT-TKN-002;AT-TKN-003;AT-TKN-007"
"M8-US-03","USER_STORY","M8","EP-M8","全客户端 CAT 接入与发布门禁","客户、员工和陪玩在钱包、订单、礼物、收益、返佣、周报与结算事实中统一看到 CAT。","接入 Bot 与 Dashboard 固定 CAT 文案；陪玩结算另显示线下实际支付 USD 辅助字段，并执行全量门禁。","M8-US-02;M7-US-06","frontend_bot","4-6","内部业务金额固定 CAT；充值付款证据可显示 USD；陪玩结算 USD 辅助字段不形成第二账本。","客户/员工选择性渲染测试、全量回归、构建、数据库、审计与镜像门禁通过。","M9 设计§3-§8","none","yes","client_presentation","Dashboard 不计算第二币种账本或可变汇率。","TKN-01","PLANNED","P0","GATE:m8-wallet-display","AT-TKN-004;AT-TKN-005;AT-TKN-006"
"EP-M9","EPIC","M9","EP-M9","Discord 自助入驻与 CAT 内部账本","新成员无需外部账户即可注册玩家、申请陪玩并使用平台内猫条。","常驻入口消息、自助建档、陪玩审核、固定 USD 入金换算、CAT 单一内部账本、角色补偿同步与部署收口。","EP-M8","product_tech_lead","18-28 (aggregate; do not sum with children)","付款事实固定 USD cents；内部账本固定 CAT subunits；1 USD=10 猫条；陪玩仍可作为玩家消费。","M9 合同、迁移、API、Bot、Dashboard、角色同步、回归和证据一致。","M9 设计§1-10","registerCurrentDiscordPlayer;applyCurrentDiscordCompanion;createAdminTopUp","yes","onboarding_wallet","不接外部资金账户、不自动核验支付、不支持其他付款币种或可变汇率。","ONB-01;CAT-01;CAT-02","IN_PROGRESS","P0","SPEC:onboarding-cat-wallet","AT-ONB-001;AT-CAT-001"
"M9-US-01","USER_STORY","M9","EP-M9","合同与验收基线","产品、开发和验收共享同一套新人入驻与 CAT 资金语义。","同步主规格、API、数据、配置、交互、backlog、验收、TODO 和部署手册。","M8-US-03","product_architecture","2-4","旧 Provider、可配置 CAT 和 canonical CAT 账本语义被 M9 明确取代。","合同镜像一致、静态合同测试与追踪关系通过。","M9 设计§1-10","none","yes","contracts","不把文档状态声称为运行时完成。","ONB-01;CAT-01","IN_PROGRESS","P0","CONTRACT:m9","AT-ONB-001;AT-CAT-001"
"M9-US-02","USER_STORY","M9","EP-M9","CAT 数据迁移与只追加事实","现有业务资金事实安全迁移到固定 CAT 内部账本。","新增 CAT 钱包、USD 充值证据、陪玩审核事件、入口消息和 Discord 产品角色任务。","M9-US-01","data_backend","3-5","金额保持整数；1 USD cent=1 CAT subunit；充值证据与审核事件只追加。","Prisma、完整迁移、约束、回滚说明和数据库测试通过。","M9 设计§3;§5;§7","none","yes","data","不保留双币账本或动态汇率。","CAT-01;AUD-02","IN_PROGRESS","P0","DB:m9-cat-wallet","AT-WLT-011;AT-CAT-004"
"M9-US-03","USER_STORY","M9","EP-M9","玩家注册与陪玩申请 API","Discord 新成员可幂等创建玩家账户并提交陪玩申请。","实现可信 Actor Context 下的用户、Discord 身份、CAT 钱包、待审陪玩档案和角色任务事务。","M9-US-02","api_backend","3-5","重复点击不重复建档或入账；陪玩申请不取消玩家身份；所有写入可审计。","API、数据库、幂等、并发和权限测试通过。","M9 设计§4;§6","registerCurrentDiscordPlayer;applyCurrentDiscordCompanion","yes","api","Bot 不直连数据库或自行决定审核结果。","ONB-01;AUTH-01","IN_PROGRESS","P0","API:m9-onboarding","AT-ONB-001;AT-ONB-002;AT-ONB-006"
"M9-US-04","USER_STORY","M9","EP-M9","固定 USD 入金与 CAT 钱包 API","管理员可依据线下收款证据给用户充值猫条。","充值仅接受 USD cents、付款方式、收据号、时间、备注和原因；按固定比例一次性写入 CAT CREDIT。","M9-US-02","api_backend","3-5","paidCurrency 永远 USD；rateCatPerUsd 永远 10；creditedCatSubunits=paidAmountUsdCents；L2+且近期验证。","事务、去重、非负余额、审计和金额边界测试通过。","M9 设计§3;§5","createAdminTopUp","yes","wallet","不连接支付渠道、不自动充值、不接受其他币种。","CAT-01;CAT-02","IN_PROGRESS","P0","API:m9-topup","AT-WLT-011;AT-WLT-012;AT-WLT-013;AT-CAT-004"
"M9-US-05","USER_STORY","M9","EP-M9","Discord 常驻入口与角色补偿","新人在始终可见频道通过两个中文按钮完成注册或申请。","Bot 保证唯一常驻消息，调用统一 API，私密反馈，并重试玩家、申请中陪玩和已批准陪玩角色任务。","M9-US-03","bot_platform","3-5","消息可重建不重复；角色失败不回滚账户事实；启动对账最终收敛。","Sapphire Piece、渲染、交互、角色失败恢复和真实 Guild UAT 通过。","M9 设计§4;§6","none","yes","discord","角色只用于产品可见性，不作为员工授权事实。","ONB-01;ROL-02","IN_PROGRESS","P0","BOT:m9-onboarding","AT-ONB-003;AT-ONB-004"
"M9-US-06","USER_STORY","M9","EP-M9","Dashboard 充值与陪玩审核","有权限员工可在后台查看账户、登记充值并审批陪玩。","增加 USD 充值表单、固定换算预览、待审陪玩批准/拒绝及备注原因。","M9-US-03;M9-US-04","dashboard_api","3-5","充值展示 USD 证据与 CAT 结果；批准切换 Discord 角色；拒绝保留只追加审核历史。","Dashboard、API、权限、step-up 和审计测试通过。","M9 设计§5-7","approvePlayer;rejectPlayer;createAdminTopUp","yes","dashboard","不允许员工直接改余额或删除流水。","CAT-02;ONB-02","IN_PROGRESS","P0","DASH:m9-operations","AT-WLT-012;AT-ONB-005"
"M9-US-07","USER_STORY","M9","EP-M9","Provider 退役与 Railway 发布门禁","运行环境只依赖内部 CAT 账本并可在 Railway 安全部署。","删除 Provider/Sandbox funding 入口与环境变量，保留迁移、SPA、健康检查和生产启动校验。","M9-US-04;M9-US-06","release_security","3-4","生产不要求 Funding Adapter；部署手册不含 provision；完整构建和回归通过。","退役扫描、生产环境校验、Railway 合同和发布门禁通过。","M9 设计§8-10","none","yes","release","外部结算结果参考字段不属于资金 Provider。","OPS-01;CAT-01","IN_PROGRESS","P0","GATE:m9","AT-CAT-005;AT-ONB-006"
"M9-US-08","USER_STORY","M9","EP-M9","统一业务标签库与受控选择","运营预定义游戏、陪玩服务种类、地区、语言和礼物分类，所有新业务对象从启用标签中选择。","新增只停用不硬删的标签库 API/Dashboard；服务项目、陪玩批准和礼物版本提交稳定标签 ID并由 API 重验类型及启用状态。","M9-US-06","dashboard_api_data","5-8","标签代码不可改；停用保留历史引用；新建服务/陪玩/礼物拒绝自由文本、错误类型和停用标签；标签维护要求 catalog.manage 但不要求 MFA step-up。","迁移、API、Dashboard、权限、选择器、历史兼容和浏览器 E2E 通过。","M9 现行补充：统一业务标签库","listBusinessTags;createBusinessTag;updateBusinessTag","yes","catalog_taxonomy","不做任意层级分类树、动态表单、硬删除或历史回写。","TAG-01;CAT-03","IN_PROGRESS","P0","DASH:m9-business-tags","AT-TAG-001;AT-TAG-002;AT-TAG-003;AT-TAG-004"
"M9-US-09","USER_STORY","M9","EP-M9","Discord 客户常驻下单入口","客户无需记忆命令即可从公共入口开始找陪玩，订单频道被客服误删后也不会卡死。","复用玩家入口频道唯一常驻消息，增加开始找陪玩按钮并接通私密频道与统一订单 API；重复点击校验既有频道，缺失时原子恢复频道映射和订单面板。","M9-US-03;M9-US-05;M9-US-08","bot_api","3-5","入口消息可恢复不重复；客户无管理频道权限，客服可管理；缺失频道恢复不改变订单状态或资金；创建失败可追踪；Bot 不保存业务规则。","Bot 单测、订单 API 恢复测试、类型检查、订单回归和真实 Guild UAT 通过。","M9 现行补充：客户常驻下单入口","createOrder;recoverOrderChannel","yes","discord_order_entry","不新增第二套订单规则，不因频道删除绕过取消预览或公开客户余额。","ONB-01;ORD-03","IN_PROGRESS","P0","BOT:m9-order-entry","AT-ONB-003"
"M9-US-10","USER_STORY","M9","EP-M9","陪玩项目分成覆盖","运营可设置项目默认分成，并为每位陪玩配置项目级比例或固定收益。","服务目录使用默认分成比例；Dashboard 以可见列表展示全部项目规则、即时缓存窗口草稿并在二次确认后单条保存；接单时固化最终收益快照。","M9-US-08;M9-US-09","api_dashboard_data","5-8","个人规则二选一且优先；固定金额按计费单位；收益不超过客户价；历史订单不追溯。","合同、迁移、API、Dashboard、接单并发和收益快照测试通过。","M9 现行补充：陪玩项目分成","listPlayerCompensation;upsertPlayerCompensation","yes","player_compensation","不做阶梯分成、追溯重算或客户端计价。","CAT-03;EAR-01","IN_PROGRESS","P0","DASH:m9-player-compensation","AT-COMP-001;AT-COMP-002"
"M9-US-11","USER_STORY","M9","EP-M9","服务与礼物目录归档删除","运营可从后台删除不再销售的服务或礼物且不破坏历史事实。","列表操作区提供删除入口；统一 API 将目录实体归档并退役活动版本，不执行物理删除。","M9-US-08","api_dashboard_data","3-4","归档项目从客户与后台默认目录隐藏；历史订单、礼物请求、版本和金额快照保持可读；操作有原因和审计。","API、数据库、Dashboard、历史回归和全量门禁通过。","M9 现行补充：目录归档删除","updateServiceCatalogVersion;updateGiftCatalogItem","yes","catalog_archive","禁止 DELETE 路由、级联删除和历史回写。","CAT-03;AUD-02","IN_PROGRESS","P0","DASH:m9-catalog-archive","AT-ARC-001;AT-ARC-002"
"M9-US-12","USER_STORY","M9","EP-M9","订单频道 transcript 事件","订单频道删除后仍可按 ticket number 追查完整对话事件。","Bot 实时采集 messageCreate、messageUpdate、messageDelete，通过统一 API 追加不可变事件；API 从 Guild 与频道反查订单和 ticket。","M9-US-09","bot_api_data","4-6","Bot 不直连数据库或自报订单；事件幂等、只追加并按 ticket 索引；非订单频道安全忽略；重启不影响已保存记录。","合同、迁移、API、Bot intents/listeners、append-only 和回归测试通过。","M9 现行补充：订单 transcript","appendOrderChannelMessageEvent","yes","discord_transcript","不保存 ephemeral 消息；本 Story 不提前删除尚未封存的频道。","ORD-03;AUD-02","IN_PROGRESS","P0","BOT:m9-transcript","AT-TRN-001;AT-TRN-002"
"M9-US-13","USER_STORY","M9","EP-M9","订单提交后手动开始候选池","客户提交订单后可手动创建无截止时间的候选池，允许所有符合基础资格的陪玩报名，直到客户终止。","订单提交事务保持原 FundReservation；客户点击开始后通过统一 API 创建无时限候选池，刷新订单通过只读 API 恢复未开池入口或当前活动轮次。","M2-US-02;M5-US-02;M9-US-09","api_worker","3-5","报名仅要求 ACTIVE、同 Guild 与需求标签匹配；ONLINE、AVAILABLE、BUSY 或已有活跃订单不阻止报名；报名不创建参与明细、不占活动订单槽位、不重复预留。","提交、手动创建、刷新恢复、长期不自动关闭、幂等、全量回归和真实 Guild UAT 通过。","M11-US-05 取代旧等待时长与自动抢单语义","submitOrder;getCurrentOrderSelectionPool;createOrderSelectionPool","yes","selection_pool_start","不创建截止 Job、自动扩圈或重开，不重复创建资金预留，不由 Bot 实现匹配规则。","ORD-03;FUND-02","IN_PROGRESS","P0","BOT:manual-selection-start","AT-DSP-011;AT-DSP-012;AT-SEL-001;AT-SEL-007"
"M9-US-14","USER_STORY","M9","EP-M9","客户候选池选择","客户从完整报名池中自主选择需要的陪玩，不再提供优先名单独占首轮。","旧优先名单与自动回退语义退役；API 只返回客户可见的报名候选，最终选择时原子复核全部人选。","M9-US-13","api_bot_dispatch","3-5","不按报名先后排序或自动选人；客户可提前关闭池；任一人最终不再可选时整批零写入。","候选读取、权限、提前关闭、原子终选与真实 Guild UAT 通过。","M11 取代旧优先派单语义","listOrderSelectionApplications;finalizeOrderSelectionPool","yes","customer_selection","不公开内部排名或失效原因，不绕过服务端最终校验。","ORD-03","IN_PROGRESS","P0","BOT:m11-customer-selection","AT-DSP-013;AT-DSP-014;AT-SEL-004"
"M9-US-15","USER_STORY","M9","EP-M9","候选池手动控制","客户可以手动开始并终止候选池招募。","auto_dispatch_enabled、等待分钟数、自然截止与人工重试轮次退役；统一 API 创建无截止时间的新池，并只允许订单所有者按版本终止当前池。","M9-US-13","api_worker_dashboard","3-5","时间流逝不得关闭；终止只结束报名，不取消订单或释放原预留；零报名时由客户选择重新招募或取消。","手动开始/终止、旧截止任务失效、零报名分支、权限、幂等与真实 UAT 通过。","M11-US-05 取代旧时间窗口与派单模式","createOrderSelectionPool;closeOrderSelectionPool","yes","selection_pool_control","不定时收口、自动重开、自动取消或重复资金预留。","ORD-03;AUD-02","IN_PROGRESS","P0","BOT:m11-selection-control","AT-DSP-015;AT-DSP-016;AT-SEL-001;AT-SEL-005;AT-SEL-007"
"M9-US-16","USER_STORY","M9","EP-M9","客服旁观选秀","客服在客户开始选秀时收到任务通知，并可进入同一语音频道协助。","旧客服定向派单入口退役；Worker 在候选池进入 SELECTION 时幂等创建客服通知，L1-L4 配置 Role 可查看、连接和管理语音频道。","M9-US-15","api_dashboard_security","3-5","客服不能代替客户自动选人；通知包含订单与语音链接；重试不重复；业务权限仍由 API Actor Context 判定。","权限、通知、语音访问、幂等与真实 Guild UAT 通过。","M11 取代旧客服定向派单语义","closeOrderSelectionPool","yes","staff_selection_observer","不向客服暴露资金或扩大业务 API 权限。","ORD-03;AUD-02","IN_PROGRESS","P0","JOB:m11-staff-selection-notice","AT-DSP-017;AT-DSP-018;AT-SEL-003"
"M9-US-17","USER_STORY","M9","EP-M9","选秀语音房与权限收敛","客户、全部报名陪玩和客服在选秀阶段获得同一语音入口，选拔结束后切换到正式服务房并移除未入选者权限。","候选池进入 SELECTION 时 Worker 幂等创建或恢复不限人数的私密语音频道；终选后另建仅客户、入选陪玩与客服可见的 Service 房，先移动客户再移动入选陪玩，撤销未入选者覆盖权限并在旧房清空后删除。","M9-US-13;M9-US-16","worker_discord","4-6","选秀阶段仅客户、全部有效报名者及配置的 L1-L4 Role 可见可连接；user_limit 为 0；Service 房仅正式参与者与客服可见；未入选者只看到本人结果；权限重试最终收敛。","Worker/Discord REST、Gateway 清理、权限位、数据库投影、Outbox 重试及真实 Guild UAT 通过。","M11 取代旧接单后协调语义","closeOrderSelectionPool;finalizeOrderSelectionPool","yes","selection_voice_coordination","不授予 Discord Role 业务 API 权限，不公开排名、内部理由或订单资金。","ORD-03;AUD-02","IN_PROGRESS","P0","JOB:m11-selection-voice","AT-DSP-019;AT-DSP-020;AT-SEL-003;AT-SEL-006"
"M9-US-18","USER_STORY","M9","EP-M9","订单面板投影一致性","订单事实变化后客户、陪玩和客服看到同一最新状态与有效操作。","所有改变订单状态、版本、自动化状态或陪玩归属的生产事务同步写入幂等 PANEL_SYNC Outbox；Worker 以数据库事实覆盖原消息，并以 Components V2 原生字段更新现有 V2 面板。","M2-US-04;M2-US-05;M2-US-06;M5-US-02","api_worker_discord","4-6","提交、取消、readiness、超时、客服结案、自动化控制和转派与 PANEL_SYNC 原子提交；重复 Job 收敛；不得在 Components V2 消息中混入 legacy content/embed；待派面板显示已到位/总席位并保留刷新、取消和客服入口；所有已到位陪玩获得频道权限。","事务源码门禁、订单/Worker/Bot 回归、重启恢复与真实 Guild 面板核对通过。","M9 现行补充：订单投影一致性","updateOrder;submitOrder;cancelOrder;setOrderReadiness;confirmOrder;resolveOrder;reassignOrder","yes","order_projection_consistency","不由 Worker 重算业务事实；频道删除仍须等待 transcript 封存事实，不能用延迟冒充封存成功。","ORD-03;AUD-02","IN_PROGRESS","P0","JOB:order-panel-consistency","AT-PRJ-001;AT-PRJ-002"
"M9-US-19","USER_STORY","M9","EP-M9","终态订单频道封存与僵尸清理","订单完成或取消后自动清理相关私密文字与语音频道，同时保留可追查 transcript。","COMPLETED、CANCELLED 事务原子写入幂等 CHANNEL_ARCHIVE；Worker 到期后分页回填 Discord 仍可见的全部文字消息，成功后删除选秀语音、服务语音和订单文字频道，并周期扫描历史漏单。","M9-US-12;M9-US-18;M5-US-02","api_worker_discord_data","4-6","保留期只允许 0–60 分钟，默认 60，0 表示立即；非终态拒绝清理；回填失败时不得删除任何频道；删除顺序为语音后文字；404 与重试幂等；终态扫描不重复任务。","合同、事务 Outbox、分页回填、删除门禁、重试、启动/周期扫描及真实 Guild UAT 通过。","M9 现行补充：终态频道清理","confirmOrder;cancelOrder;resolveOrder","yes","terminal_channel_cleanup","只保存附件元数据和 Discord URL，不新增附件二进制存储；不删除订单、事件、资金、审计或 transcript 数据。","ORD-03;AUD-02","IN_PROGRESS","P0","JOB:terminal-channel-cleanup","AT-TRN-003;AT-TRN-004"
"EP-M10","EPIC","M10","EP-M10","多陪玩订单与多接收人礼物","一个订单可承载不限数量的陪玩并按人计价、就绪、分成和送礼。","建立订单陪玩明细、服务端派生总价、全陪玩就绪、逐人收益和多接收人礼物事务。","EP-M9","product_tech_lead","18-30 (aggregate; do not sum with children)","人数无业务上限；总价为有效明细价格之和；捕获前可改；捕获后锁定。","合同、迁移、API、Dashboard、Bot、结算、礼物与外部 UAT 一致。","M10 补充合同","addAdminOrderParticipant;updateAdminOrderParticipant;createOrderGiftRequest;setOrderReadiness;confirmOrder","yes","multi_player_orders","不允许客户端直接写总价、任意礼物接收人或已捕获订单。","ORD-04;FUND-06;EAR-02","PLANNED","P0","SPEC:m10-multi-player-orders","AT-MULTI-001;AT-MULTI-005"
"M10-US-01","USER_STORY","M10","EP-M10","多陪玩合同与 RED 基线","产品、开发与验收共享一致的多陪玩资金和生命周期语义。","同步主规格、backlog、OpenAPI、Prisma 合同、交互映射、验收与 TODO。","none","product_architecture","3-5","不限人数、每位陪玩独立服务目录版本与项目快照、逐人价格、派生总价、全陪玩就绪、捕获前可改和多接收人礼物已冻结。","合同 RED/GREEN、镜像一致和追踪关系通过；不声称运行时已实现。","M10 补充合同","addAdminOrderParticipant;updateAdminOrderParticipant;createOrderGiftRequest","yes","contracts","不实现运行时源码或迁移。","ORD-04;FUND-06;EAR-02","IN_PROGRESS","P0","CONTRACT:m10","AT-MULTI-001;AT-MULTI-002;AT-MULTI-003;AT-MULTI-004;AT-MULTI-005"
"M10-US-02","USER_STORY","M10","EP-M10","多陪玩数据与只追加事实","订单可持久化多位且项目不同的陪玩并不破坏历史资金与收益。","新增 OrderParticipant、参与事件、逐人服务目录版本、项目/readiness/价格/分成快照，并将 PlayerEarning 改为每明细一条。","M10-US-01","data_backend","5-8","同订单同陪玩只有一条有效明细；每条独立固化项目事实；不硬删；捕获后拒绝改项目、改价或移除。","Prisma、完整迁移、约束和数据库回归通过。","M10 补充合同","none","yes","multi_player_data","不物理删除参与或收益事实。","ORD-04;EAR-02;AUD-02","IN_PROGRESS","P0","DB:m10-order-participants","AT-MULTI-001;AT-MULTI-004"
"M10-US-03","USER_STORY","M10","EP-M10","客服多陪玩管理与逐人计价","L1/L2 客服可按对象范围增删、单席位改派陪玩并编辑每人的独立项目、数量、价格、订单备注与席位备注。","实现候选搜索、参与明细与备注恢复 API 及 Dashboard；API 固化逐人项目快照、个人或项目默认分成并派生总价；REASSIGN 保留指定席位项目与客户价格并重算新陪玩分成；备注更正只更新当前投影并追加事件、审计和 PANEL_SYNC。","M10-US-02;M9-US-10","api_dashboard_security","6-9","沿用原权限：L1 限本人已认领任务，L2+ 限 Guild，不要求进入招募；无总价写入字段；改派只影响 path participantId、重置其就绪且不改变其他陪玩和等额预留；终态或已捕获订单拒绝恢复写入；九人且项目不同的订单可分页操作。","API、权限、并发、Dashboard、备注恢复、单席位改派、Discord 面板同步与审计测试通过。","M10 补充合同","listAdminOrderParticipants;addAdminOrderParticipant;updateAdminOrderParticipant;updateAdminOrderNote;updateAdminOrderRequirementNote","yes","multi_player_admin","不让 Dashboard 计算总价或最终分成，不做整单陪玩批量替换；清除备注只清空当前投影，不删除历史。","ORD-04;RBAC-01;FUND-06","PLANNED","P0","DASH:m10-order-participants","AT-MULTI-001;AT-MULTI-002;AT-MULTI-010;AT-MULTI-015"
"M10-US-04","USER_STORY","M10","EP-M10","预留重平衡、全陪玩就绪与逐人收益","订单在捕获前可安全调整，结账时每位陪玩获得自己的收益。","按价格差额原子增加或释放预留；取消客户 readiness；所有有效陪玩就绪才可开始或捕获；捕获生成逐人收益。","M10-US-03","api_domain_wallet","7-11","余额不足零写入；服务中新增不倒退状态但未就绪不可捕获；捕获后锁定。","钱包并发、状态机、Bot、收益与结算回归通过。","M10 补充合同","setOrderReadiness;confirmOrder","yes","multi_player_lifecycle","不恢复客户就绪，不由客户端计算预留差额。","FUND-06;READY-02;EAR-02","PLANNED","P0","DOMAIN:m10-lifecycle","AT-MULTI-002;AT-MULTI-003;AT-MULTI-004"
"M10-US-05","USER_STORY","M10","EP-M10","多接收人礼物事务","客户可一次向订单内多位陪玩赠送同一礼物。","Bot 分页多选订单明细；API 推导接收人，按单价乘去重人数原子预留并为每人生成独立礼物事实。","M10-US-02;M3-US-01","api_bot_wallet","5-8","participantIds 至少一个且无业务上限；任一无效、余额不足或版本冲突时零写入。","API、并发、Bot 分页、审批、捕获与播报回归通过。","M10 补充合同","createOrderGiftRequest","yes","multi_recipient_gifts","不允许 receiverId 输入或部分成功。","GIFT-02;FUND-06","PLANNED","P0","BOT:m10-gift-recipients","AT-MULTI-005"
"M10-US-06","USER_STORY","M10","EP-M10","多陪玩回归与外部 UAT","九人等极端订单在 Dashboard、Discord、资金和结算全链路可复核。","执行九人增删改价、全员就绪、差额预留、逐人收益、多人礼物和捕获后锁定 UAT。","M10-US-04;M10-US-05","qa_release","3-5","自动化与真实 Guild/Dashboard 证据一致；无重复扣款、部分礼物或漏发收益。","全量回归、迁移、镜像、九人 E2E 和外部签署通过。","M10 补充合同","none","yes","multi_player_release","没有外部证据不声称发布完成。","ORD-04;FUND-06;EAR-02;GIFT-02","PLANNED","P0","GATE:m10","AT-MULTI-001;AT-MULTI-002;AT-MULTI-003;AT-MULTI-004;AT-MULTI-005"
"M10-US-07","USER_STORY","M10","EP-M10","客户多项目需求编排与候选池选拔","客户可在 Discord 同一订单中逐条添加项目、时长和所需人数，并从按需求报名的候选池中选择陪玩。","OrderRequirement 与实际陪玩分离；Bot 提供可恢复的添加、编辑、移除和分页清单；提交按服务端派生报价预留；陪玩按 requirementId 报名，客户终选时原子生成关联参与明细。","M10-US-02;M9-US-13;M9-US-14","api_bot_dispatch_data","8-13","需求与人分离；至少一条有效需求；无业务数量上限；报名不生成参与者或占用槽位；部分席位选满后保留已选人员，仅为缺失席位继续开池；全部名额填满才 ACCEPTED。","合同、迁移、API、终选并发、Bot 恢复、九项目分页与真实 Guild UAT 通过。","M11 更新派单语义","listOrderRequirements;addOrderRequirement;updateOrderRequirement;createOrderSelectionPool;applyToOrderSelectionPool;finalizeOrderSelectionPool","yes","multi_project_order_composer","不由 Bot 计价、不把报名者当已分配陪玩、不允许未填满订单开始服务。","ORD-04;FUND-06;DISP-01","PLANNED","P0","BOT:m10-multi-project-composer","AT-MULTI-006;AT-MULTI-007;AT-SEL-004;AT-SEL-005"
"M10-US-08","USER_STORY","M10","EP-M10","套餐模板与可编辑陪玩席位","客户可从菜单选择预设套餐快速生成陪玩阵容，并单独修改其中任意席位。","新增版本化 ServicePackageVersion 与独立 ServicePackageSlot；API 按席位目录单价乘计费单位数派生套餐总价，并预览及原子展开为逐席位 OrderRequirement；任一改单切换 CUSTOMIZED 并由服务端重报价；Discord 提供套餐与自由搭配入口；Dashboard 由 L3+ 原子创建、发布和退役不可变套餐版本，套餐总价仅实时只读显示。","M10-US-07","api_bot_dashboard_catalog_data","8-13","套餐不是第二订单模型；每槽一条需求且 requestedPlayerCount=1；默认/自定义状态可追溯；客户端不提交套餐或订单价格；展开失败零写入；套餐历史版本不删除。","合同、迁移、API 原子性、运营端版本管理、只读派生套餐价及改单报价、Bot 重启恢复与真实 Guild/Dashboard UAT 通过。","M10 补充合同","listServicePackages;previewServicePackage;applyServicePackage;updateOrderRequirement;listAdminServicePackages;createAdminServicePackageVersion;updateAdminServicePackageVersionStatus","yes","service_package_composer","不在 Bot 硬编码套餐、不合并无法单改的人数、不允许客户端决定套餐折扣或总价、不原地改写历史套餐。","ORD-04;FUND-06;AUD-02","PLANNED","P0","BOT:m10-service-packages;DASHBOARD:m10-service-packages","AT-MULTI-008;AT-MULTI-009;AT-MULTI-014"
"M10-US-09","USER_STORY","M10","EP-M10","按游戏点菜式下单与单游戏套餐约束","客户先选游戏后只看到可用套餐和单点项目，可填写整单需求备注，并可安全编辑套餐或新增需求席位。","为稳定套餐固化服务端派生的单游戏归属；套餐列表支持 game 过滤；Discord 按游戏进入 Components V2 菜单并用版本化单字段 Modal 保存整单需求备注；套餐换项仅限同游戏；任何定制清零套餐调价并按目录重算。","M10-US-08","api_bot_dashboard_catalog_data","5-8","套餐全部席位同游戏；跨游戏创建或换项零写入；单点新增的是需求席位而非指定陪玩；菜单备注保存后返回原游戏且陈旧版本不覆盖；客户端不计算价格或过滤真相。","合同、迁移、API 过滤和约束、Dashboard 单游戏套餐编辑、Bot 恢复及真实 Guild UAT 通过。","M10 补充合同","listServices;listServicePackages;previewServicePackage;applyServicePackage;addOrderRequirement;updateOrderRequirement;updateOrder","yes","game_scoped_ordering","不提前指定实际陪玩、不允许混合游戏套餐、不保留定制后的套餐优惠、不在 Bot 复制业务规则。","ORD-04;FUND-06;AUD-02","PLANNED","P0","CONTRACT:m10-game-scoped-ordering;BOT:m10-game-menu","AT-MULTI-011;AT-MULTI-012;AT-MULTI-013"
"EP-M11","EPIC","M11","EP-M11","候选池选秀式派单","陪玩先报名进入候选池，客户在语音选秀后原子确认一个或多个正式陪玩。","客户手动开始和终止无时限招募、报名名单 mention 实时投影、多人多单报名、无限时选秀、客服通知、候选语音权限、部分席位保留和最终原子选人。","EP-M10","product_tech_lead","18-28 (aggregate; do not sum with children)","报名不等于接单；不以 ONLINE/AVAILABLE 为门禁；未选人员权限最终收敛；原预留不重复创建。","M11 合同、数据/API、Bot/Worker、并发回归和真实 Guild UAT 全部通过。","M11 补充合同","createOrderSelectionPool;applyToOrderSelectionPool;withdrawOrderSelectionApplication;closeOrderSelectionPool;listOrderSelectionApplications;finalizeOrderSelectionPool","yes","selection_pool_dispatch","不做定时收口、自动选人、候选排名、选秀超时或并行正式服务订单。","SEL-01;SEL-02;FUND-06;READY-02","IN_PROGRESS","P0","FLOW:selection-pool-dispatch","AT-SEL-001;AT-SEL-002;AT-SEL-003;AT-SEL-004;AT-SEL-005;AT-SEL-006;AT-SEL-007"
"M11-US-01","USER_STORY","M11","EP-M11","候选池派单合同与 RED 基线","产品、开发、客服和验收共享一致的报名、选秀、权限及最终选人语义。","同步主规格、backlog、OpenAPI、Prisma、交互映射、验收、TODO 和镜像，并明确取代 first-success-wins 与 ONLINE/AVAILABLE 门禁。","none","product_architecture","3-5","历史版本冻结了可配置时间窗口；其时间控制语义现由 M11-US-05 取代；选秀不限时；报名可跨多单且不占活动槽；零人由客户选择；部分入选保留；未入选权限撤销。","合同 RED/GREEN、镜像、YAML、CSV、Prisma 目标合同和追踪关系通过；不声称运行时完成。","M11 补充合同","createOrderSelectionPool;applyToOrderSelectionPool;withdrawOrderSelectionApplication;closeOrderSelectionPool;listOrderSelectionApplications;finalizeOrderSelectionPool","yes","contracts","不在合同 Story 中实现运行时或迁移。","SEL-01;SEL-02;AUD-02","DONE","P0","CONTRACT:m11-selection-pool","AT-SEL-001;AT-SEL-002;AT-SEL-003;AT-SEL-004;AT-SEL-005;AT-SEL-006"
"M11-US-02","USER_STORY","M11","EP-M11","候选池数据与原子选择 API","客户可安全创建/关闭候选池，陪玩可报名/撤回，客户可原子确认多名正式陪玩。","新增 SelectionPool、SelectionApplication 与只追加事件；实现版本化 API、资格重验、需求容量、活动槽占用、跨池失效和参与人/分成快照。","M11-US-01;M10-US-02","api_data_domain","7-11","报名不写参与人或资金；最终选择任一失效整次回滚；部分席位保留；全部席位填满才 ACCEPTED；并发客户只有一次成功。","迁移、API、PostgreSQL 并发、幂等、资金不变、跨池失效和恢复测试通过。","M11 补充合同","createOrderSelectionPool;applyToOrderSelectionPool;withdrawOrderSelectionApplication;closeOrderSelectionPool;listOrderSelectionApplications;finalizeOrderSelectionPool","yes","selection_pool_api","不按 Discord presence 或手动 availability 判定，不自动选择或取消。","SEL-01;SEL-02;FUND-06","DONE","P0","DB:selection-pools;API:selection-pools","AT-SEL-001;AT-SEL-002;AT-SEL-004;AT-SEL-005"
"M11-US-03","USER_STORY","M11","EP-M11","Discord 选秀面板、语音与客服通知","客户和所有本轮报名者在选秀语音沟通，客服及时获知并可加入，终选后切换至正式服务房且权限准确收敛。","Bot 将接单改为报名/撤回，客户手动开始或终止无时限招募并分页选择；Worker 幂等创建无人数限制选秀房、通知客服，终选后另建 Service 房并按客户优先顺序移动正式参与者；Bot 在旧选秀房清空后删除频道。","M11-US-02;M9-US-18;M11-US-05","bot_worker_discord","6-10","候选名单仅客户/客服可完整查看；选秀开始通知客服频道；Service 房仅客户、入选陪玩和客服可见；未选者可见结果但无评分排名；Discord 失败重试并建任务。","Bot 组件、Worker REST、Gateway 清理、Outbox 恢复、权限收敛、重启与真实 Guild 多候选 UAT 通过。","M11 补充合同","createOrderSelectionPool;applyToOrderSelectionPool;withdrawOrderSelectionApplication;closeOrderSelectionPool;listOrderSelectionApplications;finalizeOrderSelectionPool","yes","selection_pool_discord","不把 Discord Role 当 API 授权，不给候选订单参与者权限。","SEL-02;AUD-02;OPS-01","IN_PROGRESS","P0","BOT:m11-selection-pool;JOB:selection-voice-sync","AT-SEL-003;AT-SEL-006;AT-SEL-007"
"M11-US-04","USER_STORY","M11","EP-M11","候选池派单回归与外部验收","真实客户、多个陪玩和客服可复核完整选秀闭环且资金、权限和恢复无偏差。","执行手动开始/终止、长期招募不自动收口、实时 mention 名单、零报名、多单报名、并发选人、部分席位续池、权限移除、客服通知、重启恢复和取消释放 UAT。","M11-US-03;M11-US-05","qa_release","4-6","自动化与真实 Guild 事实一致；无定时收口、重复预留、重复参与人、落选权限残留或 ONLINE/AVAILABLE 门禁。","全量回归、空库迁移、真实 Guild/Dashboard UAT、恢复演练和产品/客服签署通过。","M11 补充合同","none","yes","selection_pool_release","没有外部证据不声称发布完成。","SEL-01;SEL-02;FUND-06;AUD-02","PLANNED","P0","GATE:m11","AT-SEL-001;AT-SEL-002;AT-SEL-003;AT-SEL-004;AT-SEL-005;AT-SEL-006;AT-SEL-007"
"M11-US-05","USER_STORY","M11","EP-M11","无时限手动招募与实时报名名单","客户无需设置等待时间即可开始招募，并可在订单面板实时看到每位报名陪玩的 Discord mention，直到自己手动终止。","同步现行合同并移除新轮次 waitMinutes/deadline/自然关闭语义；开始与重新招募改为按钮；仅订单所有者可按池版本终止招募；报名/撤回触发同一订单 Embed 原位更新当前有效报名者 mention，禁用 mention 通知解析；旧定时关闭任务安全失效。","M11-US-02;M11-US-03","product_api_bot_worker","5-8","新池 waitMinutes/closesAt 为空且不创建 SELECTION_POOL_CLOSE；时间流逝不改变 COLLECTING；关闭 API 不接受客户端 reason 并由服务端记录 CUSTOMER_STOPPED；名单不只显示人数且报名/撤回后实时更新；订单和原 FundReservation 不变。","合同、迁移、API/Bot/Worker 单元与 PostgreSQL 回归、空库迁移和真实 Guild 报名/撤回/手动终止 UAT 通过。","M11 补充合同","createOrderSelectionPool;closeOrderSelectionPool;applyToOrderSelectionPool;withdrawOrderSelectionApplication;getOrder","yes","selection_pool_manual_control","不删除历史 waitMinutes/closesAt 或旧 close reason；不允许 Bot/Worker 自动终止，不触发 @ 通知。","SEL-01;SEL-02;FUND-06;AUD-02","IN_PROGRESS","P0","API:manual-selection-recruitment;BOT:selection-applicant-mentions","AT-SEL-001;AT-SEL-002;AT-SEL-005;AT-SEL-007"
"M11-US-06","USER_STORY","M11","EP-M11","数字 Reaction 报名与撤回","陪玩在一张公开招募卡上通过数字 Reaction 直觉地报名对应项目，并通过移除 Reaction 撤回。","Worker 按稳定需求顺序把单张招募卡映射到 1️⃣–9️⃣ 并持久化消息与需求绑定；Bot 将 Reaction 增删作为可信 Discord 观测交给统一 API，API 解析映射、重验资格并幂等创建、恢复或撤回报名；启动时对活动卡执行 Discord 与业务事实对账；首次发布招募时先发送黑猫主题派单图，整单取消时发送配套流单图。","M11-US-05","product_api_bot_worker_data","6-9","单卡最多九个报名项目且不得拆分、截断或写死为四个；超过九个项目时拒绝开始招募并记录可追踪错误；移除 Reaction 只撤回对应项目；数据库仍是业务事实来源；公开 Reaction 身份属于已接受的派单频道可见信息；状态图按订单幂等且终止招募不得误发流单图。","合同、迁移、API/Bot/Worker 单元与 PostgreSQL 并发回归、重启对账、图片顺序/幂等、空库迁移及真实 Guild 九项目增删 Reaction UAT 通过。","M11 补充合同","createOrderSelectionPool;observeOrderSelectionReaction;listActiveOrderSelectionReactionCards","yes","selection_reaction_signup","不拆分多张报名卡、不接受客户端提交 poolId/requirementId 映射、不把 Reaction 本身当授权事实或资金事实；图片不替代或改变原 Embed。","SEL-01;SEL-02;AUD-02;OPS-01","IN_PROGRESS","P0","API:selection-reaction-observation;BOT:selection-reactions;JOB:selection-reaction-reconcile","AT-SEL-008;AT-SEL-009"
"EP-M12","EPIC","M12","EP-M12","轻量客服打卡、首响自动认领与态度评分","小型客服团队可查看值班、转人工响应、Discord 自动认领和客户评价事实。","在现行多陪玩订单、订单级 StaffTask、可信 transcript 与 Dashboard 上交付简单打卡、4/5 分钟首响、自动认领、24 小时评分和最近 30 天汇总。","M4-US-02;M9-US-12;M11-US-03","product_tech_lead","10-15 (aggregate; do not sum with children)","StaffTask 保持订单级；打卡不改变权限；任何等级 ACTIVE 员工真实首响可自动认领；已有负责人不覆盖；评分失败不阻塞完单；系统不自动处罚。","四个 M12 Story 的合同、实现、回归和真实 Discord/Dashboard UAT 一致。","主规格 M12 补充","getMySupportShift;clockInSupportShift;clockOutSupportShift;getSupportSummary;createOrderSupportRating;appendOrderChannelMessageEvent","yes","support_operations","不做客服名单、排班、工资、交接、积分、申诉、自动停岗、CSV、可配置 SLA 或参与人级客服任务。","SUP-10","IN_PROGRESS","P0","FLOW:m12-minimal-support","AT-SUP-010;AT-SUP-011;AT-SUP-012;AT-SUP-013"
"M12-US-01","USER_STORY","M12","EP-M12","客服运营合同与 RED 基线","产品、客服、开发共享与现行多陪玩订单一致的极简客服运营语义。","同步主规格、backlog、OpenAPI、Prisma 目标合同、交互映射、验收、TODO 和发布镜像，并建立合同测试。","M4-US-02;M9-US-12;M11-US-03","product_architecture","2-3","固定 4 分钟提醒、5 分钟超时、L1-L4 ACTIVE 首响自动认领、24 小时评分和五个低分原因；明确订单级 StaffTask 与无处罚工作流。","合同测试、镜像一致、追踪与证据通过；不声称运行时已实现。","主规格 M12 补充","getMySupportShift;clockInSupportShift;clockOutSupportShift;getSupportSummary;createOrderSupportRating;appendOrderChannelMessageEvent","yes","contracts","不写运行时代码或迁移。","SUP-10","DONE","P0","CONTRACT:m12","AT-SUP-010;AT-SUP-011;AT-SUP-012;AT-SUP-013"
"M12-US-02","USER_STORY","M12","EP-M12","客服打卡与简单汇总","L1/L2 客服可记录上班和下班，主管查看最近 30 天事实。","实现单活动班次、重复请求幂等、带未结任务下班提示以及按客服聚合的班次、订单级任务、超时和评分摘要。","M12-US-01","api_dashboard_data","3-4","打卡只记录不限制认领；L3/L4 不打卡；存在本人 CLAIMED 任务时拒绝下班；无 CSV。","迁移、API、并发、Guild 隔离、Dashboard 和汇总测试通过。","主规格 M12 补充","getMySupportShift;clockInSupportShift;clockOutSupportShift;getSupportSummary","yes","support_attendance","不做客服名单、补签、排班、休息、工资、加班或导出。","SUP-10","DONE","P0","DASH:m12-support-shift","AT-SUP-010;AT-SUP-013"
"M12-US-03","USER_STORY","M12","EP-M12","订单频道首响、超时与自动认领","客户等待得到提醒和可追溯首响，客服在 Discord 真实回复即可接手订单任务。","为需对客订单级 StaffTask 建立 4/5 分钟时限，使用可信 Discord transcript 识别首条员工消息，并在无负责人时原子认领最早 OPEN 任务。","M12-US-01;M9-US-12","api_worker_bot_data","4-6","任何等级 ACTIVE 员工可触发且不要求打卡；已有 CLAIMED/PENDING_APPROVAL 负责人不覆盖；并发按订单串行；Bot/空消息/编辑不算；5 分钟超时只记录。","迁移、Worker 边界、transcript 投影、自动认领并发、审计、延迟消息和真实 Guild UAT 通过。","主规格 M12 补充","appendOrderChannelMessageEvent","yes","support_first_response","不做参与人级任务、自动归责、积分、处罚、申诉或实时 Dashboard 推送。","SUP-10;AUD-02","IN_PROGRESS","P0","BOT:m12-support-response","AT-SUP-011"
"M12-US-04","USER_STORY","M12","EP-M12","完单后客服体验评分与发布验收","客户可评价实际客服体验且评价流程不影响现行多陪玩资金闭环。","订单完成并存在真实首响后显示 24 小时一次评分；接入 Discord、Dashboard 汇总和真实 Guild/Railway UAT。","M12-US-02;M12-US-03;M10-US-04","api_bot_dashboard_qa","4-6","评分失败不回滚完单、资金捕获或逐人收益；1-2 分原因受控且 OTHER 必填文字；一单一次且不可编辑。","评分幂等、隐私、资金解耦、Bot/Dashboard、全量回归和真实 Guild/Railway UAT 通过。","主规格 M12 补充","createOrderSupportRating;confirmOrder","yes","support_rating_release","不做自动处罚、评分申诉、评分编辑、标签配置或客户公开榜单。","SUP-10;FUND-06","IN_PROGRESS","P0","GATE:m12-support","AT-SUP-012"
"EP-M13","EPIC","M13","EP-M13","业务集合稳定排序与可复用双视图","运营可按任务选择全局顺序，并在卡片和高密度表格之间切换而不丢失查询上下文。","为订单、用户、陪玩、服务目录、服务套餐、礼物目录与礼物请求建立服务端稳定排序、绑定查询的游标、共用工具栏、卡片/表格双视图、URL 状态和响应式列表。","M4-US-03;M10-US-08","product_tech_lead","16-25 (aggregate; do not sum with children)","七页均至少有默认排序和三种业务排序；CARD/TABLE 的对象、详情与动作一致；跨页稳定；Guild、scope、脱敏和权限不回归。","四个 M13 Story 的合同、API、Dashboard、回归和真实员工 UAT 全部通过。","主规格 M13 补充","listAdminOrders;listAdminUsers;listAdminPlayers;listServiceCatalogVersions;listAdminServicePackages;listAdminGiftCatalogItems;listAdminGiftRequests","yes","dashboard_collections","不做多列排序、拖拽/隐藏列、保存多套个人视图、批量操作、导出、无限滚动或由客户端计算业务优先级。","LST-01;ACCESS-02","PLANNED","P0","FLOW:m13-collection-browsing","AT-LST-001;AT-LST-002;AT-LST-003;AT-LST-004;AT-LST-005;AT-LST-006;AT-LST-007;AT-LST-008"
"M13-US-01","USER_STORY","M13","EP-M13","排序与双视图合同及 RED 基线","产品、开发和 QA 对七类集合共享一致的默认顺序、游标和视图行为。","冻结 sortBy/sortDirection、资源白名单、默认方向、NULLS LAST、唯一 ID tie-breaker、CARD/TABLE、窄屏列表、URL 状态及筛选排序分页联动；同步全部合同与镜像。","M4-US-03;M10-US-08","product_architecture","2-3","七个 operationId 均声明本资源排序白名单；禁止浏览器仅重排当前页、原始 SQL 字段透传和状态字母排序；合同可机械验证。","RED/GREEN 合同测试、CSV/YAML、追踪、镜像和证据通过；不声称排序 API 或双视图运行时已实现。","主规格 M13 补充","listAdminOrders;listAdminUsers;listAdminPlayers;listServiceCatalogVersions;listAdminServicePackages;listAdminGiftCatalogItems;listAdminGiftRequests","yes","contracts","不写运行时 API、SQL、索引、React 组件或迁移。","LST-01;ACCESS-02","DONE","P0","CONTRACT:m13","AT-LST-001;AT-LST-002;AT-LST-003;AT-LST-004;AT-LST-005;AT-LST-006;AT-LST-007;AT-LST-008"
"M13-US-02","USER_STORY","M13","EP-M13","七类列表 API 稳定排序与游标","运营翻页前后始终遵循所选全局顺序，不因当前页重排而漏项或重复处理。","七个列表端点接入统一白名单排序解析器、稳定 keyset 查询、NULLS LAST、唯一 ID tie-breaker、查询绑定 HMAC 游标与必要索引。","M13-US-01","api_data","5-8","升降序、相同键、空值、首尾页和篡改游标通过；排序或筛选变化后旧游标返回 400；Guild/scope 先于排序分页生效；SQL 不拼接原始字段。","API、数据库、查询计划、并发插入、游标签名、权限和跨 Guild 测试通过。","主规格 M13 补充","listAdminOrders;listAdminUsers;listAdminPlayers;listServiceCatalogVersions;listAdminServicePackages;listAdminGiftCatalogItems;listAdminGiftRequests","yes","collection_api","不加载全表到客户端、不承诺快照隔离之外的历史冻结视图。","LST-01;ACCESS-02","PLANNED","P0","API:m13-stable-sort","AT-LST-001;AT-LST-002;AT-LST-003;AT-LST-008"
"M13-US-03","USER_STORY","M13","EP-M13","可复用集合工具栏与卡片表格接入","运营在七个页面用相同方式排序和切换视图，无需重新学习且不丢详情与操作。","实现共用集合配置、工具栏、查询状态、卡片网格、显式列表格、窄屏行式列表和 URL query；七页接入同一 items、详情与 action capability。","M13-US-02","frontend_dashboard","6-9","切换视图不请求 API；改变排序只请求第一页且旧响应不覆盖新结果；两视图对象、字段、详情与动作一致；显式列白名单；非法 URL 安全回退。","组件、路由、请求竞态、响应式、键盘、Dashboard build 和七页 E2E 通过。","主规格 M13 补充","listAdminOrders;listAdminUsers;listAdminPlayers;listServiceCatalogVersions;listAdminServicePackages;listAdminGiftCatalogItems;listAdminGiftRequests","yes","collection_dashboard","不建立七套组件、不以动态字段收集生成表头、不扩大列表敏感字段。","LST-01;ACCESS-02","PLANNED","P0","DASH:m13-dual-view","AT-LST-004;AT-LST-005;AT-LST-006;AT-LST-007;AT-LST-008"
"M13-US-04","USER_STORY","M13","EP-M13","跨页一致性、可访问性与发布验收","产品、运营和 QA 可在真实数据与不同屏幕下确认排序、视图、权限和操作一致。","覆盖七页排序矩阵、游标、URL 恢复、请求竞态、视图 parity、键盘、375/768/桌面断点、L1-L4 与跨 Guild fixture，并执行真实员工 Dashboard UAT。","M13-US-03","qa_release","3-5","每页完成默认及至少三种排序、升降序、跨页、空状态、两视图、窄屏和权限验证；核心字段、详情与操作均可达。","全量回归、类型检查、生产构建、API/数据库测试、真实员工 UAT 和产品签署通过。","主规格 M13 补充","none","yes","collection_release","没有外部证据不声称发布完成。","LST-01;ACCESS-02","PLANNED","P0","GATE:m13","AT-LST-001;AT-LST-002;AT-LST-003;AT-LST-004;AT-LST-005;AT-LST-006;AT-LST-007;AT-LST-008"
"EP-M14","EPIC","M14","EP-M14","客服任务优先工作台与可行动订单上下文","客服进入 Dashboard 即可识别最急任务、理解上下文并安全采取下一步。","修正客服队列信息层级、服务端分诊摘要与安全深链、认领前预览、人性化订单上下文和可行动指标。","M4-US-02;M12-US-03;M13-US-03","product_tech_lead","18-28 (aggregate; do not sum with children)","任务首屏可见且服务端稳定排序；不盲认领；Discord 链接完整；订单主信息可读；权限和 Guild scope 不回归。","五个 M14 Story 的合同、实现、回归和真实员工 UAT 一致。","主规格 M14 补充","listStaffTasks;getStaffTask;getDashboardSummary;listAdminOrders;getAdminOrder","yes","support_workbench_ux","不做 CRM、排班、可配置 SLA、聊天归档、实时推送、批量处理或客户端业务优先级。","SUP-UX-01;ACCESS-02","IN_PROGRESS","P0","FLOW:m14-support-first-workbench","AT-SUX-001;AT-SUX-002;AT-SUX-003;AT-SUX-004;AT-SUX-005;AT-SUX-006;AT-SUX-007"
"M14-US-01","USER_STORY","M14","EP-M14","客服工作台体验合同与 RED 基线","产品、客服、开发和 QA 对问题、优先级与修复边界形成一致合同。","整理真实 L4 Dashboard 发现；冻结 queue-first、服务端分诊、安全深链、认领前最小摘要、人性化订单上下文与验收顺序；同步合同和镜像。","M4-US-02;M12-US-03;M13-US-03","product_architecture","2-3","问题可追踪到 Story 和验收；不改变 StaffTask、资金、权限、Guild scope 或固定 4/5 分钟语义。","RED/GREEN 合同测试、YAML/CSV、镜像和证据通过；不声称运行时已实现。","主规格 M14 补充","listStaffTasks;getStaffTask;getDashboardSummary;listAdminOrders;getAdminOrder","yes","contracts","不写运行时代码、迁移或新 CRM 模型。","SUP-UX-01;ACCESS-02","DONE","P0","CONTRACT:m14","AT-SUX-001;AT-SUX-002;AT-SUX-003;AT-SUX-004;AT-SUX-005;AT-SUX-006;AT-SUX-007"
"M14-US-02","USER_STORY","M14","EP-M14","安全任务分诊投影与 Discord 深链","客服认领前获得足够但最小的业务上下文，并且不会打开无效频道链接。","统一 API 为可见 StaffTask 投影公开订单号、展示名、项目、金额、原因、等待起点、下一动作与可信频道链接；服务端按超时和截止时间稳定排序。","M14-US-01","api_data","4-6","缺 Guild 或频道时链接为 null；永不返回 /channels//；摘要不扩大完整订单读取或写权限；排序跨页稳定。","API、权限、跨 Guild、字段白名单、链接边界、游标和数据库测试通过。","主规格 M14 补充","listStaffTasks;getStaffTask","yes","support_triage_api","不新增 StaffTask 粒度、CRM 数据或客户端优先级计算。","SUP-UX-01;ACCESS-02","DONE","P0","API:m14-task-triage","AT-SUX-002;AT-SUX-003;AT-SUX-004"
"M14-US-03","USER_STORY","M14","EP-M14","首屏任务队列与认领前只读上下文","客服无需滚过报表即可判断并处理最急任务。","重排客服工作台为紧凑班次状态加首屏任务队列；卡片展示服务端摘要、时间压力、负责人、下一动作和可用深链；支持认领前只读预览。","M14-US-02","frontend_dashboard","5-8","常见桌面首屏至少看到队列标题和首项；认领前可查看最小上下文；无效链接隐藏；键盘顺序与视觉优先级一致。","组件、路由、空错态、响应式、键盘、Dashboard build 和真实数据 E2E 通过。","主规格 M14 补充","listStaffTasks;getStaffTask;claimStaffTask","yes","support_queue_dashboard","不提供批量认领、拖拽排序、实时推送或浏览器拼链接。","SUP-UX-01;ACCESS-02","DONE","P0","DASH:m14-queue-first","AT-SUX-001;AT-SUX-003;AT-SUX-004"
"M14-US-04","USER_STORY","M14","EP-M14","人性化订单信息层级与可行动指标跳转","客服从订单列表、详情和概览快速理解当前情况与下一步。","订单卡片和详情优先公开编号、展示名、项目、中文状态、金额、相对/精确时间、阻塞与下一动作；技术字段折叠；待处理、超时和进行中指标进入受权筛选结果。","M14-US-03","frontend_dashboard_api","4-6","主路径不以 UUID、原始枚举或 minor units 为标题；技术事实仍可审计；指标跳转保持 Guild/scope 且不客户端汇总。","订单与概览组件、URL、权限、金额、时间、筛选和回归测试通过。","主规格 M14 补充","getDashboardSummary;listAdminOrders;getAdminOrder","yes","order_operational_context","不改变订单状态机、资金事实，不新增 BI 或导出。","SUP-UX-01;ACCESS-02","DONE","P0","DASH:m14-order-context","AT-SUX-005;AT-SUX-006"
"M14-US-05","USER_STORY","M14","EP-M14","RBAC、可访问性与真实员工 UAT 发布验收","不同等级客服在真实数据中都能安全、高效完成分诊和订单处理。","覆盖 L1-L4、已认领与未认领、超时、缺频道、375/768/桌面、键盘、读屏名称及当前业务 Guild 的真实员工任务闭环；跨 Guild 隔离由 API/数据库自动化回归证明，不要求第二个真实 Guild。","M14-US-04","qa_release","3-5","无越权预览、跨 Guild 泄露、无效链接或隐藏关键动作；任务与订单主路径可由键盘完成。","全量回归、typecheck、production build、API/数据库测试、真实员工 UAT 和产品/客服签署通过。","主规格 M14 补充","none","yes","support_workbench_release","没有外部证据不声称发布完成。","SUP-UX-01;ACCESS-02","PLANNED","P0","GATE:m14","AT-SUX-001;AT-SUX-002;AT-SUX-003;AT-SUX-004;AT-SUX-005;AT-SUX-006;AT-SUX-007"
"EP-M15","EPIC","M15","EP-M15","Dashboard 客服运营闭环","客服可在统一后台完成 Bot 配置、订单售后、客户与陪玩运营及员工账号治理。","补齐独立退款、只读订单频道记录、Bot 配置、钱包冲正、员工控制陪玩接单资格、客户展示名与员工账号管理。","M14-US-04","product_tech_lead","24-36 (aggregate; do not sum with children)","所有写入经统一 API、权限与 Guild scope；Dashboard 不发送 Discord 消息；不包含老板或陪玩个人操作。","M15 九个 Story 合同、实现、真实业务 E2E 与回归门禁一致。","主规格 M15 补充","refundOrder;listAdminOrderTranscript;getBotConfig;validateBotConfigChange;updateBotConfig;testBotConfigDelivery;createWalletAdjustment;setPlayerOperationalStatus;updateAdminCustomerProfile;listAdminStaffAccounts;approveStaffRoleElevation;updateStaffRole;revokeStaffSessions","yes","dashboard_support_parity","不实现 Dashboard Discord 回复、陪玩自助接单开关、老板或陪玩个人流程。","DOP-01;ACCESS-02","IN_PROGRESS","P0","FLOW:m15-dashboard-support-parity","AT-DOP-001;AT-DOP-002;AT-DOP-003;AT-DOP-004;AT-DOP-005;AT-DOP-006;AT-DOP-007;AT-DOP-008"
"M15-US-01","USER_STORY","M15","EP-M15","客服运营闭环合同与 RED 基线","产品、客服、开发和 QA 对剩余后台能力、权限和排除项形成一致合同。","冻结七组能力、八个验收场景、统一 API 与 Dashboard 交互；建立未实现 RED 基线并同步镜像。","M14-US-04","product_architecture","2-3","明确只读频道记录、禁止 Dashboard 发 Discord、陪玩无自助开关、写入审计与 Guild 隔离。","合同测试由 RED 转 GREEN；YAML、CSV、镜像和证据可复核；不声称运行时完成。","主规格 M15 补充","listAdminOrderTranscript;updateAdminCustomerProfile;listAdminStaffAccounts","yes","contracts","不写运行时代码、迁移或伪造外部 UAT。","DOP-01;ACCESS-02","DONE","P0","CONTRACT:m15","AT-DOP-001;AT-DOP-002;AT-DOP-003;AT-DOP-004;AT-DOP-005;AT-DOP-006;AT-DOP-007;AT-DOP-008"
"M15-US-02","USER_STORY","M15","EP-M15","订单独立退款工作流","客服可在不取消订单的情况下处理完成后或异常结案的部分退款。","订单详情提供独立退款入口、金额、原因、幂等提交与结果时间线；服务端复用 append-only 退款语义。","M15-US-01","api_frontend_dashboard","3-5","不得超过可退金额；重复提交不重复退款；不修改原账目；权限和 Guild scope 生效。","API、组件、资金、幂等、权限和真实业务 E2E 通过。","主规格 M15 补充","refundOrder","yes","order_refund","不接第三方支付渠道、不以取消订单替代退款。","DOP-01;WALLET-01","DONE","P0","DASH:m15-refund","AT-DOP-001"
"M15-US-03","USER_STORY","M15","EP-M15","订单频道记录只读查看","客服处理进行中投诉时可从订单上下文查看相关频道记录。","按订单和任务 scope 分页读取消息创建、编辑、删除、回复关系及附件元数据；Dashboard 只读展示。","M15-US-01","api_frontend_dashboard","4-6","L1 仅已分配任务、L2+ 同 Guild；不发送、编辑或删除 Discord 消息；跨 Guild 不泄露。","API、游标、权限、字段白名单、空错态和 E2E 通过。","主规格 M15 补充","listAdminOrderTranscript","yes","order_transcript","不做通用聊天归档、全文检索、Dashboard Discord 回复。","DOP-02;ACCESS-02","DONE","P0","DASH:m15-transcript","AT-DOP-002"
"M15-US-04","USER_STORY","M15","EP-M15","Bot 配置完整后台","有权限员工可在 Dashboard 查看、校验、更新并测试 Bot 业务配置。","接入既有 Bot 配置读、校验、乐观锁更新与测试投递；敏感 Role/频道字段采用更高权限和 step-up。","M15-US-01","frontend_dashboard_api","4-6","L3 可管理运营字段；安全字段仅 L4；版本冲突可恢复；不暴露密钥。","组件、权限、校验、并发、测试投递与 E2E 通过。","主规格 M15 补充","getBotConfig;validateBotConfigChange;updateBotConfig;testBotConfigDelivery","yes","bot_config_dashboard","不保存 Discord token、不绕过 Discord Select 与服务端校验。","DOP-03;ACCESS-02","DONE","P0","DASH:m15-bot-config","AT-DOP-003"
"M15-US-05","USER_STORY","M15","EP-M15","钱包 Adjustment 冲正工作流","高级客服可用追加冲正纠正错误充值、退款或人工账目。","选择原始账目、输入方向金额和原因，创建 append-only Adjustment 并刷新余额与审计。","M15-US-01","frontend_dashboard_api","3-5","客户端不写余额；原账目不修改；金额为 CAT subunits；幂等、L3 与 Guild scope 生效。","资金不变量、权限、组件和 E2E 通过。","主规格 M15 补充","createWalletAdjustment","yes","wallet_adjustment","不删除或修改账目、不连接外部支付渠道。","DOP-04;WALLET-01","DONE","P0","DASH:m15-wallet-adjustment","AT-DOP-004"
"M15-US-06","USER_STORY","M15","EP-M15","员工控制陪玩接单资格","客服可暂停或恢复陪玩进入候选池与申请订单的资格。","陪玩详情由 L3 员工设置 ACTIVE、PAUSED 或 SUSPENDED；候选池和申请 API 使用内部审核状态。","M15-US-01","api_frontend_dashboard","4-6","陪玩没有自助开关；Discord 在线状态与旧 availability 不授权；暂停后新候选排除且申请拒绝。","领域、API、权限、列表详情与业务 E2E 通过。","主规格 M15 补充","setPlayerOperationalStatus","yes","player_eligibility","不替代订单候选申请流程、不让客户端自报资格。","DOP-05;ACCESS-02","DONE","P0","DASH:m15-player-eligibility","AT-DOP-005"
"M15-US-07","USER_STORY","M15","EP-M15","客户 Profile 展示名编辑","客服可纠正客户用于业务界面的展示名，同时保留身份与资金事实。","L2+ 在客户 Profile 以 expectedVersion 和原因修改 displayName，并记录审计。","M15-US-01","api_frontend_dashboard","3-5","Discord ID、内部用户 ID、钱包、历史和只追加备注不可编辑；冲突与越权明确。","API、审计、并发、组件和 E2E 通过。","主规格 M15 补充","updateAdminCustomerProfile","yes","customer_profile_edit","不建设通用 CRM 或可编辑身份档案。","DOP-06;ACCESS-02","DONE","P0","DASH:m15-profile-edit","AT-DOP-006"
"M15-US-08","USER_STORY","M15","EP-M15","员工账号完整管理","L4 可查看同 Guild 员工并安全完成 Discord Role 对账、授权、降级和会话撤销。","员工账号分页列表展示最近 Role 同步时间、观察 Role、错误、队列与待批准级别，并接入逐员工立即对账、首次提权双人确认、角色修正/降级和撤销会话 API。","M15-US-01","api_frontend_dashboard","4-7","仅 L4 step-up；立即对账进入持久化队列；首次 L3/L4 不得自批；不能移除最后所有者；变更撤销旧会话。","API、持久化对账、状态展示、权限、双人控制、组件和 E2E 通过。","主规格 M15 补充","listAdminStaffAccounts;reconcileStaffDiscordRole;approveStaffRoleElevation;updateStaffRole;revokeStaffSessions","yes","staff_account_management","不以 Discord Role 直接授权、不跨 Guild。","DOP-07;ACCESS-02","DONE","P0","DASH:m15-staff-access","AT-DOP-007;AT-DOP-008"
"M15-US-09","USER_STORY","M15","EP-M15","真实客服业务 E2E 与发布审计","QA 可复核现实售后、配置、客户、陪玩和员工治理路径且全量回归稳定。","用几十个测试订单覆盖老板取消、服务中联系客服、完成后退款、错账冲正、陪玩暂停、配置变更、资料修正和员工权限变更。","M15-US-02;M15-US-03;M15-US-04;M15-US-05;M15-US-06;M15-US-07;M15-US-08","qa_release","4-6","headed 模式可观察点击输入；测试数据可重跑；全部动作贴合客服日常且无 Dashboard Discord 发送。","目标 E2E、全量 E2E、API/数据库、typecheck、build 与证据通过；外部 UAT 未执行则明确保留。","主规格 M15 补充","none","yes","dashboard_support_release","不把自动化等同真实员工签署、不扩大到老板或陪玩个人操作。","DOP-01;ACCESS-02","DONE","P0","GATE:m15","AT-DOP-001;AT-DOP-002;AT-DOP-003;AT-DOP-004;AT-DOP-005;AT-DOP-006;AT-DOP-007;AT-DOP-008"
"EP-M16","EPIC","M16","EP-M16","API 与 Dashboard 审查整改","员工看到一致的 CAT/USD 金额，API 失败可恢复，Dashboard 不显示旧对象或卡死。","整改 main 代码审查发现的合同漂移、幂等完成、错误 envelope、Dashboard 请求竞态、共享 DTO 与工程门禁。","M15-US-09","product_tech_lead","10-16 (aggregate; do not sum with children)","除充值付款事实外默认 CAT；陪玩结算同时展示 CAT/USD；钱包流水分页；错误、幂等和请求状态可恢复。","四个 M16 Story 的合同、实现、回归与门禁一致。","主规格 M16 补充","addStaffTaskNote;escalateStaffTask;listAdminWalletEntries","yes","review_remediation","不改变业务状态机、权限矩阵、固定换算或建立第二账本。","REV-01;REV-02;REV-03;REV-04","DONE","P0","FLOW:m16-review-remediation","AT-REV-001;AT-REV-002;AT-REV-003;AT-REV-004;AT-REV-005;AT-REV-006"
"M16-US-01","USER_STORY","M16","EP-M16","审查整改合同与 RED 基线","产品、开发和 QA 对 CAT/USD、分页及质量整改边界形成一致合同。","同步主规格、AGENTS、backlog、OpenAPI、交互映射、验收、TODO 和镜像；冻结运行时后续 Story。","M15-US-09","product_architecture","2-3","除充值付款事实外默认 CAT；陪玩结算同时展示 CAT 与 USD；钱包流水保留分页 envelope；实际生产路由完整进入 OpenAPI。","合同 RED/GREEN、镜像、CSV/YAML 与证据通过；不声称运行时完成。","主规格 M16 补充","addStaffTaskNote;escalateStaffTask;listAdminWalletEntries","yes","contracts","不写运行时代码、迁移、lint 配置或伪造外部 UAT。","REV-01;REV-02","DONE","P0","CONTRACT:m16","AT-REV-001;AT-REV-002"
"M16-US-02","USER_STORY","M16","EP-M16","统一 API 错误与幂等恢复","客户端输入错误得到标准响应，已提交写入不会因幂等完成故障重复执行。","让 targetId 校验进入统一错误 envelope 与审计；业务提交、审计和幂等完成使用可恢复终态；钱包流水返回分页对象。","M16-US-01","api_data","3-5","targetId 校验进入统一错误 envelope；幂等完成失败可恢复；同 key 不重复业务写入；分页 items/nextCursor 与 OpenAPI 一致。","API、故障注入、PostgreSQL、审计、合同和回归测试通过。","主规格 M16 补充","listAdminWalletEntries","yes","api_resilience","不降低认证、权限、CSRF、step-up 或幂等要求。","REV-02;REV-03","DONE","P0","API:m16-secure-route","AT-REV-002;AT-REV-003;AT-REV-004"
"M16-US-03","USER_STORY","M16","EP-M16","Dashboard CAT 展示与请求一致性","员工始终看到当前对象和正确币种，失败后可恢复操作。","钱包与业务金额改为 CAT；充值保留 USD 输入；陪玩结算同时展示 CAT/USD；共享 latest-request 与 query/mutation 状态。","M16-US-02","frontend_dashboard","4-6","旧请求不得覆盖新客户；请求失败必须结束 busy/loading；钱包分页可继续加载；禁止 unknown 双重断言掩盖 currency/envelope。","组件、竞态、失败恢复、币种、分页、production build 与 E2E 通过。","主规格 M16 补充","listAdminWalletEntries","yes","dashboard_consistency","不由 Dashboard 计算余额、权限、对象 scope 或可配置汇率。","REV-01;REV-04","DONE","P0","DASH:m16-request-consistency","AT-REV-001;AT-REV-002;AT-REV-005"
"M16-US-04","USER_STORY","M16","EP-M16","共享 DTO 与工程质量门禁","团队能在提交前机械发现合同路由、类型和规范漂移。","建立共享 API DTO、route-contract parity、lint 与可执行格式门禁；新增代码复用分页、错误映射和请求状态基础设施。","M16-US-03","engineering_qa","3-5","共享 API DTO 覆盖钱包与错误 envelope；生产路由缺合同时 CI 失败；lint 门禁覆盖 API/Dashboard；超长新增文件和禁用规则需显式说明。","lint、typecheck、build、route parity、全量测试和 diff check 通过。","主规格 M16 补充","none","yes","quality_gate","不在本 Story 机械重写全部历史大模块或混入无关功能重构。","REV-04","DONE","P0","GATE:m16-quality","AT-REV-006"
"EP-M17","EPIC","M17","EP-M17","Bot 审查整改","Discord Bot 在不改变业务规则的前提下具备可验证的频道副作用、真实就绪状态、统一可恢复 API 边界和可维护模块。","修复订单面板置顶与启动就绪；统一 Actor/HTTP transport；建立 Bot 质量门禁；渐进拆分 service-center 和 interaction handlers；以行为与路由可达性测试收口。","M16-US-04","bot_tech_lead","12-18 (aggregate; do not sum with children)","频道副作用、Ready、Actor、API 错误、组件路由与质量门禁均有直接自动化证据；现有业务回归不退化。","九个 M17 Story 合同、实现、Bot 专项、全仓回归、Piece discovery 与真实 Guild UAT 证据一致。","主规格 M17 补充","none","yes","bot_review_remediation","不改变订单状态机、资金语义、权限矩阵或 API 业务规则。","BOT-REV-01;BOT-REV-02;BOT-REV-03;BOT-REV-04;BOT-REV-05","IN_PROGRESS","P0","FLOW:m17-bot-review-remediation","AT-BOT-REV-001;AT-BOT-REV-002;AT-BOT-REV-003;AT-BOT-REV-004;AT-BOT-REV-005"
"M17-US-01","USER_STORY","M17","EP-M17","Bot 整改合同与 RED 基线","产品、开发和 QA 对 Bot 审查问题、优先级、顺序和不变业务边界共享一致合同。","同步主规格、backlog、交互映射、验收、TODO 和镜像；记录频道、Ready、Actor、transport、门禁、拆分与测试 RED 基线。","M16-US-04","product_architecture","1-2","九个 Story 顺序、验收 ID、独立提交和外部 UAT 边界可追踪。","合同测试、双镜像一致与证据通过；不声称运行时完成。","主规格 M17 补充","none","yes","contracts","不写 Bot 运行时、不调整 API/Dashboard 或业务合同。","BOT-REV-01;BOT-REV-05","DONE","P0","CONTRACT:m17","AT-BOT-REV-001;AT-BOT-REV-005"
"M17-US-02","USER_STORY","M17","EP-M17","私密订单频道副作用收口","客户获得权限正确、面板置顶且可恢复的订单频道。","抽取频道适配器；运行时复用权限计划；完成 send/edit/pin/rename/cleanup/recover 及直接行为测试。","M17-US-01","bot_discord","1-2","面板真实 pin；客户不可管理；Bot 与允许客服可访问；失败清理且恢复不改状态或资金。","Bot 直接行为测试、typecheck、build、AT-CHN-001/AT-ONB-003 自动化候选通过。","主规格 M17 补充","none","yes","channel_runtime","不改订单创建、恢复、权限或资金 API 语义。","BOT-REV-01","DONE","P0","BOT:m17-private-channel","AT-BOT-REV-001;AT-CHN-001;AT-ONB-003"
"M17-US-03","USER_STORY","M17","EP-M17","Bot 启动 readiness barrier","部署系统不会在 Bot 关键配置与恢复未完成时误报可服务。","建立可测试初始化协调器；配置与 onboarding 优先；API health 纳入 barrier；Role reconciliation 转有界后台任务。","M17-US-02","bot_runtime","1-2","关键初始化前 health 503；完成后 200；非关键同步阻塞不影响主交互；终止信号立即退出 Ready。","deferred/failure/restart 测试、Bot typecheck/build 和 Piece discovery 通过。","主规格 M17 补充","none","yes","runtime_readiness","不改 API/Worker 健康或 Job 业务语义。","BOT-REV-02;OPS-01","DONE","P0","BOT:m17-readiness","AT-BOT-REV-002;AT-REC-004"
"M17-US-04","USER_STORY","M17","EP-M17","Bot lint、format 与专项门禁","团队在提交前机械发现 Bot 规范退化。","将 apps/bot/src 纳入 ESLint/Prettier；新增 test:bot 与 quality:bot；格式化作为独立机械变更。","M17-US-03","engineering_qa","1-2","Bot lint 0 error、warning 不增长；全源码 format check；专项测试清单可重生。","quality:bot、typecheck、build 和全量测试通过。","主规格 M17 补充","none","yes","quality_gate","不在格式化提交中改变行为或重构模块。","BOT-REV-05","DONE","P0","GATE:m17-bot-quality","AT-BOT-REV-005"
"M17-US-05","USER_STORY","M17","EP-M17","Actor Context 与 BotApiTransport","所有 Bot API 调用使用一致、可超时、可追踪的信任与错误边界。","统一 Guild Actor builder、headers、幂等键、JSON envelope、request ID、网络/超时/非 JSON 错误与 fetch 注入；迁移现有 client。","M17-US-04","bot_platform","2-3","不构造空 Guild Actor；全部 client 共用 transport；错误语义一致且保留 request ID。","transport/client/DM 边界测试、Bot 门禁和相关回归通过。","主规格 M17 补充","none","yes","bot_transport","不改变服务端身份解析、scope、权限或业务响应。","BOT-REV-03;ACCESS-02","DONE","P0","BOT:m17-transport","AT-BOT-REV-003"
"M17-US-06","USER_STORY","M17","EP-M17","Service Center API 类型与 client 拆分","Bot API 适配层按功能清晰组织且不与 Discord 展示混合。","将 service-center 中 API DTO 与 client 按 orders/profile/gifts/selection 拆分；使用临时 re-export 保持调用端稳定。","M17-US-05","bot_refactor","1-2","API client 不构造 Discord component 或文案；旧 import 在迁移期可编译；无行为变化。","characterization、client、Bot 门禁与全量回归通过。","主规格 M17 补充","none","yes","service_center_api_split","不修改 API 路由、DTO 字段或业务合同。","BOT-REV-04","DONE","P0","BOT:m17-api-split","AT-BOT-REV-004"
"M17-US-07","USER_STORY","M17","EP-M17","Service Center 展示与路由拆分","Bot 订单、Profile、礼物与选秀展示可独立维护和验证。","按 feature 提取 messages、actions 和 custom-id routes；构建时校验 Discord 限制；renderer 不再分散读取 process.env。","M17-US-06","bot_refactor","2-3","custom ID 生成/解析成对；展示无环境全局副作用；各 feature 行为与文案回归不变。","feature 专项、Bot 门禁、build 和全量回归通过。","主规格 M17 补充","none","yes","service_center_feature_split","不为追求行数机械拆文件、不改文案或交互语义。","BOT-REV-04","DONE","P0","BOT:m17-feature-split","AT-BOT-REV-004"
"M17-US-08","USER_STORY","M17","EP-M17","Interaction Handler 瘦身与行为测试","Discord 组件始终有可达 handler，且交互回应顺序和错误恢复可靠。","按 order/profile/gift/support/selection 拆分 handler；共享 acknowledgement/error reply；建立组件—路由可达性和真实 handler 行为测试。","M17-US-07","bot_discord_qa","2-3","每个可用 custom ID 有唯一路由；API 前 acknowledgement；错误 ephemeral 且含 request ID；不依赖源码字符串证明运行时。","handler 行为、route reachability、Bot 门禁、Piece discovery 与全量回归通过。","主规格 M17 补充","none","yes","handler_refactor","不改用户可见流程、API 授权或幂等语义。","BOT-REV-04;BOT-REV-05","DONE","P0","BOT:m17-handler-split","AT-BOT-REV-004;AT-BOT-REV-005"
"M17-US-09","USER_STORY","M17","EP-M17","Bot 回归、真实 Guild UAT 与发布审计","QA 可复核 Bot 修复、重启、权限、组件和错误恢复在真实 Discord 一致。","运行 quality:bot、build、全量测试、Piece discovery；执行频道 pin/权限/恢复、重启 readiness、DM 边界、失效组件和多候选 UAT。","M17-US-08","qa_release","1-2","自动化无退化；真实 Guild 证据可复核；外部未验证项不冒充完成。","全量门禁、验收矩阵、证据、TODO 与真实 Guild 签署一致。","主规格 M17 补充","none","yes","bot_release_gate","没有外部 UAT 不声称发布完成。","BOT-REV-01;BOT-REV-02;BOT-REV-03;BOT-REV-04;BOT-REV-05","IN_PROGRESS","P0","GATE:m17","AT-BOT-REV-001;AT-BOT-REV-002;AT-BOT-REV-003;AT-BOT-REV-004;AT-BOT-REV-005"
"EP-M18","EPIC","M18","EP-M18","Discord 情绪化体验与信息层级","客户、陪玩与客服在 Discord 中获得有黑猫品牌辨识度、兼具情绪价值与扫读效率的服务体验。","统一用户可见术语、视觉密度、文案 token、Embed 层级、横幅使用、组件语义与真实 Guild UAT。","M17-US-08","bot_product_design","12-18 (aggregate; do not sum with children)","用户可见禁用术语清零；关键流程达到分层密度目标；同一事实可扫读；高频更新不刷屏；低风险可亲切、高风险保持直白。","八个 M18 Story 的合同、实现、专项测试、全量回归、原创资产与真实 Guild 多视角证据一致。","主规格 M18 补充","none","yes","discord_emotional_experience","不改变订单状态机、资金语义、权限矩阵、Actor Context 或统一 API 业务规则；不复制竞品或游戏官方素材。","EXP-01;EXP-02;EXP-03;EXP-04;EXP-05","IN_PROGRESS","P0","FLOW:m18-discord-experience","AT-EXP-001;AT-EXP-002;AT-EXP-003;AT-EXP-004;AT-EXP-005"
"M18-US-01","USER_STORY","M18","EP-M18","术语、视觉密度与 Embed 层级合同","产品、设计、开发和 QA 对试音匹配术语及 80–90% 目标体验形成一致合同。","同步主规格、backlog、交互映射、验收、TODO 和镜像；冻结密度标尺、消息构图、图片边界与后续 Story。","M17-US-08","product_design_architecture","1-2","用户可见禁止选秀；内部技术命名可保留；公共欢迎 90、里程碑 85、私密订单 70–80、短反馈 45–55、高风险 20–35；统一层级、高频原位更新和原创资产边界可追踪。","合同 RED/GREEN、镜像、CSV 与证据通过；不声称运行时体验已改造。","主规格 M18 补充","none","yes","contracts","不写 Bot 运行时代码、不改 API、数据库或业务状态。","EXP-01;EXP-02;EXP-05","DONE","P0","CONTRACT:m18","AT-EXP-001;AT-EXP-002;AT-EXP-005"
"M18-US-02","USER_STORY","M18","EP-M18","统一 Discord 视觉与文案组件","所有 Bot 功能以稳定 token 构造清晰、可维护且风格一致的消息。","建立颜色、emoji、标题、字段、分隔、页脚、老板需求、下一步与密度 preset；增加用户可见禁词门禁。","M18-US-01","bot_design_system","2-3","renderer 可复用 token；资金错误保持低密度；禁词扫描只检查用户可见表面并允许内部 Selection 技术名。","组件单元、禁词、Discord 限制、Bot 质量和回归测试通过。","主规格 M18 补充","none","yes","bot_visual_system","不在共享组件中推导业务状态、金额、权限或资格。","EXP-01;EXP-02;EXP-05","DONE","P0","BOT:m18-visual-system","AT-EXP-001;AT-EXP-002;AT-EXP-005"
"M18-US-03","USER_STORY","M18","EP-M18","欢迎入口、迎新私信与下单向导升级","新人进入服务器后能立即收到安全迎新导航、快速理解服务并顺畅开始下单。","升级公共欢迎、自动迎新私信、受权员工 /welcome 重发、服务导航、真人客服入口、四步进度、游戏/项目横幅、需求备注和最终确认排版。","M18-US-02","bot_customer_experience","2-3","新成员自动收到迎新私信；具 ManageGuild 的 L2-L4 员工以 welcome_dm.send 经可信 Actor 和专用业务 API 授权手动重发；API 只返回安全入口，不返回完整 Bot 配置；两条路径复用同一消息；私信失败不公开补发；公共入口密度约 90；向导单屏一个主任务。","迎新/向导行为、消息结构、最小权限、失败反馈、附件渲染、组件可达性和 Bot 门禁通过；L2 成功、L1 拒绝且审计完整；真实 Guild 三角色/双宽度 UAT 统一归 M18-US-08。","主规格 M18 补充","getWelcomeDmContext;createOrder;updateOrderRequirement","yes","onboarding_order_composer","迎新不自动注册账户、不在公共频道暴露目标或私信失败；不允许 /welcome 借用 bot_config.read；不增加下单步骤、不改变目录价格、预留或权限语义。","EXP-02;EXP-03","DONE","P0","BOT:m18-onboarding-ordering;OPENAPI:getWelcomeDmContext;POLICY:welcome_dm.send","AT-EXP-002;AT-EXP-003;AT-EXP-006"
"M18-US-04","USER_STORY","M18","EP-M18","订单主面板与状态层级升级","老板在一张持续更新的订单卡上看懂事实、进度和唯一下一步。","重构订单主面板、状态摘要、老板需求、金额、报名进度、按钮分组与低噪声原位刷新。","M18-US-03","bot_order_experience","2-3","订单面板密度 70–80；核心事实先于技术状态；老板备注独立；每状态一个主要动作；旧版本冲突安全刷新。","订单 renderer、状态矩阵、交互行为、原位更新和回归测试通过。","主规格 M18 补充","getOrder;updateOrderRequirement","yes","order_panel","不计算可用余额、状态迁移、可用动作或对象 scope。","EXP-02;EXP-03;EXP-05","DONE","P0","BOT:m18-order-panel","AT-EXP-002;AT-EXP-003;AT-EXP-005"
"M18-US-05","USER_STORY","M18","EP-M18","派单、报名与试音匹配体验升级","陪玩和老板通过主题横幅、数字 Reaction 与清晰报名名单完成招募和试音匹配。","升级通用/游戏派单横幅、报名卡、1–9 Reaction 说明、静默 mention、终止招募、试音房、分页确认与未匹配反馈。","M18-US-04","bot_selection_experience","3-4","用户可见无选秀；派单密度约 85；单游戏选择对应横幅；Reaction 增删语义明确；报名与名单更新不刷屏。","选择流程专项、横幅映射、禁词、幂等、重启恢复与 Bot 门禁通过；真实 Guild 三角色/双宽度 UAT 集中归 M18-US-08。","主规格 M18 补充","createOrderSelectionPool;closeOrderSelectionPool;finalizeOrderSelectionPool;observeOrderSelectionReaction","yes","dispatch_trial_matching","不改变报名资格、候选池状态、正式参与人或资金语义。","EXP-01;EXP-02;EXP-03;EXP-04","DONE","P0","BOT:m18-trial-matching","AT-EXP-001;AT-EXP-002;AT-EXP-003;AT-EXP-004"
"M18-US-06","USER_STORY","M18","EP-M18","就绪、服务与完成里程碑升级","老板与陪玩清楚知道哪位陪玩尚未就绪、何时开始服务以及完成后的结果。","升级全体有效陪玩就绪名单、服务开始、服务中求助、完成确认、逐人价格与收益预览及感谢反馈的层级和里程碑表现。","M18-US-05","bot_service_experience","2-3","客户无 readiness 动作；ACCEPTED 逐人展示 API readiness；仅 API 返回 IN_SERVICE 后显示服务开始；确认前逐人金额与分成来源可读；完成结果不与预计收益混淆。","多陪玩状态矩阵、资金展示、消息原位更新、Bot 回归通过；真实 Guild 三角色/双宽度 UAT 集中归 M18-US-08。","主规格 M18 补充","setOrderReadiness;confirmOrder","yes","service_lifecycle","不恢复客户 readiness，不由客户端推导状态、金额、捕获或收益事实。","EXP-02;EXP-03;EXP-04","DONE","P0","BOT:m18-service-lifecycle","AT-EXP-002;AT-EXP-003;AT-EXP-004"
"M18-US-07","USER_STORY","M18","EP-M18","礼物、取消、客服与错误体验升级","高情绪与高风险节点既有人情味又不损害业务确定性。","升级礼物请求/批准/拒绝、老板取消、流单、客服求助、支持评分和标准错误的文案与层级。","M18-US-06","bot_support_experience","2-3","礼物和成功可庆祝；取消、资金、权限、冲突与内部异常低密度且显示确定性、下一步和 request_id；只有 API 返回 CANCELLED 才显示取消终态并允许流单图。","礼物/取消/客服/错误专项、幂等、资金回归与 Bot 门禁通过；真实 Guild 三角色/双宽度 UAT 集中归 M18-US-08。","主规格 M18 补充","createOrderGiftRequest;approveGiftRequest;rejectGiftRequest;previewOrderCancellation;cancelOrder;createOrderSupportRating","yes","support_risk_copy","不弱化写入不确定性、不泄露内部错误、返佣或敏感信息；礼物拒绝不得渲染成功或广播。","EXP-02;EXP-04;EXP-05","DONE","P0","BOT:m18-support-errors","AT-EXP-002;AT-EXP-004;AT-EXP-005"
"M18-US-08","USER_STORY","M18","EP-M18","全量回归与真实 Guild 视觉 UAT","老板、陪玩、客服和 QA 可在真实 Discord 复核品牌感、扫读性和业务准确性。","运行 Bot/全仓门禁；桌面与手机验证欢迎、下单、派单、试音匹配、就绪、完成、礼物、取消、错误及重启恢复。","M18-US-07","qa_product_design_release","2-3","三种角色视角、两种宽度、图片裁切、按钮换行、静默 mention、Reaction 增删和消息幂等均有可复核证据。","自动化、验收矩阵、TODO、原创资产清单与具名真实 Guild UAT 一致；缺外部签署不声称发布完成。","主规格 M18 补充","none","yes","discord_visual_release","不以截图代替状态、资金、安全和幂等自动化；不伪造外部 UAT。","EXP-01;EXP-02;EXP-03;EXP-04;EXP-05","IN_PROGRESS","P0","GATE:m18","AT-EXP-001;AT-EXP-002;AT-EXP-003;AT-EXP-004;AT-EXP-005"
"EP-M19","EPIC","M19","EP-M19","跨角色状态一致性与实时刷新","客户、陪玩和客服在每次业务变化后都及时看到与其职责相关的同一最新事实。","审计订单及相关业务状态、Outbox、Discord 客户/陪玩/客服投影、客服工作台刷新、时效与可观测性。","M18-US-07","product_tech_lead","10-15 (aggregate; do not sum with children)","每个状态转换有明确消费者；客户无 readiness；客服逐人状态及时刷新；展示失败可恢复且不重复业务写入。","五个 M19 Story 合同、实现、专项测试、全量回归和真实 Guild 多角色证据一致。","主规格 M19 补充","none","yes","cross_role_state_consistency","不改变资金语义、权限矩阵、Actor Context 或由客户端推导业务状态。","STATE-01;STATE-02;STATE-03;STATE-04;STATE-05","IN_PROGRESS","P0","FLOW:m19-cross-role-state","AT-STATE-001;AT-STATE-002;AT-STATE-003;AT-STATE-004;AT-STATE-005"
"M19-US-01","USER_STORY","M19","EP-M19","跨角色状态与刷新合同","产品、开发和 QA 对每个状态的受影响角色、投影、时效和恢复方式形成一致合同。","统一 readiness 权威规则；建立订单与非订单消费者矩阵；同步主规格、backlog、交互、验收、TODO 和镜像。","M18-US-07","product_architecture","1-2","覆盖九类订单状态及客户、陪玩、客服协同卡、客服工作台；明确 Outbox 原子性、原位更新和 Dashboard 重取。","合同 RED/GREEN、镜像、CSV 与证据通过；不声称运行时已全部修复。","主规格 M19 补充","none","yes","contracts","不写运行时代码，不改变状态、资金或权限语义。","STATE-01;STATE-02","DONE","P0","CONTRACT:m19","AT-STATE-001;AT-STATE-002"
"M19-US-02","USER_STORY","M19","EP-M19","招募与试音跨角色刷新","开始招募、报名、撤回、终止和正式确认后，公开卡、客户和客服看到同一轮最新事实。","逐写路径核对并补齐 PANEL_SYNC、公开报名卡、客户名单、客服已有任务/详情与权限恢复。","M19-US-01","api_bot_worker","2-3","报名身份、项目缺口、池状态和正式阵容在所有相关消费者收敛；重试/重启不重复卡片或业务事实。","招募状态矩阵、Outbox 原子性、Discord 幂等和客服投影测试通过。","主规格 M19 补充","createOrderSelectionPool;observeOrderSelectionReaction;closeOrderSelectionPool;finalizeOrderSelectionPool","yes","recruitment_state_sync","不改变报名资格、公开身份边界、人数上限或选择原子性。","STATE-02;STATE-03","DONE","P0","FLOW:m19-recruitment","AT-STATE-001;AT-STATE-002;AT-STATE-004"
"M19-US-03","USER_STORY","M19","EP-M19","就绪、服务与完成跨角色刷新","陪玩逐个确认及服务里程碑后，老板、陪玩和客服无需猜测当前进度。","修复 ACCEPTED 客服协同卡原位更新；逐人 readiness/截止/超时投影；客服工作台参与人事实；服务开始、完成和资金结果同步。","M19-US-02","api_bot_dashboard","3-4","客户无 readiness；部分陪玩确认即更新客服卡；超时只列未确认陪玩；工作台不再展示客户未就绪。","Worker、API、Dashboard、超时文案、状态转换与重启回归通过。","主规格 M19 补充","setOrderReadiness;requestOrderCompletion;confirmOrder;getAdminOrder","yes","service_state_sync","不恢复客户 readiness，不由展示层推导开始、捕获或收益。","STATE-01;STATE-03;STATE-04","DONE","P0","FLOW:m19-service","AT-STATE-001;AT-STATE-002;AT-STATE-003;AT-STATE-004"
"M19-US-04","USER_STORY","M19","EP-M19","客服任务与高风险业务刷新","客服队列、订单详情和客户/陪玩反馈在取消、异常、礼物、退款及任务变化后及时一致。","审计任务创建/认领/首响/升级/结案、取消辅助/终态、礼物、退款与 Adjustment 的消费者和 Dashboard 查询失效。","M19-US-03","api_dashboard_bot","2-3","客服无需手动来回切页才能看到本人和全局队列变化；高风险终态与资金只显示可信 API 结果。","客服状态矩阵、竞态、权限、资金、Dashboard 重取及错误恢复测试通过。","主规格 M19 补充","claimStaffTask;createOrderStaffTask;cancelOrder;approveGiftRequest;rejectGiftRequest;refundOrder","yes","support_risk_state_sync","不弱化 L1 scope、审批、资金原子性或追加记录边界。","STATE-03;STATE-04;STATE-05","DONE","P0","FLOW:m19-support-risk","AT-STATE-002;AT-STATE-003;AT-STATE-005"
"M19-US-05","USER_STORY","M19","EP-M19","全业务回归、时效监控与真实 Guild UAT","团队可证明状态传播不仅正确，而且及时、低噪声、可恢复。","运行全仓门禁；增加消费者覆盖与收敛告警；真实 Guild 验证客户、陪玩、客服和 Dashboard 的招募、就绪、完成、取消及异常恢复。","M19-US-04","qa_sre_product","2-3","正常投影目标 5 秒内收敛；30 秒异常可告警；三角色与客服工作台状态一致；重启和消息丢失可恢复。","自动化、可观测性证据、TODO 与具名真实 Guild UAT 一致；缺外部签署不声称完成。","主规格 M19 补充","none","yes","state_consistency_release","不以截图替代事务、幂等、权限或资金测试；不伪造外部 UAT。","STATE-01;STATE-02;STATE-03;STATE-04;STATE-05","IN_PROGRESS","P0","GATE:m19","AT-STATE-001;AT-STATE-002;AT-STATE-003;AT-STATE-004;AT-STATE-005"
"EP-M20","EPIC","M20","EP-M20","Discord 动作清晰度与控件收敛","老板、陪玩与客服在每个页面都能立即理解自己能做什么，并始终找到安全退出或求助入口。","统一状态×角色动作合同、可信 availableActions、按钮词库、组件布局、分页、旧 renderer 与全量代码审查缺陷收敛。","M19-US-04","product_tech_lead","27-41 (aggregate; do not sum with children)","非终态客户订单取消入口完整；跨角色写按钮分离；一屏一个主动作；首次使用标签无歧义；Bot 审查阻断与可靠性问题闭环。","十五个 M20 Story 合同、实现、表驱动测试、全量回归与真实 Guild 证据一致。","主规格 M20 补充;Discord Bot 代码审查修复计划","none","yes","discord_action_clarity","不改变目录、金额、资金、状态机或权限语义；展示层不推导 availableActions。","ACT-01;ACT-02;ACT-03;ACT-04;BOT-REV-01;BOT-REV-02;BOT-REV-03;BOT-REV-04;BOT-REV-05","IN_PROGRESS","P0","FLOW:m20-action-clarity","AT-ACT-001;AT-ACT-002;AT-ACT-003;AT-ACT-004;AT-BOT-REV-001;AT-BOT-REV-002;AT-BOT-REV-003;AT-BOT-REV-004;AT-BOT-REV-005"
"M20-US-01","USER_STORY","M20","EP-M20","状态、角色、文案与布局合同","产品、开发和 QA 对每个状态及角色的可见动作和首次使用语言形成一致合同。","建立 Discord 动作与按钮矩阵；同步主规格、backlog、交互、验收、TODO 和镜像。","M19-US-04","product_architecture","1-2","覆盖九类订单状态、客户/陪玩/客服视图、取消边界、统一词库、一主动作和每行三按钮规则。","合同 RED/GREEN、镜像、CSV 与证据通过；不声称运行时已修复。","主规格 M20 补充","none","yes","contracts","不写运行时代码，不改变状态、资金或权限。","ACT-01;ACT-02","DONE","P0","CONTRACT:m20","AT-ACT-001;AT-ACT-002"
"M20-US-02","USER_STORY","M20","EP-M20","可信可用动作与取消能力","各端只展示统一 API 对当前 Actor 和订单确认可用的动作。","新增 availableActions 动作视图模型；补齐所有客户非终态的取消预览/申请能力和角色分离。","M20-US-01","api_domain","2-3","客户、陪玩、客服获得各自可信动作；EXCEPTION 可创建或复用取消客服任务；终态不返回取消。","OpenAPI、API 状态/权限/资金、Bot client 与表驱动合同测试通过。","主规格 M20 补充","getOrder;previewOrderCancellation;cancelOrder;createOrderStaffTask","yes","trusted_actions","不由客户端计算动作；不弱化 Actor Context、并发或资金原子性。","ACT-01;ACT-03","DONE","P0","API:m20-available-actions","AT-ACT-001;AT-ACT-003"
"M20-US-03","USER_STORY","M20","EP-M20","Discord 全流程按钮与角色视图收敛","首次使用的老板、陪玩和客服能在所有主要流程里看懂并完成下一步。","收敛四步下单、常驻订单、招募试音、生命周期、服务中心、工作台、分页和错误恢复 renderer。","M20-US-02","bot_worker","3-4","取消从下单第一步到所有非终态可达；陪玩动作移出老板卡；统一标签与布局；分页双向。","组件、路由、角色、旧版本冲突、Worker 原位更新和 Bot 质量测试通过。","主规格 M20 补充","getOrder;previewOrderCancellation;cancelOrder","yes","discord_actions","不修改业务资格、状态或资金结果；不在 Discord handler 复制 API 规则。","ACT-01;ACT-02;ACT-03;ACT-04","DONE","P0","BOT:m20-action-renderers","AT-ACT-001;AT-ACT-002;AT-ACT-003;AT-ACT-004"
"M20-US-04","USER_STORY","M20","EP-M20","旧 renderer 清理、全量回归与真实 Guild UAT","团队可证明生产界面没有遗漏按钮、死路由或跨角色误操作。","移除或隔离无生产调用的旧 renderer；运行全仓门禁；真实 Guild 覆盖老板、陪玩、客服、手机与桌面。","M20-US-03","qa_product_release","1-2","全部生产 action renderer 受统一矩阵约束；无死 custom ID；真实流程首次使用可理解。","自动化、TODO、证据与具名 UAT 一致；缺外部签署不声称发布完成。","主规格 M20 补充","none","yes","action_release","不以源码扫描或截图替代真实 handler、API 权限和资金测试。","ACT-02;ACT-04","IN_PROGRESS","P0","GATE:m20","AT-ACT-001;AT-ACT-002;AT-ACT-003;AT-ACT-004"
"M20-US-05","USER_STORY","M20","EP-M20","Discord Bot 审查修复合同与计划","产品、开发和 QA 对审查问题、修复顺序和礼物接收人语义形成一致合同。","新增详细修复计划；统一多参与人礼物合同、交互、验收、TODO 与镜像。","M20-US-04","product_architecture","1-2","九个修复 Story 顺序、验收、RED/GREEN 和提交边界明确；只允许订单内 participantIds，不接受 receiverId。","合同专项、M10/M20 合同回归、镜像和证据通过；不声称运行时代码已修复。","Discord Bot 代码审查修复计划","none","yes","contracts","不修改 API/Dashboard 运行时，不改变资金与权限语义。","GIFT-02;ACT-03;ACT-04","DONE","P0","CONTRACT:m20-bot-review","AT-MULTI-005;AT-BOT-REV-005"
"M20-US-06","USER_STORY","M20","EP-M20","礼物确认组件协议修复","客户从订单选择一个或多个有效陪玩后可确认、刷新余额或返回，且确认前零写入。","统一礼物 renderer 与 handler 的 selected participant 组件协议并补真实 handler 测试。","M20-US-05","bot","1-2","confirm/refresh/back 从真实 Discord JSON 恢复 participantIds；无收件人时明确零写入；多页选择不丢失。","礼物 handler 专项、路由可达性、资金零写入与 Bot 门禁通过。","Discord Bot 代码审查修复计划 §M20-US-06","checkGiftAffordability;createOrderGiftRequest","yes","gift_components","不接受 receiverId，不在 Bot 计算金额或资格。","GIFT-02;FUND-06","DONE","P0","BOT:m20-gift-components","AT-MULTI-005;AT-BOT-REV-004"
"M20-US-07","USER_STORY","M20","EP-M20","过期就绪动作零写入恢复","陪玩点击旧按钮时看到最新订单并重新确认，不把旧意图写到新版本。","删除 readiness CONFLICT 后的自动写重放；只回读并刷新可信 availableActions。","M20-US-06","bot","1","旧版本只调用一次写 API；冲突后 getOrder 并原位刷新；保留 request_id。","生命周期专项、角色/版本表驱动和 Bot 门禁通过。","Discord Bot 代码审查修复计划 §M20-US-07","setOrderReadiness;getOrder","yes","stale_actions","不改变 API 状态机，不由 Bot 推断权限。","ACT-03","DONE","P0","BOT:m20-stale-readiness","AT-ACT-003"
"M20-US-08","USER_STORY","M20","EP-M20","候选名单双向分页与跨页选择","客户可浏览完整报名池、跨页选择陪玩并在重启后继续。","用紧凑页路由替代原始 cursor；增加上一页、下一页与 Discord 消息携带的选择上下文。","M20-US-07","bot","2-3","custom_id 全部不超过 100；前后翻页稳定；跨页已选不丢；不依赖进程 Map。","59/500 字符游标、双向分页、跨页终选、重启恢复和路由门禁通过。","Discord Bot 代码审查修复计划 §M20-US-08","listOrderSelectionApplications;finalizeOrderSelectionPool","yes","selection_pagination","不在 Bot 排名或判断陪玩资格。","ACT-04;SEL-02","DONE","P0","BOT:m20-selection-pages","AT-ACT-004;AT-SEL-004"
"M20-US-09","USER_STORY","M20","EP-M20","可信 Discord 频道副作用恢复","Bot 只删除明确退役的业务频道，订单频道副作用失败可追踪恢复。","频道清理绑定可信投影与 Guild；订单频道重命名失败不再吞掉并支持幂等恢复。","M20-US-08","bot_worker","2","相似名称、错误分类、有人或跨 Guild 频道零删除；重命名失败带 request_id 和恢复结果。","频道副作用负例、恢复、重启与 Bot 门禁通过。","Discord Bot 代码审查修复计划 §M20-US-09","none","yes","discord_side_effects","不按名称单独授权删除，不回滚已提交业务事实。","BOT-REV-01;AUD-02","DONE","P0","BOT:m20-safe-channels","AT-BOT-REV-001;AT-CHN-003;AT-TRN-003"
"M20-US-10","USER_STORY","M20","EP-M20","Discord 交互响应与命令权限收敛","用户和管理员在慢请求或失败时仍得到及时、私密且可追踪的响应。","限制公共入口命令；所有网络交互先 ACK；统一 Modal、工作台和命令错误恢复。","M20-US-09","bot","2","普通成员不能发布常驻入口；Guild-only；API 前 defer；失败回复含 request_id。","命令注册、慢 API、Modal 409/5xx/非 JSON 和 handler 行为测试通过。","Discord Bot 代码审查修复计划 §M20-US-10","none","yes","interaction_reliability","不以 Discord 权限代替 API 最终授权。","BOT-REV-03;BOT-REV-04","DONE","P0","BOT:m20-interaction-ack","AT-BOT-REV-003;AT-BOT-REV-004"
"M20-US-11","USER_STORY","M20","EP-M20","静默 mention 与现行文案层级","Discord 更新不重复通知，首次使用者看到一致的按钮层级和现行业务词汇。","Renderer 默认禁用 mention；修复双 Primary、截止旧文案和 CAT/USD 错误文案。","M20-US-10","bot","1-2","所有 renderer parse 为空；仅显式白名单可通知；一屏一个 Primary；不出现退役截止/可用性语义。","mention 注入、Components V2/Embed、文案与布局测试通过。","Discord Bot 代码审查修复计划 §M20-US-11","none","yes","discord_privacy_copy","不改变状态、金额和业务资格。","EXP-02;ACT-02","DONE","P0","BOT:m20-mentions-copy","AT-SEL-007;AT-ACT-002"
"M20-US-12","USER_STORY","M20","EP-M20","Transcript 与 Reaction 稳定事件身份","编辑记录和报名 Reaction 在重投、partial 与重启时不丢失、不重复。","partial update fetch；稳定 transcript eventId；Reaction 与启动对账使用可复现幂等键。","M20-US-11","bot","2-3","不同编辑形成不同事实；相同重投幂等；Reaction add/remove/reconcile 可重放收敛。","partial、多次编辑、Gateway 重投、重启对账和事件负例通过。","Discord Bot 代码审查修复计划 §M20-US-12","observeOrderSelectionReaction","yes","discord_events","不把随机 UUID 当业务事件身份，不直接写数据库。","DOP-02;SEL-01;AUD-02","DONE","P0","BOT:m20-event-identity","AT-DOP-002;AT-SEL-008"
"M20-US-13","USER_STORY","M20","EP-M20","Bot 运行时边界与模块债务收口","运维和开发获得可注入、可校验、长期稳定且不误导的 Bot 结构。","统一 runtime client 注入；关键 DTO 校验；Map TTL/上限；删除退役 DTO/死代码；按 feature 收敛重复 action。","M20-US-12","bot_platform","3-5","所有 client 使用同一配置与 fetch；非法 data fail-closed；内存有界；无 availability/倒计时或假权限计划。","专项、quality:bot、全仓测试、diff check、TODO 和证据全部通过。","Discord Bot 代码审查修复计划 §M20-US-13","none","yes","bot_runtime_cleanup","不修改 API/Dashboard 业务实现，不机械拆文件。","BOT-REV-02;BOT-REV-03;BOT-REV-04;BOT-REV-05","DONE","P0","BOT:m20-runtime-cleanup","AT-BOT-REV-002;AT-BOT-REV-003;AT-BOT-REV-004;AT-BOT-REV-005"
"M20-US-14","USER_STORY","M20","EP-M20","Discord 生产文案去开发测试痕迹","老板、陪玩与管理员只看到可执行的业务语言，不被开发阶段、测试环境或内部实现术语干扰。","全量审计 Bot 用户可见文案；删除 P0、测试、占位承诺、API/服务端与内部枚举暴露；保留资金风险警告和 request_id。","M20-US-13","bot_product_copy","1-2","用户可见源码不再出现阶段性或测试文案；沙盒资金警告仍明确；配置频道预览行为不变。","文案扫描、renderer/真实 handler、Bot 全量与全仓回归通过。","用户要求 2026-08-11","none","yes","production_copy_cleanup","不删除资金非真实警告，不删除 request_id，不改变配置投递、状态、权限或金额语义。","ACT-02;EXP-05;BOT-REV-05","IN_PROGRESS","P0","BOT:m20-production-copy","AT-ACT-002;AT-BOT-REV-005"
"M20-US-15","USER_STORY","M20","EP-M20","Bot 巨型文件与复杂度收口","维护者可按领域定位 Discord 适配逻辑，新增动作不再修改巨型中央函数。","拆分 service center、API adapter、配置、selection、route codec 与 handlers；建立全目录体量和复杂度门禁。","M20-US-13","bot_platform","4-6","Bot TypeScript 单文件不超过 700 行、函数不超过 150 行、决策复杂度不超过 20；兼容导出与统一 transport 保持。","结构专项、quality:bot、全仓测试、镜像与证据通过。","用户要求 2026-08-11","none","yes","bot_module_boundaries","不修改 API/Dashboard 运行时，不改变状态、权限、金额、资金、幂等或 Discord 协议。","BOT-REV-03;BOT-REV-04;BOT-REV-05","DONE","P0","BOT:m20-module-boundaries","AT-BOT-REV-003;AT-BOT-REV-004;AT-BOT-REV-005"
"EP-M21","EPIC","M21","","低负担完单评价与五星好评播报","老板可用很少点击自愿评价订单、陪玩和客服，并在明确同意后公开五星事实。","订单整体、有效陪玩与实际客服均为可选评价对象；星级立即保存、留言可选；聚合公开五星事实。","M10-US-04;M12-US-03;M20-US-03","product_api_bot_worker","12-18","评价事实按目标追加写入且可独立表达多陪玩混合评价；公开必须明确同意且只含五星安全快照。","五个 Story 逐项通过合同、API、Discord、Outbox 与外部 UAT 门禁。","主规格 §M21","getOrderExperienceReview;createOrderExperienceRating;appendOrderExperienceReviewComment;publishOrderFiveStarReview","yes","order_reviews","礼物合同与运行时不在 M21 范围内；不把评价用于自动派单、准入、收益、权限、处罚或资金。","REVIEW-01;REVIEW-02;REVIEW-03;REVIEW-04","IN_PROGRESS","P0","CONTRACT:m21-order-reviews","AT-REVIEW-001;AT-REVIEW-002;AT-REVIEW-003;AT-REVIEW-004"
"M21-US-01","USER_STORY","M21","EP-M21","冻结完单评价与五星公开合同","产品、开发和验收使用同一套低负担评价、公开同意和隐私边界。","同步主规格、OpenAPI、Prisma、交互、验收与开发门禁；保留旧客服评价迁移边界。","M10-US-04;M12-US-03;M20-US-03","product_architecture","2-3","三类可选目标、立即保存、可选留言、明确公开同意、混合评价和敏感字段禁播均有唯一合同。","镜像、CSV、OpenAPI、Prisma 与专项合同测试通过并留存证据。","主规格 §M21","getOrderExperienceReview;createOrderExperienceRating;appendOrderExperienceReviewComment;publishOrderFiveStarReview","yes","review_contract","仅冻结合同，不实现运行时；礼物合同与运行时不在 M21 范围内。","REVIEW-01;REVIEW-02;REVIEW-03;REVIEW-04","DONE","P0","CONTRACT:m21-order-reviews","AT-REVIEW-001;AT-REVIEW-002;AT-REVIEW-003;AT-REVIEW-004"
"M21-US-02","USER_STORY","M21","EP-M21","评价事实与统一业务 API","老板可为整体订单、部分或全部陪玩及实际客服分别保存不可变星级和可选留言。","新增目标派生查询、批量同星级写入、留言追加和公开快照请求；安全迁移旧客服评价。","M21-US-01","api_database","4-6","仅订单所有者在完成后 24 小时内写入；目标由 API 派生；同目标唯一；并发、伪造目标和过期请求零写入。","迁移、API 单元与集成、并发、权限、资金不变和旧数据迁移测试通过。","主规格 §M21.1-§M21.2","getOrderExperienceReview;createOrderExperienceRating;appendOrderExperienceReviewComment;publishOrderFiveStarReview","yes","review_api","不允许任意 receiver 或 staff 标识；不修改订单、资金、收益或礼物事实。","REVIEW-01;REVIEW-02","DONE","P0","API:m21-order-reviews","AT-REVIEW-001;AT-REVIEW-004"
"M21-US-03","USER_STORY","M21","EP-M21","Discord 低点击评价中心","老板在完单卡一键进入私密评价中心，最快一次点击完成整体评价。","渲染整体、陪玩和客服目标；支持多目标同星级、逐目标不同星级和可选留言；状态来自 API。","M21-US-02","bot","3-4","星级点击成功即保存；退出不丢分；低分不增加原因或其他前置步骤；分页与陈旧交互安全恢复。","组件、路由、真实 handler、重启恢复、低点击 UAT 与 Bot 回归通过。","主规格 §M21.3","getOrderExperienceReview;createOrderExperienceRating;appendOrderExperienceReviewComment","yes","review_discord","不在 Bot 内保存最终评价规则或进程内会话事实。","REVIEW-02;REVIEW-03","DONE","P0","BOT:m21-order-reviews","AT-REVIEW-002;AT-REVIEW-004"
"M21-US-04","USER_STORY","M21","EP-M21","明确同意的五星好评聚合播报","老板确认公开后，好评频道只收到本单五星对象的一张安全展示卡。","创建不可变公开快照并由 Outbox 幂等投递；混合评价只展示五星对象。","M21-US-02;M21-US-03","api_worker_bot","2-3","无明确同意零公开；不公开一至四星、留言、未评价或非五星对象、客户身份、金额和内部字段；重试不重复。","隐私负例、Outbox 重试、缺失消息恢复、跨 Guild 与真实 Discord UAT 通过。","主规格 §M21.4","publishOrderFiveStarReview","yes","review_broadcast","不因评价自动改变派单、准入、收益、权限、处罚或资金。","REVIEW-04","DONE","P0","WORKER:m21-five-star-publication","AT-REVIEW-003;AT-REVIEW-004"
"M21-US-05","USER_STORY","M21","EP-M21","完单评价发布门禁与外部 UAT","运营可验证多陪玩混合评价在真实 Discord 中足够简短且不会泄露差评事实。","执行全链路、隐私、移动端点击、并发与恢复 UAT，复核证据和回滚方案。","M21-US-04","qa_release","1-2","一位老板可只评部分陪玩、给不同分并选择不留言；只有明确同意的五星快照公开。","自动门禁、真实 Bot UAT、外部验收、TODO 与发布证据全部完成。","主规格 §M21","none","yes","review_release","不以内部演示替代外部 Discord 验收。","REVIEW-01;REVIEW-02;REVIEW-03;REVIEW-04","IN_PROGRESS","P0","UAT:m21-order-reviews","AT-REVIEW-001;AT-REVIEW-002;AT-REVIEW-003;AT-REVIEW-004"
"EP-M22","EPIC","M22","","独立送礼入口、匿名模式与客服辅助","老板无需订单即可从专用频道随时给同 Guild 有效陪玩送礼，并可选择匿名展示。","保留订单内送礼；新增常驻入口、可信陪玩目录、独立礼物请求、匿名播报、客服辅助、隔离数据库自动化和发布门禁。","M6-US-05;M20-US-03;M21-US-04","product_api_bot_worker_qa","17-25 (aggregate; do not sum with children)","独立送礼只接受 API 派生接收人；余额不足零写入；匿名不泄露老板身份但内部事实完整；订单入口兼容。","六个 Story 按合同、迁移/API、Discord、客服辅助、非 UI 自动化和真实 Guild UAT 逐项通过。","主规格 §M22","getStandaloneGiftCenter;checkStandaloneGiftAffordability;createStandaloneGiftRequest","yes","standalone_gifts","不绕过现有预留、人工核对、金额审批、捕获、退款、返佣或 Outbox 语义；自动化不代替真实 Discord UAT。","GIFT2-01;GIFT2-02;GIFT2-03;GIFT2-04;GIFT2-05","IN_PROGRESS","P0","CONTRACT:m22-standalone-gifts;PLAN:m22-gift-non-ui-automation","AT-GIFT2-001;AT-GIFT2-002;AT-GIFT2-003;AT-GIFT2-004;AT-GIFT2-005"
"M22-US-01","USER_STORY","M22","EP-M22","冻结独立送礼与匿名合同","产品、开发和 QA 使用同一套双来源、可信接收人、余额续接与匿名边界。","同步主规格、Backlog、API/Data planned contract、Bot 配置、交互、验收和开发护栏；冻结客服代办的未决资金授权边界。","M6-US-05;M20-US-03","product_architecture","2-3","订单内送礼继续保留；独立请求只选一位同 Guild ACTIVE 陪玩；匿名仅改变对外 sender 展示；余额不足零写入。","专项合同 RED/GREEN、镜像、CSV、Prisma 和 OpenAPI planned contract 一致并留存证据。","主规格 §M22","getStandaloneGiftCenter;checkStandaloneGiftAffordability;createStandaloneGiftRequest","yes","gift_contract","仅冻结合同，不声明运行时完成；客服不得在授权未冻结前代老板预留余额。","GIFT2-01;GIFT2-02;GIFT2-03;GIFT2-04","DONE","P0","CONTRACT:m22-standalone-gifts","AT-GIFT2-001;AT-GIFT2-002;AT-GIFT2-003;AT-GIFT2-004"
"M22-US-02","USER_STORY","M22","EP-M22","独立礼物事实、迁移与统一 API","老板可读取同 Guild 有效陪玩和礼物，检查余额并原子创建不依赖订单的礼物请求。","迁移 GiftRequest Guild/来源/匿名字段；实现中心、affordability 和创建 API；扩展客服任务、后台查询、捕获与播报读取。","M22-US-01","api_database","4-6","不接受 receiverId；最终事务重校验 Guild、PlayerProfile ACTIVE、目录版本、价格和余额；余额不足、伪造或并发超支零写入。","迁移、API、真实 PostgreSQL 并发、兼容订单礼物、资金和匿名投影测试通过。","主规格 §M22.1-§M22.3","getStandaloneGiftCenter;checkStandaloneGiftAffordability;createStandaloneGiftRequest","yes","gift_api","不改变订单礼物批量 participantIds 接口，不绕过人工核对或审批。","GIFT2-01;GIFT2-02;GIFT2-03","DONE","P0","API:m22-standalone-gifts","AT-GIFT2-001;AT-GIFT2-002;AT-GIFT2-003"
"M22-US-03","USER_STORY","M22","EP-M22","Discord 送礼常驻入口与匿名低点击流程","老板从专用频道置顶卡进入私密选择，不需要先找到订单。","新增 gift_entry_channel_id、持久入口投影、启动/配置恢复；实现陪玩、礼物、匿名、余额不足续接和最终确认组件。","M22-US-02","bot_api","3-4","入口单卡收敛并置顶；公开默认最短路径；匿名只增加一次可选点击；token 绑定 Actor/Guild/选择且重启安全。","组件限制、真实 Sapphire handler、启动恢复、消息丢失、Bot 回归和移动端 UAT 通过。","主规格 §M22.4","getStandaloneGiftCenter;checkStandaloneGiftAffordability;createStandaloneGiftRequest","yes","gift_discord","不在 Bot 保存余额、资格、价格或匿名最终事实，不使用进程内会话 Map。","GIFT2-01;GIFT2-02;GIFT2-04","IN_PROGRESS","P0","BOT:m22-gift-entry","AT-GIFT2-001;AT-GIFT2-002;AT-GIFT2-004"
"M22-US-04","USER_STORY","M22","EP-M22","客服辅助送礼指令与资金授权","具备专用权限的客服可依据老板本人授权消息，在本人二次验证后直接预留老板余额完成同一送礼流程。","实现 Discord 消息右键入口、同 Guild 可信客户解析、一次性 challenge、客服 TOTP、必填原因、原子预留与完整审计。","M22-US-02;M22-US-03","product_security_api_bot","4-6","采用模式 B；客服是最终确认人；客户意图绑定消息作者/频道/消息；付款人由 API 解析；客户端不能指定 senderId；错误、过期或重放零写入。","RBAC/TOTP、API/Bot、越权、资金并发、匿名与审计测试全部通过，并完成真实 Guild 客服流程 UAT。","主规格 §M22","createStaffGiftAssistChallenge;getStaffGiftAssistChallenge;checkStaffGiftAssistAffordability;createStaffAssistedGiftRequest","yes","gift_staff_assist","专用 gift.assist；L1-L4 可自助登记 MFA；十分钟/五次失败/单次消费 challenge；不复用 Dashboard session step-up。","GIFT2-05","IN_PROGRESS","P0","CONTRACT:m22-staff-gift-assist-mode-b","AT-GIFT2-005"
"M22-US-05","USER_STORY","M22","EP-M22","匿名播报、恢复与外部 UAT 收口","老板、陪玩、客服和运营可证明公开/匿名送礼都不泄露身份且不会重复扣款。","在 M22-US-06 自动门禁通过后，验证审核、批准、捕获、匿名模板、重放、删卡恢复、桌面/手机点击和订单入口兼容。","M22-US-03;M22-US-04;M22-US-06","qa_release","2-3","匿名公共卡和陪玩投影只显示匿名老板；内部对账可追踪；重试单卡单扣；三条入口共享资金状态机。","非 UI 自动门禁、真实 Guild 多角色 UAT、TODO、验收矩阵与具名签署一致。","主规格 §M22","none","yes","gift_release","不以合成探针代替老板/陪玩/客服外部验收，不公开内部 sender。","GIFT2-02;GIFT2-03;GIFT2-04;GIFT2-05","PLANNED","P0","GATE:m22-standalone-gifts","AT-GIFT2-001;AT-GIFT2-002;AT-GIFT2-003;AT-GIFT2-004;AT-GIFT2-005"
"M22-US-06","USER_STORY","M22","EP-M22","礼物非 UI 自动化与隔离测试数据","开发、QA 和发布人员可重复证明三条送礼入口共享正确的资金、权限、匿名、幂等和恢复语义。","建立每次运行自动迁移/销毁的隔离 PostgreSQL fixture；参数化覆盖订单内、独立、客服辅助、审核、捕获/释放、TOTP、并发、Outbox 和 Discord payload 隐私。","M22-US-02","qa_automation_backend","5-7","数据库只 Seed 前置条件，业务动作全部经统一 API/Worker；失败路径零业务写入；成功路径单次预留/捕获/消费/公告；匿名和 TOTP 禁止泄露。","专项先 RED 后 GREEN；隔离 PostgreSQL、API/DB、Bot adapter、Worker/隐私矩阵、三次稳定性、全仓回归、验收矩阵和证据全部通过；真实 Discord UI 仍保持待外部 UAT。","主规格 §M22","none","yes","gift_non_ui_automation","不自动点击真实 Discord，不使用用户 Token，不连接生产数据库，不以直接改表执行礼物状态迁移，不代签 Desktop/Mobile、右键菜单或 ephemeral 可见性。","GIFT2-01;GIFT2-02;GIFT2-03;GIFT2-04;GIFT2-05;GIFT-01;GIFT-02;GIFT-03;GIFT-04;FUND-03;FUND-04","DONE","P0","PLAN:m22-gift-non-ui-automation","AT-GFT-001;AT-GFT-002;AT-GFT-003;AT-GFT-004;AT-GFT-005;AT-GFT-006;AT-GFT-007;AT-GFT-008;AT-GFT-009;AT-GFT-010;AT-GFT-012;AT-GFT-013;AT-GFT-014;AT-GFT-015;AT-RES-003;AT-RES-008;AT-RES-009;AT-RES-010;AT-RES-011;AT-GIFT2-001;AT-GIFT2-002;AT-GIFT2-003;AT-GIFT2-004;AT-GIFT2-005"
"EP-M23","EPIC","M23","EP-M23","全业务非 UI 自动化与隔离门禁","开发、QA 和发布人员可重复证明礼物之外八个 P0 业务域的事务、资金、权限、隐私和恢复语义。","77 个 BNUI 场景、共用隔离 PostgreSQL Harness、fixture kernel、统一断言、机器报告和三层 CI 门禁。","M22-US-06","qa_automation_backend","36-52 (aggregate; do not sum with children)","八域场景顺序实施；失败零写入；成功断言领域、资金、审计和 Outbox；外部 UAT 状态失败关闭。","九个 M23 Story 独立提交、逐项证据、专项稳定性、全仓回归和 release 门禁一致。","P0 其他业务非 UI 自动化实施总计划","none","yes","non_ui_automation","不自动点击真实 Discord/Dashboard，不连接外部支付或生产数据库，不代签外部 UAT。","NUI-01;NUI-02;NUI-03;NUI-04;NUI-05;NUI-06;NUI-07;NUI-08","IN_PROGRESS","P0","PLAN:p0-non-ui-automation","none"
"M23-US-01","USER_STORY","M23","EP-M23","合同、覆盖盘点与共用 Harness","所有后续领域使用同一安全、可复现的 PostgreSQL 和断言基础设施。","冻结 77 场景；建立本地 Unix socket 临时 PostgreSQL、安全守卫、当前 migration、fixture、故障注入、快照、资金/审计/隐私断言和报告 schema；M22 礼物复用。","M22-US-06","qa_automation_backend","4-6","普通或远程数据库失败关闭；实例可隔离迁移销毁或显式保留失败现场；礼物兼容。","Harness RED/GREEN、连续三次、环境预检、类型检查、礼物专项和证据通过。","P0 其他业务非 UI 自动化实施总计划 §4-§5;§9 NUI-A0","none","yes","non_ui_harness","不实现任一业务域场景，不读取普通 DATABASE_URL，不吞掉 PostgreSQL 停止错误。","NUI-01","DONE","P0","evidence/P0/M23-US-01/summary.md","none"
"M23-US-02","USER_STORY","M23","EP-M23","账户、入驻与钱包非 UI 自动化","团队可重复证明账户身份、Profile 和内部 CAT 钱包关键不变量。","完成 9 个 BNUI-ACC/WLT 场景及真实 PostgreSQL 并发、审计和零写入快照。","M23-US-01","qa_api_database","4-6","可信身份、Guild、充值、退款、余额公式、幂等和 Provider 退役边界一致。","领域专项、三次稳定性、证据和精确验收映射通过。","P0 其他业务非 UI 自动化实施总计划 §6.1;§9 NUI-A1","none","yes","non_ui_account_wallet","不连接支付渠道，不保存完整凭证，不由客户端计算余额。","NUI-02","DONE","P0","evidence/P0/M23-US-02/summary.md","AT-ACC-001;AT-ACC-002;AT-ACC-003;AT-ACC-004;AT-ONB-001;AT-ONB-002;AT-ONB-006;AT-PRF-002;AT-PRF-004;AT-PRF-006;AT-PL-002;AT-WAL-001;AT-WAL-002;AT-WAL-003;AT-WAL-004;AT-WAL-005;AT-WAL-006;AT-WAL-007;AT-WAL-008;AT-WAL-009;AT-WAL-010;AT-WLT-011;AT-WLT-012;AT-WLT-013;AT-WHK-001;AT-WHK-002;AT-WHK-003;AT-CAT-004;AT-CAT-005"
"M23-US-03","USER_STORY","M23","EP-M23","目录、套餐、标签与陪玩非 UI 自动化","团队可重复证明目录版本和陪玩资格不会被错误覆盖或跨 Guild 污染。","完成 8 个 BNUI-CAT/PKG/TAG/PLY 场景。","M23-US-02","qa_api_database","4-5","版本不可变、并发发布、历史回显、准入和分成快照一致。","领域专项、三次稳定性、证据和精确验收映射通过。","P0 其他业务非 UI 自动化实施总计划 §6.2;§9 NUI-A2","none","yes","non_ui_catalog_player","不追改历史订单，不在 fixture 复制目录规则。","NUI-03","DONE","P0","evidence/P0/M23-US-03/summary.md","AT-CAT-001;AT-CAT-002;AT-ARC-001;AT-TAG-001;AT-TAG-002;AT-TAG-004;AT-MULTI-012;AT-MULTI-014;AT-ONB-005;AT-DOP-005;AT-COMP-001;AT-COMP-002"
"M23-US-04","USER_STORY","M23","EP-M23","下单、候选池与服务状态机非 UI 自动化","团队可重复证明订单从报价到完成的并发、预留、选择和逐名就绪语义。","完成 18 个 BNUI-ORD/SEL/RDY/SVC 场景，含订单与礼物跨来源资金并发。","M23-US-03","qa_api_database_worker","7-10","真实事务锁、原预留、幂等、终选活动槽、全员陪玩就绪和完成结算一致。","领域专项、三次稳定性、M22 兼容修复、证据和精确验收映射通过。","P0 其他业务非 UI 自动化实施总计划 §6.3-§6.4;§9 NUI-A3","none","yes","non_ui_order_lifecycle","不恢复自动派单或客户 readiness，不由客户端派生报价和状态。","NUI-04","DONE","P0","evidence/P0/M23-US-04/summary.md","AT-CAT-002;AT-CAT-003;AT-CHN-001;AT-CHN-003;AT-ORD-001;AT-ORD-002;AT-ORD-003;AT-ORD-004;AT-PL-001;AT-RES-001;AT-RES-003;AT-REV-004;AT-PRJ-001;AT-DSP-001;AT-DSP-002;AT-DSP-003;AT-DSP-004;AT-DSP-011;AT-DSP-012;AT-DSP-014;AT-DSP-015;AT-DSP-016;AT-DSP-019;AT-DSP-020;AT-SEL-001;AT-SEL-002;AT-SEL-003;AT-SEL-004;AT-SEL-005;AT-SEL-006;AT-SEL-007;AT-SEL-008;AT-RDY-001;AT-RDY-002;AT-RDY-003;AT-RDY-004;AT-RDY-005;AT-SVC-001;AT-SVC-002;AT-SVC-003;AT-SVC-004;AT-STATE-001;AT-MULTI-003;AT-MULTI-004;AT-MULTI-006;AT-MULTI-007;AT-MULTI-008;AT-MULTI-009;AT-MULTI-011;AT-MULTI-013"
"M23-US-05","USER_STORY","M23","EP-M23","取消、退款、改派与客服接管非 UI 自动化","团队可重复证明高风险结案和客服动作不会产生部分资金事实。","完成 12 个 BNUI-CXL/ORD/SUP/APR 场景。","M23-US-04","qa_api_database_worker","5-7","预览 token、部分结案、改派、认领、暂停恢复、审批竞态和 transcript 隐私一致。","领域专项、三次稳定性、证据和精确验收映射通过。","P0 其他业务非 UI 自动化实施总计划 §6.4-§6.5;§9 NUI-A4","none","yes","non_ui_support_cancellation","不绕过审批、权限、step-up 或追加资金记录。","NUI-05","DONE","P0","evidence/P0/M23-US-05/summary.md","AT-CXL-001;AT-CXL-002;AT-CXL-003;AT-CXL-004;AT-CAN-001;AT-CAN-002;AT-CAN-004;AT-CAN-007;AT-CAN-008;AT-CAN-003;AT-CAN-009;AT-SUP-003;AT-MULTI-010;AT-MULTI-015;AT-SUP-001;AT-SUP-002;AT-RBAC-001;AT-RBAC-002;AT-SUP-005;AT-SUP-006;AT-SUP-011;AT-SUP-010;AT-SUP-013;AT-DOP-002;AT-SUX-002;AT-SUX-003;AT-SUX-004;AT-RBAC-003;AT-RBAC-004;AT-RBAC-005;AT-RBAC-006;AT-AUD-001;AT-RBAC-011;AT-AUD-005"
"M23-US-06","USER_STORY","M23","EP-M23","消费、收益与返佣非 UI 自动化","团队可重复证明订单财务事实只追加且返佣全链路保密。","完成 9 个 BNUI-FIN/REF/HIS 场景并组合读取 M22 礼物报告。","M23-US-05","qa_api_database","4-6","消费、收益、冲正、互斥来源、整数返佣、重放和四级隐私矩阵一致。","领域专项、三次稳定性、证据和精确验收映射通过。","P0 其他业务非 UI 自动化实施总计划 §6.6;§9 NUI-A5","none","yes","non_ui_finance_referral","不复制礼物业务动作，不泄露来源用户或受益关系。","NUI-06","DONE","P0","evidence/P0/M23-US-06/summary.md","AT-EAR-001;AT-MULTI-004;AT-COMP-002;AT-REF-001;AT-EAR-002;AT-EAR-003;AT-REF-004;AT-RFP-004;AT-REF-002;AT-RFP-001;AT-RFP-002;AT-REF-003;AT-RFP-003;AT-REF-005;AT-RFP-008;AT-HIS-002;AT-RFP-005;AT-RFP-006;AT-RFP-007;AT-TML-002;AT-HIS-001;AT-TML-001"
"M23-US-07","USER_STORY","M23","EP-M23","周报与结算非 UI 自动化","团队可重复证明周报、结算和人工转账登记可重放且跨 Guild 隔离。","完成 9 个 BNUI-RPT/SET 场景。","M23-US-06","qa_api_database_worker","4-5","修订追加、高额异人复核、转账登记、替代链和导出隐私一致。","领域专项、三次稳定性、证据和精确验收映射通过。","P0 其他业务非 UI 自动化实施总计划 §6.7;§9 NUI-A6","none","yes","non_ui_settlements","不连接银行或第三方转账，不建立 USD 第二账本。","NUI-07","DONE","P0","evidence/P0/M23-US-07/summary.md","AT-RPT-001;AT-RPT-002;AT-RPT-007;AT-RPT-008;AT-RPT-006;AT-SET-001;AT-SET-002;AT-SET-003;AT-SET-004;AT-SET-005;AT-SET-010;AT-AUD-005;AT-SET-006"
"M23-US-08","USER_STORY","M23","EP-M23","治理、投影、评价与恢复非 UI 自动化","团队可重复证明权限、配置、审计、投影和恢复在失败重放后仍收敛。","完成 12 个 BNUI-AUTH/RBAC/ROL/CFG/AUD/MET/LST/STATE/REC/REVW/BOT 场景。","M23-US-07","qa_api_bot_worker","4-6","可信 Actor、累积权限、游标、Outbox、评价隐私和 fake transport 恢复一致。","领域专项、三次稳定性、quality 门禁、证据和精确验收映射通过。","P0 其他业务非 UI 自动化实施总计划 §6.8;§9 NUI-A7","none","yes","non_ui_governance","不以 Discord Role 或适配器替代 API 授权，不代签真实客户端 UAT。","NUI-08","DONE","P0","evidence/P0/M23-US-08/summary.md","AT-AUTH-001;AT-AUTH-002;AT-AUTH-003;AT-RBAC-001;AT-RBAC-002;AT-RBAC-007;AT-RBAC-008;AT-RBAC-009;AT-RBAC-010;AT-RBAC-011;AT-ROL-001;AT-ROL-002;AT-ROL-003;AT-ROL-004;AT-ROL-005;AT-CFG-001;AT-CFG-002;AT-CFG-003;AT-CFG-004;AT-CFG-005;AT-CFG-006;AT-CFG-007;AT-CFG-008;AT-CFG-009;AT-AUD-001;AT-AUD-002;AT-AUD-003;AT-AUD-004;AT-MET-001;AT-MET-002;AT-MET-003;AT-MET-004;AT-MET-005;AT-MET-006;AT-MET-007;AT-MET-008;AT-LST-001;AT-LST-002;AT-LST-003;AT-LST-008;AT-STATE-002;AT-STATE-003;AT-STATE-004;AT-STATE-005;AT-REC-003;AT-REC-004;AT-REVIEW-001;AT-REVIEW-002;AT-REVIEW-003;AT-REVIEW-004;AT-BOT-REV-003;AT-BOT-REV-004;AT-ACT-004;AT-EXP-004;AT-EXP-005"
"M23-US-09","USER_STORY","M23","EP-M23","组合门禁、CI 与证据收口","发布人员获得 PR quick、main full、release 三层可信门禁。","建立三层脚本、机器报告、十次 full 稳定性、M22/Dashboard/外部状态组合和最终验收矩阵。","M23-US-08","qa_release","3-4","77 场景全自动化；release 对缺失外部必需证据失败关闭；报告脱敏可复现。","三层门禁、全仓回归、验收矩阵、TODO、九个独立提交和完成审计全部通过。","P0 其他业务非 UI 自动化实施总计划 §10-§11;§9 NUI-A8","none","yes","non_ui_release_gate","不把自动化部分覆盖写成外部 UAT 已完成。","NUI-01;NUI-02;NUI-03;NUI-04;NUI-05;NUI-06;NUI-07;NUI-08","IN_PROGRESS","P0","evidence/P0/M23-US-09/summary.md","AT-REV-006;AT-BOT-REV-005"
